phi1,phi2,demixing
0.04599999999999996,0.8442857142857146,0.002693
0.15485714285714272,0.9488571428571423,0.002693
0.15714285714285733,0.9551428571428587,0.002693
0.32171428571428573,0.8557142857142858,0.002693
0.19114285714285723,1.2654285714285702,0.002693
0.17971428571428572,1.760285714285714,0.002693
0.2642857142857139,2.8260000000000103,0.002693
0.12314285714285751,3.3248571428571454,0.002693
0.1414285714285714,2.191714285714286,0.002693
0.06371428571428579,1.452000000000001,0.002693
0.03714285714285724,1.806857142857143,0.002693
0.09800000000000005,2.3162857142857147,0.002693
0.19457142857142878,3.33457142857143,0.002693
0.3142857142857144,4.381999999999995,0.002693
0.4474285714285716,5.843714285714289,0.002693
0.3451428571428569,8.311428571428571,0.002693
0.3951428571428569,11.629428571428583,0.002693
0.5217142857142861,13.261999999999988,0.002693
0.5774285714285706,17.181142857142877,0.002693
0.7800000000000004,19.914857142857112,0.002693
1.2342857142857153,24.081714285714312,0.002693
2.065428571428572,31.12142857142854,0.002693
3.37514285714285,40.007142857142874,0.002693
4.112857142857134,47.16142857142856,0.002693
4.425999999999992,50.33371428571439,0.002693
5.101714285714299,50.31057142857136,0.002693
5.441714285714293,48.82057142857143,0.002693
4.772857142857133,49.33257142857144,0.002693
3.6737142857142757,45.91857142857153,0.002693
3.0911428571428585,42.480571428571466,0.002693
2.5362857142857123,37.17914285714296,0.002693
1.6408571428571428,37.534285714285744,0.002693
1.7531428571428547,37.52257142857145,0.002693
1.780857142857139,37.741142857142925,0.002693
1.5605714285714305,36.15228571428569,0.002693
1.7274285714285738,39.09371428571421,0.002693
1.6388571428571412,39.53857142857154,0.002693
1.4362857142857126,32.3479999999999,0.002693
1.4128571428571448,26.56771428571431,0.002693
0.6254285714285732,19.279142857142865,0.002693
0.3479999999999993,10.522857142857127,0.002693
0.26971428571428596,4.3919999999999915,0.002693
0.08857142857142888,2.6428571428571375,0.002693
0.04828571428571445,3.2280000000000015,0.002693
0.029142857142857245,3.6551428571428577,0.002693
0.0011428571428571455,3.3017142857142847,0.002693
0.0085714285714286,3.165142857142859,0.002693
0.034285714285714385,2.5528571428571425,0.002693
0.0002857142857142875,2.11571428571429,0.002693
0.0,2.013428571428576,0.002693
0.0017142857142857146,1.7265714285714318,0.002693
0.04000000000000006,1.7628571428571416,0.002693
0.12257142857142844,1.9694285714285695,0.002693
0.019428571428571392,1.906857142857143,0.002693
0.0,2.0491428571428574,0.002693
0.014571428571428617,1.9502857142857137,0.002693
0.06914285714285719,1.5082857142857136,0.002693
0.014285714285714304,0.9968571428571442,0.002693
0.07485714285714262,0.587428571428571,0.002693
0.11171428571428603,0.5848571428571407,0.002693
0.13314285714285734,0.7277142857142852,0.002693
0.11828571428571444,1.355714285714288,0.002693
0.1405714285714289,1.9208571428571426,0.002693
0.10400000000000001,2.4582857142857155,0.002693
0.2340000000000002,2.459142857142855,0.002693
0.28742857142857137,1.9037142857142886,0.002693
0.15742857142857103,1.675428571428573,0.002693
0.1282857142857143,2.0717142857142905,0.002693
0.07799999999999994,3.0605714285714236,0.002693
0.12657142857142842,3.9020000000000037,0.002693
0.21657142857142855,4.344000000000004,0.002693
0.3854285714285719,4.746857142857139,0.002693
0.3008571428571435,5.431428571428563,0.002693
0.30828571428571444,7.377714285714272,0.002693
0.47399999999999987,10.389142857142868,0.002693
1.0531428571428552,17.371714285714283,0.002693
1.3614285714285712,21.682000000000016,0.002693
1.3968571428571428,26.86400000000004,0.002693
2.4454285714285673,35.55942857142873,0.002693
3.6751428571428537,43.95285714285704,0.002693
4.945142857142858,49.12857142857139,0.002693
5.573428571428574,52.96942857142865,0.002693
6.387142857142863,51.83142857142842,0.002693
5.895428571428562,48.45628571428576,0.002693
5.036571428571431,48.12799999999994,0.002693
3.753714285714293,45.512571428571505,0.002693
2.464857142857143,43.82485714285722,0.002693
1.7311428571428584,37.187714285714236,0.002693
1.5168571428571396,34.65914285714287,0.002693
1.5625714285714272,35.199999999999974,0.002693
1.670285714285716,35.78942857142865,0.002693
1.8834285714285708,33.37171428571409,0.002693
1.5817142857142819,37.29485714285724,0.002693
1.9034285714285775,38.81371428571423,0.002693
1.589999999999999,31.786285714285718,0.002693
1.3217142857142854,25.951714285714246,0.002693
0.6420000000000009,19.159428571428638,0.002693
0.3982857142857146,10.943142857142844,0.002693
0.1537142857142855,4.5325714285714325,0.002693
0.0757142857142857,3.0188571428571342,0.002693
0.12000000000000013,2.8045714285714323,0.002693
0.037999999999999985,3.225428571428569,0.002693
0.04228571428571431,3.796857142857143,0.002693
0.01342857142857143,2.91628571428571,0.002693
0.045142857142857234,2.665142857142859,0.002693
0.0214285714285714,2.3502857142857176,0.002693
0.017999999999999964,2.1754285714285713,0.002693
0.022571428571428492,2.4765714285714253,0.002693
0.034285714285714315,2.330571428571431,0.002693
0.01257142857142855,2.18514285714286,0.002693
0.0074285714285714155,1.981999999999997,0.002693
0.005999999999999998,1.8754285714285674,0.002693
0.007999999999999995,1.57714285714286,0.002693
0.02285714285714288,1.314857142857145,0.002693
0.0457142857142857,1.0997142857142856,0.002693
0.0874285714285715,0.6862857142857147,0.002693
0.09285714285714289,0.4142857142857138,0.002693
0.12571428571428567,0.6531428571428551,0.002693
0.17200000000000004,1.3357142857142885,0.002693
0.24285714285714255,1.930000000000002,0.002693
0.23085714285714345,1.8188571428571405,0.002693
0.335428571428572,2.263714285714281,0.002693
0.422571428571428,1.8371428571428559,0.002693
0.25200000000000056,1.8654285714285708,0.002693
0.12885714285714278,2.452857142857142,0.002693
0.2714285714285713,4.121428571428578,0.002693
0.34485714285714253,5.435142857142863,0.002693
0.30314285714285666,6.166857142857146,0.002693
0.46599999999999947,6.235142857142852,0.002693
0.4142857142857146,6.005428571428571,0.002693
0.4625714285714291,6.247714285714269,0.002693
0.5848571428571437,9.641428571428577,0.002693
0.8342857142857151,17.69514285714292,0.002693
1.628571428571429,25.834571428571444,0.002693
1.881714285714286,30.774571428571402,0.002693
2.091999999999999,36.4517142857143,0.002693
3.1465714285714275,42.50914285714283,0.002693
4.682857142857161,46.27000000000001,0.002693
4.861142857142858,46.10857142857159,0.002693
5.959142857142859,45.52314285714273,0.002693
5.573142857142858,45.87057142857145,0.002693
5.21600000000001,44.42714285714287,0.002693
4.401714285714282,45.26199999999984,0.002693
3.223714285714285,46.43971428571416,0.002693
2.0888571428571447,39.0745714285715,0.002693
1.652571428571429,35.54314285714272,0.002693
1.8811428571428574,34.87142857142857,0.002693
2.5374285714285687,37.132000000000026,0.002693
2.605142857142857,34.568857142857006,0.002693
2.421714285714287,37.93000000000007,0.002693
2.308571428571428,40.541714285714185,0.002693
1.774571428571426,35.856000000000016,0.002693
1.5008571428571413,28.06457142857144,0.002693
0.7554285714285707,18.7231428571428,0.002693
0.40428571428571414,10.303142857142843,0.002693
0.1671428571428574,5.142571428571427,0.002693
0.1171428571428571,4.067714285714289,0.002693
0.14485714285714327,3.4825714285714335,0.002693
0.09971428571428563,3.86371428571429,0.002693
0.05457142857142856,3.3657142857142888,0.002693
0.06714285714285728,2.6525714285714317,0.002693
0.07685714285714328,2.6051428571428574,0.002693
0.0982857142857143,2.592285714285714,0.002693
0.08285714285714302,2.399714285714286,0.002693
0.0877142857142859,2.458285714285718,0.002693
0.07885714285714278,2.3045714285714256,0.002693
0.11600000000000057,1.9794285714285702,0.002693
0.03599999999999996,1.4557142857142849,0.002693
0.05657142857142863,1.4379999999999993,0.002693
0.10199999999999992,1.5157142857142845,0.002693
0.04257142857142855,1.457142857142856,0.002693
0.12628571428571456,1.2534285714285687,0.002693
0.12999999999999995,1.1700000000000046,0.002693
0.09400000000000001,0.8902857142857133,0.002693
0.18171428571428558,0.9051428571428576,0.002693
0.1214285714285716,1.0171428571428571,0.002693
0.22257142857142895,1.637714285714285,0.002693
0.22628571428571423,1.6591428571428586,0.002693
0.12571428571428572,1.7834285714285703,0.002693
0.2537142857142857,2.273428571428565,0.002693
0.40542857142857136,2.6405714285714263,0.002693
0.3602857142857142,3.433714285714278,0.002693
0.40914285714285675,4.846857142857143,0.002693
0.531428571428572,5.512857142857137,0.002693
0.4808571428571429,7.044571428571436,0.002693
0.657428571428572,8.51542857142858,0.002693
0.47399999999999964,7.823714285714302,0.002693
0.47800000000000065,7.41685714285715,0.002693
0.9237142857142859,9.089142857142878,0.002693
1.1882857142857108,15.623142857142856,0.002693
1.6617142857142873,22.890285714285753,0.002693
2.202285714285711,28.44600000000002,0.002693
2.362,33.610857142857206,0.002693
2.492000000000003,37.714285714285694,0.002693
3.0105714285714367,43.92914285714272,0.002693
3.892857142857138,43.28657142857156,0.002693
4.832285714285729,41.20342857142852,0.002693
5.326285714285712,41.70799999999993,0.002693
4.192,43.58571428571425,0.002693
4.048857142857134,51.01485714285721,0.002693
3.6714285714285793,49.16371428571429,0.002693
2.45971428571429,40.638285714285736,0.002693
2.2185714285714315,38.45428571428565,0.002693
2.4194285714285666,38.437142857142845,0.002693
2.717714285714284,39.15342857142848,0.002693
3.188857142857134,38.323999999999984,0.002693
2.662571428571424,39.95285714285725,0.002693
2.5751428571428554,41.092285714285694,0.002693
1.975142857142857,37.718,0.002693
1.2697142857142834,27.56914285714287,0.002693
0.513428571428572,18.72371428571434,0.002693
0.3102857142857145,10.759142857142853,0.002693
0.06428571428571428,6.200285714285717,0.002693
0.06342857142857129,4.991142857142854,0.002693
0.017999999999999967,4.066000000000002,0.002693
0.03342857142857144,4.390285714285725,0.002693
0.07942857142857153,3.937714285714278,0.002693
0.05828571428571454,2.3997142857142864,0.002693
0.05800000000000001,1.4234285714285755,0.002693
0.1282857142857143,1.440285714285712,0.002693
0.045142857142857165,1.8742857142857159,0.002693
0.058571428571428455,1.4594285714285686,0.002693
0.1357142857142853,1.7045714285714313,0.002693
0.07371428571428593,1.9577142857142857,0.002693
0.0017142857142857168,1.717714285714287,0.002693
0.023714285714285716,1.2360000000000007,0.002693
0.0465714285714285,1.0034285714285713,0.002693
0.06914285714285723,1.106857142857141,0.002693
0.0434285714285715,1.3371428571428536,0.002693
0.08628571428571431,1.3808571428571448,0.002693
0.04685714285714283,1.1708571428571446,0.002693
0.07542857142857143,1.19,0.002693
0.1328571428571425,1.2828571428571438,0.002693
0.12485714285714275,1.6185714285714274,0.002693
0.1954285714285708,1.9565714285714262,0.002693
0.17800000000000035,1.834571428571429,0.002693
0.18514285714285708,2.09342857142857,0.002693
0.3311428571428571,2.6028571428571423,0.002693
0.37800000000000034,3.4331428571428604,0.002693
0.2385714285714288,4.153428571428569,0.002693
0.17542857142857157,4.537428571428571,0.002693
0.7354285714285722,6.702285714285701,0.002693
0.7402857142857147,8.511142857142843,0.002693
0.43571428571428544,8.636285714285709,0.002693
0.8088571428571433,10.511428571428574,0.002693
1.3691428571428554,11.302285714285722,0.002693
1.3688571428571417,14.649428571428555,0.002693
1.4079999999999977,19.193714285714293,0.002693
1.5237142857142922,23.49999999999995,0.002693
1.9605714285714302,30.16314285714282,0.002693
2.654571428571429,36.00399999999993,0.002693
2.992857142857141,42.465142857142915,0.002693
3.2182857142857118,42.53742857142857,0.002693
4.049428571428583,41.59371428571443,0.002693
4.974285714285715,43.447714285714184,0.002693
4.774571428571429,46.969142857142906,0.002693
4.716285714285707,50.37914285714288,0.002693
3.7448571428571404,49.21857142857139,0.002693
2.9060000000000064,42.56342857142843,0.002693
2.350857142857143,43.03857142857138,0.002693
2.161142857142862,43.900571428571375,0.002693
2.518571428571438,40.39285714285718,0.002693
3.236857142857145,41.66914285714277,0.002693
2.956857142857145,41.67514285714285,0.002693
2.2625714285714253,41.28000000000005,0.002693
1.8502857142857159,38.00285714285733,0.002693
1.3660000000000019,29.107142857142875,0.002693
0.6737142857142866,18.46428571428571,0.002693
0.14600000000000005,10.640285714285724,0.002693
0.049142857142857176,6.23971428571428,0.002693
0.058285714285714475,4.66057142857144,0.002693
0.048000000000000015,4.026857142857147,0.002693
0.028000000000000018,2.840857142857139,0.002693
0.021714285714285783,2.5374285714285656,0.002693
0.03771428571428577,2.4617142857142866,0.002693
0.029428571428571488,1.8914285714285728,0.002693
0.07000000000000008,1.3097142857142854,0.002693
0.15428571428571436,1.4948571428571396,0.002693
0.05314285714285718,1.0894285714285705,0.002693
0.053714285714285825,1.8385714285714274,0.002693
0.01685714285714286,2.4331428571428613,0.002693
0.005714285714285737,1.9045714285714277,0.002693
0.004000000000000004,1.5011428571428596,0.002693
0.011142857142857156,1.1365714285714277,0.002693
0.07085714285714304,1.1051428571428552,0.002693
0.07142857142857159,1.1788571428571433,0.002693
0.12142857142857152,1.0791428571428547,0.002693
0.0734285714285714,1.1754285714285713,0.002693
0.15114285714285738,1.2585714285714242,0.002693
0.21628571428571408,1.4931428571428558,0.002693
0.23028571428571462,1.6322857142857154,0.002693
0.22885714285714298,2.16428571428572,0.002693
0.10571428571428601,2.7611428571428553,0.002693
0.18371428571428577,2.0805714285714263,0.002693
0.17314285714285685,1.965142857142862,0.002693
0.2248571428571428,1.866285714285714,0.002693
0.18285714285714333,2.3237142857142867,0.002693
0.18371428571428586,3.265714285714286,0.002693
0.5554285714285714,5.752571428571441,0.002693
0.7454285714285711,7.270571428571449,0.002693
0.32485714285714284,8.93514285714287,0.002693
0.3862857142857145,12.56257142857142,0.002693
1.006285714285713,14.30714285714287,0.002693
1.2517142857142864,16.694285714285687,0.002693
1.2211428571428562,19.789714285714282,0.002693
1.2462857142857144,23.183142857142833,0.002693
1.362571428571426,29.80914285714288,0.002693
2.9122857142857175,37.228857142857166,0.002693
3.7974285714285654,43.27685714285725,0.002693
3.6491428571428566,43.211142857142924,0.002693
3.3482857142857165,44.099142857142915,0.002693
5.01057142857144,45.76371428571439,0.002693
5.073142857142859,49.54171428571418,0.002693
4.1611428571428695,47.657714285714235,0.002693
3.7945714285714245,44.1845714285714,0.002693
3.107714285714287,40.08542857142862,0.002693
2.228571428571427,41.109428571428495,0.002693
1.89142857142857,42.20400000000002,0.002693
1.765142857142855,40.389142857142865,0.002693
2.078857142857148,40.18457142857137,0.002693
2.1877142857142826,41.42742857142854,0.002693
1.7974285714285712,42.16028571428569,0.002693
1.7811428571428605,38.38228571428562,0.002693
1.5654285714285672,29.789428571428605,0.002693
0.7325714285714295,18.907428571428575,0.002693
0.25942857142857245,9.917142857142856,0.002693
0.1908571428571428,5.066571428571425,0.002693
0.07942857142857153,3.8488571428571308,0.002693
0.039999999999999945,3.6388571428571344,0.002693
0.027714285714285726,2.7902857142857114,0.002693
0.030571428571428652,2.0885714285714267,0.002693
0.0682857142857143,2.4797142857142895,0.002693
0.04971428571428588,2.3362857142857143,0.002693
0.037142857142857144,1.5217142857142874,0.002693
0.0562857142857143,1.6754285714285722,0.002693
0.03714285714285726,1.4831428571428549,0.002693
0.1462857142857144,1.8742857142857159,0.002693
0.09514285714285717,2.231428571428569,0.002693
0.017142857142857203,2.096285714285714,0.002693
0.005714285714285717,1.8197142857142845,0.002693
0.015428571428571434,1.9134285714285721,0.002693
0.05600000000000002,1.6371428571428557,0.002693
0.026285714285714294,0.649142857142857,0.002693
0.18342857142857172,0.6588571428571416,0.002693
0.19228571428571448,0.8157142857142822,0.002693
0.18857142857142858,0.8568571428571445,0.002693
0.14057142857142865,1.1897142857142846,0.002693
0.20342857142857151,1.4425714285714302,0.002693
0.12057142857142887,2.293428571428569,0.002693
0.14085714285714276,2.936857142857149,0.002693
0.25114285714285745,2.810571428571431,0.002693
0.1522857142857142,2.1845714285714246,0.002693
0.19599999999999992,1.780571428571431,0.002693
0.08057142857142859,3.2162857142857075,0.002693
0.23314285714285723,3.767142857142853,0.002693
0.3702857142857143,3.8994285714285746,0.002693
0.579714285714286,5.291142857142853,0.002693
0.4228571428571427,7.738285714285712,0.002693
0.5271428571428582,11.497142857142858,0.002693
1.016571428571429,14.965428571428546,0.002693
1.0374285714285716,22.39628571428579,0.002693
1.466285714285719,26.63228571428566,0.002693
2.317999999999998,32.16371428571416,0.002693
2.5208571428571465,37.55428571428569,0.002693
3.9348571428571386,44.17057142857144,0.002693
5.6954285714285895,47.98171428571433,0.002693
4.959999999999995,49.583428571428584,0.002693
4.322285714285698,46.261428571428624,0.002693
4.409142857142858,42.817428571428636,0.002693
3.8791428571428357,44.71428571428582,0.002693
2.914571428571434,44.10228571428572,0.002693
2.5782857142857094,39.753714285714395,0.002693
2.4239999999999995,38.65657142857159,0.002693
2.226857142857143,41.00314285714284,0.002693
2.2697142857142865,44.39342857142857,0.002693
2.2071428571428675,43.52942857142849,0.002693
1.8259999999999985,38.407428571428696,0.002693
1.704285714285715,36.52314285714294,0.002693
1.406857142857143,32.79114285714281,0.002693
1.1777142857142853,24.603142857142814,0.002693
1.1802857142857157,19.811714285714313,0.002693
0.6117142857142852,14.414857142857153,0.002693
0.37714285714285667,7.916000000000014,0.002693
0.10371428571428586,4.2771428571428585,0.002693
0.08514285714285715,2.676000000000007,0.002693
0.10485714285714276,3.0594285714285725,0.002693
0.06714285714285732,3.131428571428574,0.002693
0.06342857142857126,3.3322857142857187,0.002693
0.0594285714285714,3.4837142857142838,0.002693
0.03542857142857127,2.2111428571428586,0.002693
0.0002857142857142875,2.1157142857142848,0.002693
0.0,1.8725714285714288,0.002693
0.0,1.3465714285714305,0.002693
0.020857142857142855,1.4211428571428577,0.002693
0.04057142857142863,1.3499999999999968,0.002693
0.005714285714285718,1.295999999999999,0.002693
0.03371428571428557,1.8457142857142885,0.002693
0.0602857142857144,1.828,0.002693
0.021714285714285735,1.0411428571428578,0.002693
0.013428571428571422,0.41828571428571426,0.002693
0.10057142857142855,0.4557142857142847,0.002693
0.21599999999999936,0.644285714285716,0.002693
0.2628571428571431,0.7957142857142858,0.002693
0.053142857142857325,1.3185714285714303,0.002693
0.06142857142857148,1.6028571428571474,0.002693
0.12428571428571404,1.650000000000001,0.002693
0.33399999999999874,2.4294285714285757,0.002693
0.20314285714285668,2.5968571428571456,0.002693
0.07828571428571424,2.1237142857142857,0.002693
0.07857142857142849,1.7868571428571425,0.002693
0.1059999999999999,3.012571428571428,0.002693
0.15628571428571417,3.8371428571428696,0.002693
0.24285714285714255,4.245714285714279,0.002693
0.6982857142857155,4.831714285714273,0.002693
0.5999999999999989,5.736857142857148,0.002693
0.6514285714285732,7.755142857142856,0.002693
0.9965714285714281,11.982857142857162,0.002693
1.194285714285716,20.414571428571428,0.002693
1.6837142857142864,26.22257142857143,0.002693
1.7937142857142823,32.4057142857143,0.002693
2.1111428571428505,38.930857142857135,0.002693
3.9240000000000075,44.849142857142816,0.002693
4.962857142857159,48.50057142857146,0.002693
4.7525714285714304,48.839714285714294,0.002693
4.973142857142851,44.80885714285721,0.002693
4.881142857142847,41.79800000000014,0.002693
4.261714285714299,42.647142857143,0.002693
3.4548571428571417,44.25714285714282,0.002693
2.0111428571428602,42.51999999999997,0.002693
1.4731428571428564,37.92657142857135,0.002693
1.8931428571428581,36.85542857142859,0.002693
2.6974285714285657,39.855142857142795,0.002693
2.5265714285714296,40.896857142857186,0.002693
1.9397142857142828,37.135142857142796,0.002693
1.3562857142857163,36.16714285714281,0.002693
1.39942857142857,33.36028571428573,0.002693
1.6217142857142814,25.680571428571476,0.002693
0.8748571428571449,20.10228571428574,0.002693
0.4394285714285707,14.533999999999997,0.002693
0.358,8.693999999999987,0.002693
0.13000000000000006,5.468000000000008,0.002693
0.11571428571428558,3.0828571428571485,0.002693
0.172857142857143,2.3168571428571476,0.002693
0.09942857142857145,2.5460000000000025,0.002693
0.09457142857142868,3.1651428571428593,0.002693
0.018571428571428725,3.0774285714285705,0.002693
0.03857142857142864,2.513142857142861,0.002693
0.022285714285714305,1.7822857142857176,0.002693
0.0005714285714285736,1.718571428571427,0.002693
0.0,1.741142857142862,0.002693
0.007142857142857192,1.6685714285714284,0.002693
0.0342857142857143,1.5145714285714273,0.002693
0.01885714285714288,1.237428571428569,0.002693
0.0005714285714285732,1.6357142857142857,0.002693
0.0028571428571428636,1.556857142857141,0.002693
0.002857142857142859,0.8971428571428565,0.002693
0.022000000000000054,0.525428571428572,0.002693
0.09057142857142841,0.5588571428571424,0.002693
0.12114285714285732,0.5968571428571435,0.002693
0.11057142857142806,0.7820000000000012,0.002693
0.09400000000000008,1.4517142857142877,0.002693
0.06000000000000014,1.8331428571428594,0.002693
0.1262857142857147,1.4977142857142856,0.002693
0.26628571428571535,2.155714285714285,0.002693
0.22171428571428564,1.5942857142857136,0.002693
0.154571428571429,1.9422857142857126,0.002693
0.17228571428571418,1.9297142857142846,0.002693
0.17971428571428621,3.373428571428574,0.002693
0.20514285714285696,5.161428571428574,0.002693
0.46371428571428613,6.864857142857146,0.002693
0.5054285714285709,6.945142857142868,0.002693
0.3234285714285712,6.548571428571425,0.002693
0.5154285714285713,7.053428571428571,0.002693
1.0877142857142865,13.00342857142857,0.002693
1.4417142857142853,21.720857142857085,0.002693
1.9834285714285707,26.728857142857148,0.002693
1.8474285714285716,33.32857142857143,0.002693
2.4391428571428544,36.77542857142861,0.002693
3.477428571428577,43.353428571428594,0.002693
4.184857142857149,46.62285714285718,0.002693
4.074571428571426,44.36142857142862,0.002693
4.6331428571428415,40.37885714285708,0.002693
4.992571428571441,39.51942857142854,0.002693
4.53571428571429,41.83542857142853,0.002693
4.121142857142862,46.74742857142863,0.002693
3.0594285714285725,46.60828571428574,0.002693
2.360571428571433,41.43742857142853,0.002693
2.3631428571428503,37.99971428571437,0.002693
2.6542857142857144,38.426285714285626,0.002693
2.7888571428571476,38.4897142857143,0.002693
2.774857142857142,36.57657142857144,0.002693
2.0474285714285725,38.292857142857144,0.002693
1.4997142857142876,39.71457142857141,0.002693
1.650285714285713,33.69028571428569,0.002693
0.8722857142857147,25.762000000000015,0.002693
0.3922857142857144,14.979999999999972,0.002693
0.332285714285715,8.674285714285684,0.002693
0.1551428571428571,5.8517142857142845,0.002693
0.11742857142857108,3.388571428571429,0.002693
0.2251428571428575,2.835142857142858,0.002693
0.14200000000000082,2.974571428571434,0.002693
0.04742857142857147,2.8311428571428565,0.002693
0.022285714285714298,2.6900000000000017,0.002693
0.10200000000000004,2.3039999999999967,0.002693
0.12457142857142862,1.9928571428571382,0.002693
0.03857142857142857,1.8685714285714299,0.002693
0.007714285714285697,2.083428571428571,0.002693
0.008857142857142822,1.9131428571428555,0.002693
0.08200000000000018,1.7502857142857162,0.002693
0.04142857142857147,1.478857142857142,0.002693
0.03000000000000003,1.6654285714285713,0.002693
0.02542857142857143,1.9425714285714304,0.002693
0.027428571428571434,1.153999999999999,0.002693
0.05114285714285716,0.8985714285714282,0.002693
0.09371428571428582,0.6100000000000011,0.002693
0.09371428571428568,0.7097142857142845,0.002693
0.04628571428571436,0.8882857142857161,0.002693
0.08571428571428574,1.580285714285717,0.002693
0.1265714285714286,2.015428571428569,0.002693
0.1282857142857143,1.7962857142857098,0.002693
0.12057142857142865,1.862571428571434,0.002693
0.19228571428571428,2.2617142857142922,0.002693
0.21171428571428572,2.917999999999996,0.002693
0.1802857142857142,2.3502857142857185,0.002693
0.38971428571428596,3.275714285714284,0.002693
0.4182857142857134,5.279428571428577,0.002693
0.6328571428571425,7.344857142857143,0.002693
0.5420000000000005,8.276857142857178,0.002693
0.28885714285714265,7.199714285714278,0.002693
0.5900000000000006,7.759142857142847,0.002693
1.3597142857142845,13.215428571428586,0.002693
2.062857142857147,19.61314285714286,0.002693
1.9905714285714324,24.12628571428575,0.002693
1.6079999999999992,28.798571428571368,0.002693
2.1577142857142886,33.76714285714291,0.002693
2.6802857142857155,39.108571428571445,0.002693
3.2874285714285736,43.77828571428562,0.002693
3.4342857142857173,42.60857142857139,0.002693
4.544571428571429,40.04885714285724,0.002693
4.1705714285714315,39.837142857142815,0.002693
3.3471428571428614,42.397714285714386,0.002693
3.667714285714284,47.763714285714364,0.002693
4.040857142857147,46.97771428571429,0.002693
2.941142857142848,43.32228571428559,0.002693
2.94428571428571,42.20142857142865,0.002693
2.30571428571429,41.993428571428495,0.002693
2.1402857142857257,41.304285714285605,0.002693
2.55942857142857,40.38457142857144,0.002693
2.3008571428571365,39.57857142857146,0.002693
1.7874285714285696,38.82228571428574,0.002693
1.903714285714286,34.05799999999999,0.002693
1.1131428571428563,27.515428571428636,0.002693
0.6317142857142857,16.795714285714254,0.002693
0.22571428571428517,9.780857142857144,0.002693
0.09428571428571458,6.345428571428556,0.002693
0.03114285714285714,4.377142857142854,0.002693
0.05857142857142878,4.058857142857144,0.002693
0.12314285714285718,3.666000000000005,0.002693
0.032285714285714466,3.2371428571428544,0.002693
0.010285714285714334,2.1314285714285743,0.002693
0.011714285714285719,1.2402857142857147,0.002693
0.08485714285714288,1.0705714285714274,0.002693
0.11314285714285716,1.5185714285714287,0.002693
0.009999999999999998,1.653142857142858,0.002693
0.0028571428571428645,2.451142857142862,0.002693
0.022000000000000023,2.218285714285715,0.002693
0.04142857142857145,1.9008571428571446,0.002693
0.061428571428571506,1.7988571428571447,0.002693
0.053428571428571395,1.8565714285714265,0.002693
0.06714285714285712,1.3862857142857137,0.002693
0.07485714285714279,0.9471428571428566,0.002693
0.14085714285714282,0.6277142857142849,0.002693
0.09085714285714294,0.8248571428571428,0.002693
0.020000000000000004,0.9651428571428574,0.002693
0.04542857142857147,1.0351428571428576,0.002693
0.13371428571428626,1.5582857142857127,0.002693
0.12571428571428592,2.1554285714285775,0.002693
0.12914285714285711,2.1811428571428593,0.002693
0.16685714285714298,3.168571428571431,0.002693
0.20714285714285705,3.4888571428571327,0.002693
0.26771428571428574,3.228000000000001,0.002693
0.215142857142857,3.53514285714285,0.002693
0.2971428571428575,4.113142857142865,0.002693
0.7471428571428571,6.336571428571426,0.002693
0.9520000000000011,7.917428571428567,0.002693
0.48571428571428493,7.500285714285713,0.002693
0.9962857142857134,10.705428571428566,0.002693
1.173428571428571,14.340857142857155,0.002693
1.8805714285714326,19.888857142857205,0.002693
2.032285714285716,23.93399999999994,0.002693
1.7525714285714256,27.36000000000001,0.002693
2.1928571428571453,31.83599999999997,0.002693
3.0240000000000036,37.354571428571525,0.002693
3.2037142857142764,43.84800000000009,0.002693
3.3642857142857054,43.07428571428569,0.002693
3.874571428571426,42.98685714285723,0.002693
4.174571428571435,44.10342857142859,0.002693
3.6251428571428623,46.151714285714284,0.002693
3.864000000000012,47.78314285714281,0.002693
4.050857142857152,46.45114285714281,0.002693
2.9702857142857293,44.32571428571421,0.002693
2.3831428571428597,45.363428571428514,0.002693
2.1865714285714244,46.714571428571446,0.002693
2.0382857142857076,44.329999999999984,0.002693
2.384000000000001,44.375999999999976,0.002693
2.519714285714282,41.64685714285705,0.002693
1.6774285714285762,38.76914285714286,0.002693
1.2345714285714273,33.26228571428566,0.002693
1.1585714285714261,27.08114285714295,0.002693
0.5854285714285707,17.783428571428555,0.002693
0.14714285714285716,10.64085714285716,0.002693
0.10885714285714292,5.417428571428575,0.002693
0.03114285714285732,4.196285714285718,0.002693
0.12714285714285714,4.30685714285715,0.002693
0.14685714285714327,3.4688571428571433,0.002693
0.03028571428571425,2.71914285714285,0.002693
0.00885714285714282,1.871142857142859,0.002693
0.0019999999999999987,1.2765714285714294,0.002693
0.053428571428571416,1.0065714285714298,0.002693
0.06428571428571442,1.5668571428571465,0.002693
0.005714285714285728,1.3968571428571428,0.002693
0.011142857142857164,1.882857142857139,0.002693
0.05028571428571437,2.3011428571428594,0.002693
0.06885714285714276,2.091142857142861,0.002693
0.04199999999999987,1.9728571428571455,0.002693
0.043714285714285636,1.4965714285714296,0.002693
0.014571428571428584,1.1219999999999999,0.002693
0.06628571428571438,1.1451428571428577,0.002693
0.12914285714285748,0.8722857142857119,0.002693
0.08428571428571417,0.9354285714285727,0.002693
0.05171428571428563,0.9068571428571445,0.002693
0.0905714285714285,0.9214285714285687,0.002693
0.11571428571428564,1.3768571428571448,0.002693
0.10685714285714294,2.3351428571428534,0.002693
0.12942857142857142,2.85371428571429,0.002693
0.2645714285714288,2.9505714285714264,0.002693
0.2837142857142855,2.7637142857142787,0.002693
0.21142857142857144,2.0839999999999996,0.002693
0.28257142857142825,3.2651428571428567,0.002693
0.5157142857142861,3.9308571428571404,0.002693
0.5817142857142862,5.770000000000008,0.002693
0.5945714285714283,6.972000000000005,0.002693
0.39142857142857157,8.270857142857142,0.002693
0.6877142857142858,13.037142857142877,0.002693
1.1251428571428572,16.09857142857144,0.002693
1.477428571428573,21.310857142857124,0.002693
1.8428571428571427,25.844857142857148,0.002693
1.6060000000000005,29.597428571428555,0.002693
2.166571428571426,35.28114285714286,0.002693
3.5411428571428636,41.368571428571336,0.002693
4.118571428571436,45.60314285714278,0.002693
4.733428571428572,45.96657142857158,0.002693
3.6359999999999926,44.38942857142865,0.002693
4.593428571428564,44.47999999999987,0.002693
4.091428571428582,47.72714285714285,0.002693
3.95285714285714,46.627142857142836,0.002693
3.7254285714285675,43.094285714285725,0.002693
2.7705714285714254,42.23314285714284,0.002693
2.1417142857142877,45.015714285714175,0.002693
1.6962857142857155,47.81114285714281,0.002693
2.03714285714286,44.41628571428557,0.002693
2.2282857142857186,42.40571428571419,0.002693
2.2782857142857114,39.49314285714283,0.002693
1.4860000000000009,37.69114285714288,0.002693
1.0177142857142878,29.962000000000124,0.002693
1.0417142857142865,23.53999999999999,0.002693
0.7205714285714283,15.083142857142827,0.002693
0.2914285714285721,8.207142857142854,0.002693
0.05942857142857149,4.293428571428574,0.002693
0.033428571428571474,2.719428571428571,0.002693
0.12257142857142861,3.3091428571428594,0.002693
0.19971428571428637,3.2505714285714262,0.002693
0.08228571428571436,2.663999999999994,0.002693
0.13057142857142864,2.8391428571428583,0.002693
0.030571428571428673,1.6008571428571385,0.002693
0.00857142857142858,1.554857142857142,0.002693
0.006285714285714278,1.9031428571428604,0.002693
0.010285714285714311,1.395428571428574,0.002693
0.04057142857142855,1.4588571428571435,0.002693
0.09171428571428579,1.7562857142857131,0.002693
0.06742857142857142,1.985142857142857,0.002693
0.032571428571428536,2.329428571428573,0.002693
0.07685714285714293,1.9420000000000037,0.002693
0.037714285714285735,1.408285714285714,0.002693
0.11057142857142836,0.7991428571428569,0.002693
0.1577142857142861,0.9994285714285678,0.002693
0.15885714285714286,1.4668571428571437,0.002693
0.1528571428571426,1.4454285714285722,0.002693
0.13142857142857176,1.4800000000000002,0.002693
0.12828571428571472,1.3334285714285758,0.002693
0.09457142857142867,2.024000000000003,0.002693
0.27914285714285725,2.642857142857149,0.002693
0.46028571428571513,2.318000000000001,0.002693
0.26428571428571423,2.425142857142855,0.002693
0.30999999999999994,2.280285714285717,0.002693
0.15200000000000008,2.939999999999999,0.002693
0.3045714285714283,3.936571428571429,0.002693
0.7242857142857141,5.153999999999992,0.002693
0.6577142857142855,6.911142857142859,0.002693
0.566857142857142,7.481428571428564,0.002693
0.5837142857142867,9.366571428571435,0.002693
0.8045714285714288,14.043142857142875,0.002693
1.2082857142857149,21.779999999999983,0.002693
2.340571428571425,28.19914285714289,0.002693
2.869428571428563,34.67685714285712,0.002693
2.589428571428566,40.68342857142854,0.002693
3.8237142857142783,46.54799999999998,0.002693
5.705714285714293,50.851714285714294,0.002693
6.155428571428578,51.473999999999954,0.002693
4.900571428571427,47.7011428571429,0.002693
4.7394285714285775,46.631428571428536,0.002693
4.830857142857128,44.89628571428567,0.002693
3.437428571428571,43.86771428571419,0.002693
2.653428571428577,40.40428571428558,0.002693
2.3191428571428614,38.06914285714297,0.002693
2.7434285714285767,36.86657142857142,0.002693
2.515142857142861,42.05057142857139,0.002693
2.5471428571428496,45.27914285714274,0.002693
1.9922857142857153,40.24971428571436,0.002693
1.353428571428571,34.60942857142861,0.002693
0.9560000000000006,29.233714285714164,0.002693
0.9894285714285728,22.66742857142859,0.002693
0.8268571428571426,18.078857142857142,0.002693
0.7651428571428559,12.496000000000013,0.002693
0.34514285714285636,7.630857142857144,0.002693
0.1648571428571429,4.360285714285712,0.002693
0.07571428571428583,3.849714285714285,0.002693
0.033142857142857265,3.7379999999999995,0.002693
0.035999999999999935,3.001999999999999,0.002693
0.07771428571428586,2.684285714285713,0.002693
0.07885714285714292,3.0965714285714254,0.002693
0.02828571428571434,2.2394285714285687,0.002693
0.0,2.4414285714285717,0.002693
0.0,2.6777142857142873,0.002693
0.0,1.9682857142857177,0.002693
0.011142857142857185,1.437428571428571,0.002693
0.03485714285714276,1.7379999999999998,0.002693
0.0434285714285714,1.3768571428571432,0.002693
0.14228571428571432,2.085428571428572,0.002693
0.07228571428571424,1.9799999999999984,0.002693
0.04742857142857144,1.112857142857143,0.002693
0.05057142857142853,0.6031428571428579,0.002693
0.17800000000000052,1.014571428571426,0.002693
0.2600000000000007,1.1514285714285728,0.002693
0.30285714285714205,0.8797142857142846,0.002693
0.17514285714285713,1.437999999999999,0.002693
0.13457142857142929,1.5917142857142847,0.002693
0.26942857142857163,1.7640000000000013,0.002693
0.5300000000000005,2.271142857142848,0.002693
0.3085714285714291,1.9974285714285727,0.002693
0.14000000000000004,1.7159999999999962,0.002693
0.10485714285714312,1.7165714285714286,0.002693
0.05714285714285723,2.785142857142845,0.002693
0.2948571428571429,4.269142857142858,0.002693
0.46485714285714286,5.2962857142857125,0.002693
0.36999999999999994,6.018857142857137,0.002693
0.5477142857142869,6.779142857142849,0.002693
0.7437142857142839,8.045142857142874,0.002693
0.758,11.526285714285725,0.002693
0.6811428571428577,19.182857142857163,0.002693
1.6308571428571441,26.94114285714294,0.002693
1.7931428571428594,33.25028571428583,0.002693
2.045714285714284,39.32085714285721,0.002693
3.968857142857137,46.40285714285713,0.002693
5.715999999999999,51.453428571428674,0.002693
5.344000000000009,51.559428571428526,0.002693
4.655999999999996,46.81571428571442,0.002693
5.172285714285707,43.75657142857144,0.002693
4.932571428571442,43.03914285714277,0.002693
3.5617142857142894,43.095142857142825,0.002693
2.185428571428567,39.828571428571436,0.002693
1.925428571428569,36.86599999999992,0.002693
2.8228571428571496,35.25885714285725,0.002693
3.408285714285713,39.115714285714304,0.002693
2.7188571428571393,42.33142857142857,0.002693
1.7648571428571398,40.77257142857147,0.002693
1.3111428571428578,36.93085714285706,0.002693
1.0591428571428545,31.976857142857174,0.002693
1.173428571428569,25.09114285714284,0.002693
0.8765714285714307,20.273999999999987,0.002693
0.5800000000000002,14.800857142857156,0.002693
0.29057142857142876,9.015428571428615,0.002693
0.12971428571428595,5.755999999999998,0.002693
0.08571428571428573,4.228571428571426,0.002693
0.04114285714285728,3.3437142857142805,0.002693
0.013999999999999992,2.516000000000003,0.002693
0.0779999999999998,2.2465714285714276,0.002693
0.09714285714285768,2.849999999999998,0.002693
0.0248571428571429,1.98028571428571,0.002693
0.0020000000000000074,1.900285714285714,0.002693
0.0,1.839142857142858,0.002693
0.0002857142857142869,1.8922857142857112,0.002693
0.016857142857142803,1.6422857142857175,0.002693
0.03228571428571449,1.59257142857143,0.002693
0.030285714285714357,1.6659999999999997,0.002693
0.051714285714285456,2.170000000000002,0.002693
0.01485714285714283,1.9131428571428575,0.002693
0.004,1.0205714285714278,0.002693
0.07742857142857122,0.4585714285714289,0.002693
0.1960000000000003,0.8597142857142858,0.002693
0.17028571428571423,0.9802857142857163,0.002693
0.09999999999999977,1.339714285714286,0.002693
0.11828571428571462,1.805999999999997,0.002693
0.07599999999999998,2.3582857142857074,0.002693
0.14314285714285704,1.7317142857142802,0.002693
0.24914285714285653,2.250285714285709,0.002693
0.32714285714285735,1.9739999999999984,0.002693
0.18771428571428572,1.7251428571428593,0.002693
0.18085714285714252,1.5291428571428562,0.002693
0.16028571428571387,2.539999999999999,0.002693
0.2034285714285713,4.201999999999988,0.002693
0.38914285714285796,6.090571428571418,0.002693
0.33399999999999974,6.6768571428571395,0.002693
0.43714285714285717,5.8122857142857,0.002693
0.6948571428571431,7.281142857142849,0.002693
0.8265714285714284,13.28057142857146,0.002693
1.2071428571428573,21.507428571428612,0.002693
2.017999999999999,26.625142857142897,0.002693
1.7522857142857131,31.368571428571563,0.002693
2.5488571428571403,37.11828571428571,0.002693
4.3234285714285665,46.47057142857152,0.002693
4.636857142857147,50.030571428571484,0.002693
4.554571428571417,49.05257142857152,0.002693
4.498857142857142,42.87599999999998,0.002693
4.266857142857129,39.90571428571411,0.002693
3.8982857142857292,40.912857142857106,0.002693
3.6605714285714344,45.98599999999999,0.002693
3.211999999999998,42.215999999999916,0.002693
2.3934285714285712,38.659142857142925,0.002693
3.5519999999999987,35.971142857142944,0.002693
3.572857142857141,37.17342857142854,0.002693
2.463142857142855,38.02599999999989,0.002693
2.1985714285714266,37.964571428571396,0.002693
2.1165714285714254,40.020285714285684,0.002693
1.7422857142857158,36.770857142857196,0.002693
1.5274285714285698,30.747142857142933,0.002693
0.8225714285714267,24.129428571428527,0.002693
0.463714285714286,16.45,0.002693
0.2800000000000007,10.608285714285705,0.002693
0.10714285714285678,6.45885714285714,0.002693
0.094571428571429,3.609142857142858,0.002693
0.11085714285714288,2.8488571428571476,0.002693
0.14800000000000002,2.9354285714285746,0.002693
0.1339999999999999,2.2645714285714313,0.002693
0.06028571428571451,2.568857142857145,0.002693
0.07514285714285732,1.8808571428571372,0.002693
0.022285714285714228,1.7462857142857122,0.002693
0.010285714285714287,1.647714285714287,0.002693
0.0034285714285714293,1.4274285714285713,0.002693
0.0077142857142857,1.7768571428571422,0.002693
0.07142857142857156,1.6242857142857163,0.002693
0.026857142857142923,1.795142857142856,0.002693
0.04285714285714285,2.2642857142857093,0.002693
0.02228571428571429,1.8711428571428554,0.002693
0.02342857142857143,1.1,0.002693
0.05000000000000002,0.5905714285714286,0.002693
0.14000000000000043,0.7445714285714278,0.002693
0.17400000000000032,1.0159999999999993,0.002693
0.06485714285714289,1.3085714285714254,0.002693
0.05457142857142854,2.414857142857141,0.002693
0.1788571428571427,2.2888571428571343,0.002693
0.1828571428571431,2.022000000000005,0.002693
0.06914285714285717,2.2340000000000013,0.002693
0.1134285714285713,2.610857142857141,0.002693
0.14114285714285707,3.1505714285714297,0.002693
0.17971428571428563,2.2094285714285755,0.002693
0.2645714285714295,2.5211428571428547,0.002693
0.1745714285714287,3.7388571428571455,0.002693
0.28171428571428575,4.822571428571427,0.002693
0.4857142857142858,5.117142857142869,0.002693
0.31342857142857106,4.9505714285714335,0.002693
0.42914285714285716,6.915714285714294,0.002693
0.778857142857143,13.170285714285722,0.002693
1.8982857142857186,20.81628571428576,0.002693
2.330285714285713,25.977714285714253,0.002693
1.7699999999999991,29.694857142857106,0.002693
2.8097142857142865,35.74657142857149,0.002693
4.218857142857141,43.46114285714271,0.002693
3.3565714285714248,47.12485714285709,0.002693
3.8097142857142843,46.94114285714297,0.002693
3.5511428571428594,44.180000000000085,0.002693
3.4305714285714335,41.018571428571384,0.002693
4.2734285714285685,43.47857142857141,0.002693
4.595142857142859,46.435428571428545,0.002693
3.8105714285714223,45.25057142857143,0.002693
2.668857142857143,40.58885714285722,0.002693
3.1980000000000013,38.11085714285718,0.002693
2.8274285714285723,40.07828571428573,0.002693
2.0025714285714273,40.10942857142871,0.002693
1.6431428571428557,40.33114285714271,0.002693
2.1114285714285677,41.59114285714297,0.002693
1.5488571428571396,36.57542857142862,0.002693
1.400571428571432,30.499428571428595,0.002693
0.8288571428571443,25.844285714285693,0.002693
0.8611428571428561,19.086285714285772,0.002693
0.42971428571428594,11.464571428571452,0.002693
0.25914285714285706,5.981999999999996,0.002693
0.11714285714285756,4.4879999999999995,0.002693
0.11685714285714291,3.8345714285714294,0.002693
0.19628571428571387,3.3265714285714334,0.002693
0.10457142857142868,2.785714285714283,0.002693
0.02371428571428582,2.6582857142857117,0.002693
0.022000000000000096,1.9560000000000024,0.002693
0.03228571428571429,1.6437142857142866,0.002693
0.02571428571428571,1.673714285714291,0.002693
0.004571428571428579,1.4177142857142826,0.002693
0.01200000000000001,1.6971428571428557,0.002693
0.05342857142857142,1.5974285714285719,0.002693
0.06457142857142868,1.7662857142857136,0.002693
0.12114285714285723,1.9305714285714248,0.002693
0.11657142857142883,1.6917142857142875,0.002693
0.03942857142857135,1.331714285714285,0.002693
0.029142857142857234,1.085142857142858,0.002693
0.09228571428571453,0.7740000000000006,0.002693
0.15885714285714306,1.2788571428571422,0.002693
0.045714285714285756,1.4308571428571446,0.002693
0.03171428571428566,1.9511428571428522,0.002693
0.12028571428571412,1.4688571428571433,0.002693
0.11885714285714298,1.6885714285714273,0.002693
0.09942857142857134,2.2780000000000036,0.002693
0.11485714285714307,2.8702857142857074,0.002693
0.2585714285714287,3.2017142857142833,0.002693
0.21057142857142894,2.8948571428571452,0.002693
0.19885714285714315,3.077714285714286,0.002693
0.3985714285714287,3.986000000000005,0.002693
0.8088571428571433,5.032000000000002,0.002693
0.9388571428571432,5.76342857142855,0.002693
0.5520000000000006,5.097428571428578,0.002693
0.531142857142858,8.542857142857114,0.002693
1.0514285714285727,15.872571428571447,0.002693
1.948571428571426,22.938571428571425,0.002693
2.740857142857143,26.88171428571427,0.002693
2.054571428571425,31.64742857142861,0.002693
2.7754285714285665,36.66171428571416,0.002693
3.438285714285714,44.7714285714286,0.002693
3.749428571428575,46.2882857142856,0.002693
4.392857142857147,46.69200000000001,0.002693
4.482857142857141,46.39542857142855,0.002693
3.9588571428571524,44.63485714285713,0.002693
4.705428571428577,46.98171428571424,0.002693
4.279428571428575,48.66171428571431,0.002693
3.145142857142858,46.15685714285711,0.002693
2.2839999999999896,42.44600000000011,0.002693
2.3491428571428554,39.84571428571428,0.002693
2.9497142857142844,42.52571428571437,0.002693
2.2891428571428643,44.86399999999979,0.002693
1.597142857142854,42.47542857142863,0.002693
2.1528571428571497,39.567714285714246,0.002693
1.6731428571428564,36.220857142857106,0.002693
1.093999999999998,29.87942857142862,0.002693
0.9525714285714255,24.64942857142852,0.002693
0.8257142857142864,18.052571428571436,0.002693
0.28228571428571436,10.433142857142865,0.002693
0.19399999999999973,5.374000000000006,0.002693
0.07914285714285688,4.478285714285721,0.002693
0.059142857142857296,4.245428571428582,0.002693
0.12828571428571447,3.1628571428571424,0.002693
0.012000000000000002,2.9245714285714266,0.002693
0.02600000000000005,1.936285714285712,0.002693
0.008285714285714304,1.4305714285714273,0.002693
0.0011428571428571427,1.4782857142857155,0.002693
0.000857142857142857,1.9442857142857164,0.002693
0.0,1.4831428571428553,0.002693
0.0,1.220571428571427,0.002693
0.04885714285714284,1.698285714285712,0.002693
0.10400000000000006,1.9194285714285693,0.002693
0.024857142857142866,1.7757142857142836,0.002693
0.06485714285714296,1.8788571428571441,0.002693
0.05457142857142866,1.7602857142857171,0.002693
0.08257142857142856,1.3325714285714267,0.002693
0.02514285714285713,0.8648571428571418,0.002693
0.026857142857142857,1.1840000000000028,0.002693
0.03257142857142853,1.1765714285714275,0.002693
0.06971428571428563,1.23342857142857,0.002693
0.06257142857142868,1.1777142857142833,0.002693
0.10857142857142849,2.217999999999999,0.002693
0.11200000000000007,3.010285714285714,0.002693
0.469428571428571,2.8694285714285583,0.002693
0.28485714285714353,3.0962857142857123,0.002693
0.3151428571428576,2.3702857142857114,0.002693
0.33599999999999974,3.3362857142857156,0.002693
0.567428571428572,3.892571428571428,0.002693
0.9054285714285721,5.554000000000004,0.002693
0.8408571428571437,6.259142857142869,0.002693
0.49742857142857133,6.525999999999996,0.002693
0.6260000000000003,10.918571428571422,0.002693
0.9734285714285695,17.977142857142823,0.002693
1.6571428571428573,24.779999999999983,0.002693
2.2617142857142873,30.416571428571377,0.002693
2.46228571428572,34.66,0.002693
2.60628571428572,41.35457142857153,0.002693
3.4805714285714253,45.70428571428578,0.002693
4.951714285714288,47.51914285714284,0.002693
5.622285714285718,49.601142857142726,0.002693
5.017142857142857,47.819428571428574,0.002693
4.513714285714301,48.149999999999864,0.002693
4.945428571428566,47.90257142857147,0.002693
4.05971428571428,48.42285714285714,0.002693
3.2157142857142773,44.242285714285714,0.002693
2.272857142857139,41.02857142857136,0.002693
2.7028571428571415,40.712571428571444,0.002693
2.9345714285714215,44.73228571428568,0.002693
2.366285714285716,47.0468571428571,0.002693
1.6540000000000037,40.10285714285721,0.002693
1.5791428571428552,35.46257142857136,0.002693
1.177714285714286,33.135142857142924,0.002693
0.8062857142857148,25.746285714285655,0.002693
0.884285714285712,20.78885714285709,0.002693
0.8154285714285732,14.902000000000063,0.002693
0.27914285714285747,8.708857142857138,0.002693
0.08342857142857131,4.47628571428571,0.002693
0.01571428571428571,3.4805714285714244,0.002693
0.05771428571428571,3.6814285714285724,0.002693
0.11085714285714234,3.109714285714283,0.002693
0.0277142857142857,2.6348571428571463,0.002693
0.059428571428571386,2.213999999999997,0.002693
0.015142857142857166,1.507428571428571,0.002693
0.0,1.9182857142857117,0.002693
0.0,2.7625714285714267,0.002693
0.0008571428571428571,1.507428571428575,0.002693
0.0065714285714285605,1.1045714285714265,0.002693
0.09114285714285705,1.7417142857142855,0.002693
0.09571428571428572,1.6811428571428537,0.002693
0.06657142857142859,2.120571428571427,0.002693
0.12428571428571436,2.6662857142857104,0.002693
0.10514285714285744,1.8637142857142845,0.002693
0.1471428571428573,1.4848571428571427,0.002693
0.24057142857142774,1.3774285714285737,0.002693
0.24885714285714283,1.584285714285714,0.002693
0.19685714285714312,1.4608571428571389,0.002693
0.06971428571428565,1.203714285714286,0.002693
0.09428571428571432,1.2482857142857147,0.002693
0.1351428571428573,1.5808571428571403,0.002693
0.3397142857142854,2.23428571428571,0.002693
0.49714285714285705,2.695428571428568,0.002693
0.2288571428571433,3.250285714285719,0.002693
0.19742857142857148,2.657428571428571,0.002693
0.10085714285714281,2.738000000000003,0.002693
0.14514285714285707,4.711714285714281,0.002693
0.7022857142857143,6.547999999999999,0.002693
0.7465714285714296,7.921142857142853,0.002693
0.7042857142857136,8.82342857142857,0.002693
0.4777142857142863,8.68485714285716,0.002693
0.7677142857142863,10.782571428571451,0.002693
1.072857142857143,17.62714285714289,0.002693
1.8622857142857097,25.133714285714255,0.002693
2.491999999999988,32.71857142857127,0.002693
2.5460000000000003,40.95885714285718,0.002693
4.262571428571427,49.16657142857143,0.002693
7.1288571428571315,54.442857142857214,0.002693
6.801714285714282,56.151428571428724,0.002693
5.253714285714278,52.87342857142851,0.002693
6.143714285714281,53.583142857142775,0.002693
6.750571428571409,50.74514285714295,0.002693
4.854285714285691,47.01571428571429,0.002693
3.219714285714284,41.44142857142867,0.002693
3.108000000000007,37.390285714285724,0.002693
3.22971428571429,35.45257142857149,0.002693
2.5200000000000005,37.69885714285702,0.002693
2.058857142857148,39.27485714285717,0.002693
1.5785714285714327,36.63399999999989,0.002693
1.1979999999999993,33.792571428571314,0.002693
1.312285714285711,32.36285714285712,0.002693
0.9737142857142841,26.81114285714283,0.002693
0.7111428571428555,19.83571428571427,0.002693
0.7265714285714293,13.300571428571432,0.002693
0.3868571428571433,7.554857142857147,0.002693
0.17514285714285727,4.35714285714285,0.002693
0.1465714285714287,4.197999999999998,0.002693
0.050000000000000114,3.5582857142857063,0.002693
0.08657142857142838,3.010857142857145,0.002693
0.07085714285714313,2.5471428571428563,0.002693
0.04885714285714279,2.4445714285714293,0.002693
0.009999999999999974,2.557142857142859,0.002693
0.0,2.898285714285716,0.002693
0.0,2.3885714285714266,0.002693
0.026571428571428652,2.032571428571428,0.002693
0.07199999999999983,1.5842857142857134,0.002693
0.0545714285714286,1.4317142857142848,0.002693
0.05628571428571439,1.183999999999998,0.002693
0.04485714285714288,2.0080000000000005,0.002693
0.11142857142857115,2.1557142857142835,0.002693
0.11228571428571388,1.7791428571428574,0.002693
0.1228571428571429,0.9431428571428574,0.002693
0.24171428571428502,0.9374285714285715,0.002693
0.3665714285714294,1.8231428571428587,0.002693
0.2702857142857149,1.523714285714284,0.002693
0.1834285714285717,1.0488571428571405,0.002693
0.13114285714285723,1.1348571428571423,0.002693
0.2771428571428568,1.539428571428572,0.002693
0.48371428571428665,2.3314285714285714,0.002693
0.46714285714285725,2.828571428571428,0.002693
0.2920000000000003,2.3691428571428554,0.002693
0.15428571428571458,2.237714285714283,0.002693
0.17628571428571418,3.064857142857146,0.002693
0.1671428571428571,4.797999999999998,0.002693
0.4191428571428566,5.909428571428577,0.002693
0.36028571428571443,6.36428571428572,0.002693
0.46914285714285775,7.433428571428571,0.002693
0.5931428571428579,8.56371428571427,0.002693
0.6940000000000003,8.975714285714272,0.002693
0.6797142857142884,14.398571428571433,0.002693
1.2068571428571424,25.039142857142892,0.002693
1.7359999999999975,33.013428571428555,0.002693
2.542571428571424,40.05399999999979,0.002693
4.388285714285703,49.95114285714287,0.002693
6.547142857142855,55.998000000000076,0.002693
6.3480000000000025,56.28971428571418,0.002693
5.881999999999997,51.440857142857205,0.002693
6.426285714285713,48.54199999999997,0.002693
6.5994285714285645,46.22628571428571,0.002693
4.147142857142864,41.73428571428574,0.002693
2.7560000000000016,38.07657142857143,0.002693
2.607714285714286,36.007428571428534,0.002693
3.043714285714288,34.80685714285722,0.002693
3.1677142857142906,35.36171428571424,0.002693
2.445999999999999,38.43428571428567,0.002693
1.5017142857142858,38.21428571428583,0.002693
1.4440000000000075,36.53342857142846,0.002693
1.324857142857145,34.37914285714293,0.002693
1.3208571428571387,28.771999999999945,0.002693
0.7628571428571448,21.83028571428569,0.002693
0.463142857142858,16.174000000000014,0.002693
0.48428571428571376,9.416285714285722,0.002693
0.13485714285714281,5.027142857142856,0.002693
0.04914285714285721,4.2900000000000125,0.002693
0.056857142857142676,3.2594285714285745,0.002693
0.02914285714285727,3.0874285714285796,0.002693
0.011142857142857183,2.881714285714279,0.002693
0.07657142857142885,3.322285714285708,0.002693
0.01742857142857144,2.8614285714285717,0.002693
0.0,2.3982857142857106,0.002693
0.0008571428571428572,2.1382857142857126,0.002693
0.01371428571428572,1.7620000000000007,0.002693
0.01971428571428571,1.7982857142857143,0.002693
0.00685714285714286,1.372285714285715,0.002693
0.04257142857142865,1.034285714285712,0.002693
0.09971428571428596,1.415142857142858,0.002693
0.11942857142857168,1.352285714285712,0.002693
0.06942857142857145,1.221428571428576,0.002693
0.030285714285714273,0.49457142857142905,0.002693
0.06514285714285709,0.7294285714285709,0.002693
0.168,1.0828571428571419,0.002693
0.176285714285714,1.296857142857144,0.002693
0.10971428571428603,1.2085714285714275,0.002693
0.1445714285714282,1.542,0.002693
0.2617142857142858,1.5391428571428507,0.002693
0.3920000000000007,1.9628571428571424,0.002693
0.37657142857142856,2.288857142857135,0.002693
0.3905714285714289,1.862571428571422,0.002693
0.29942857142857127,2.078285714285711,0.002693
0.4000000000000001,3.448857142857145,0.002693
0.18314285714285725,3.8591428571428565,0.002693
0.1108571428571428,4.683714285714277,0.002693
0.2680000000000005,4.818571428571428,0.002693
0.4348571428571436,5.199999999999996,0.002693
0.36314285714285705,7.521142857142857,0.002693
0.5137142857142863,9.954000000000004,0.002693
0.7494285714285714,15.798285714285722,0.002693
1.3122857142857145,24.804000000000027,0.002693
1.6554285714285717,33.16514285714279,0.002693
2.943142857142858,40.02514285714268,0.002693
4.058857142857156,50.014857142857174,0.002693
5.062571428571428,53.99657142857135,0.002693
5.488000000000002,54.22228571428573,0.002693
4.819999999999985,48.05485714285711,0.002693
5.257428571428562,42.21857142857142,0.002693
4.952857142857156,42.84599999999996,0.002693
4.368285714285709,43.00057142857138,0.002693
2.915714285714286,38.926571428571464,0.002693
2.6859999999999937,34.854857142857234,0.002693
3.3119999999999883,33.74514285714288,0.002693
3.62742857142858,34.11771428571426,0.002693
2.7774285714285747,35.63057142857147,0.002693
2.0291428571428543,37.11999999999998,0.002693
1.9231428571428533,37.45314285714288,0.002693
1.5271428571428536,34.260571428571424,0.002693
1.2985714285714278,27.19857142857145,0.002693
0.7388571428571412,21.66828571428577,0.002693
0.24200000000000013,16.529142857142862,0.002693
0.233714285714286,11.83742857142859,0.002693
0.09542857142857157,5.956,0.002693
0.08257142857142888,3.819428571428571,0.002693
0.22428571428571495,3.8985714285714215,0.002693
0.18599999999999992,3.440571428571428,0.002693
0.16257142857142903,2.716571428571427,0.002693
0.04342857142857155,2.497714285714287,0.002693
0.04057142857142841,2.396285714285719,0.002693
0.0034285714285714306,1.8651428571428554,0.002693
0.00857142857142859,1.473142857142857,0.002693
0.02799999999999998,1.3211428571428545,0.002693
0.03428571428571433,1.1620000000000004,0.002693
0.10200000000000006,1.3465714285714303,0.002693
0.06542857142857147,1.557142857142858,0.002693
0.011142857142857126,1.3560000000000008,0.002693
0.010571428571428574,1.0525714285714285,0.002693
0.04314285714285718,0.83942857142857,0.002693
0.06199999999999988,0.8117142857142869,0.002693
0.05228571428571423,0.9459999999999986,0.002693
0.07171428571428572,1.1154285714285737,0.002693
0.02257142857142862,1.344285714285712,0.002693
0.07399999999999993,1.9957142857142864,0.002693
0.16057142857142861,1.6337142857142852,0.002693
0.1382857142857145,1.5514285714285723,0.002693
0.1462857142857143,2.159999999999999,0.002693
0.19999999999999998,2.2325714285714358,0.002693
0.3594285714285711,2.191428571428561,0.002693
0.4640000000000007,1.9211428571428648,0.002693
0.31399999999999956,3.0565714285714174,0.002693
0.21114285714285697,3.2788571428571474,0.002693
0.14114285714285746,3.6148571428571503,0.002693
0.22514285714285678,4.1205714285714405,0.002693
0.2591428571428572,4.490571428571423,0.002693
0.3145714285714287,6.082571428571418,0.002693
0.5537142857142882,9.809142857142856,0.002693
1.151714285714286,17.468000000000007,0.002693
1.682857142857142,26.24542857142858,0.002693
2.1094285714285714,33.257714285714236,0.002693
3.052571428571426,39.78885714285707,0.002693
4.594571428571419,46.93685714285713,0.002693
4.790571428571431,49.18971428571438,0.002693
5.575428571428571,49.81228571428577,0.002693
4.523428571428576,46.080857142857106,0.002693
4.427999999999989,43.57057142857134,0.002693
5.777999999999996,46.108571428571395,0.002693
4.835714285714289,48.51342857142851,0.002693
3.233714285714288,44.20828571428577,0.002693
2.3442857142857205,38.15028571428588,0.002693
2.278000000000004,35.57657142857146,0.002693
2.4677142857142815,34.95799999999992,0.002693
2.534571428571428,34.81428571428577,0.002693
1.8885714285714246,34.5065714285715,0.002693
1.6968571428571422,35.14714285714277,0.002693
1.3422857142857199,32.40485714285715,0.002693
1.229428571428568,25.833999999999982,0.002693
1.0882857142857127,23.097999999999967,0.002693
0.5997142857142856,16.673714285714272,0.002693
0.19942857142857157,10.279142857142892,0.002693
0.08914285714285719,5.995714285714281,0.002693
0.13742857142857182,4.200285714285708,0.002693
0.2740000000000006,4.5948571428571405,0.002693
0.31600000000000006,3.407714285714276,0.002693
0.2651428571428574,2.4097142857142884,0.002693
0.10399999999999988,2.3985714285714286,0.002693
0.012571428571428565,2.180285714285714,0.002693
0.001142857142857149,1.834285714285715,0.002693
0.04457142857142873,1.5548571428571452,0.002693
0.014857142857142836,1.2225714285714289,0.002693
0.06314285714285725,0.8925714285714286,0.002693
0.07085714285714283,0.9828571428571441,0.002693
0.08714285714285706,1.3542857142857128,0.002693
0.018857142857142847,1.3354285714285719,0.002693
0.04485714285714282,1.4014285714285728,0.002693
0.056571428571428516,1.2368571428571427,0.002693
0.14514285714285727,1.38,0.002693
0.03742857142857134,1.1711428571428562,0.002693
0.04171428571428575,1.3231428571428512,0.002693
0.07628571428571451,1.741714285714286,0.002693
0.15285714285714308,1.9551428571428549,0.002693
0.18771428571428583,1.3314285714285685,0.002693
0.17428571428571427,1.2942857142857143,0.002693
0.12342857142857146,1.800857142857148,0.002693
0.2594285714285716,2.1711428571428564,0.002693
0.19542857142857134,2.557428571428574,0.002693
0.28257142857142886,2.495142857142855,0.002693
0.1591428571428572,2.6142857142857103,0.002693
0.29085714285714276,4.0357142857142945,0.002693
0.37285714285714333,5.19828571428571,0.002693
0.4231428571428568,5.293999999999987,0.002693
0.3422857142857147,6.225142857142851,0.002693
0.38885714285714373,8.748000000000003,0.002693
0.713428571428571,12.500285714285694,0.002693
1.3757142857142846,18.936285714285784,0.002693
1.637142857142856,25.807714285714237,0.002693
1.9797142857142838,34.77857142857142,0.002693
2.401428571428571,41.56542857142858,0.002693
3.535142857142862,46.97828571428568,0.002693
4.6451428571428455,49.24285714285711,0.002693
6.370000000000002,49.95399999999993,0.002693
5.238857142857146,48.97371428571428,0.002693
4.005142857142861,45.973999999999926,0.002693
5.232000000000006,49.610857142857256,0.002693
4.928571428571435,52.339714285714344,0.002693
2.951714285714285,47.775428571428634,0.002693
1.9277142857142804,40.992285714285764,0.002693
2.331999999999998,36.37971428571431,0.002693
2.4642857142857135,35.64714285714273,0.002693
2.311714285714291,38.624000000000045,0.002693
1.7479999999999993,35.971142857142944,0.002693
1.5731428571428567,33.48342857142857,0.002693
1.3951428571428577,31.235714285714106,0.002693
1.1374285714285681,27.077999999999946,0.002693
1.1031428571428594,23.21285714285713,0.002693
0.7622857142857146,16.339428571428563,0.002693
0.20685714285714288,8.704285714285753,0.002693
0.15914285714285642,5.043142857142862,0.002693
0.13428571428571467,4.022285714285702,0.002693
0.09342857142857147,4.003428571428562,0.002693
0.14228571428571443,2.745142857142859,0.002693
0.0340000000000001,2.594857142857147,0.002693
0.0722857142857143,2.294285714285715,0.002693
0.04228571428571434,1.9422857142857155,0.002693
0.0020000000000000057,1.6742857142857137,0.002693
0.0051428571428571435,1.144,0.002693
0.0011428571428571473,1.1139999999999977,0.002693
0.012857142857142843,0.9919999999999995,0.002693
0.07542857142857139,1.2420000000000035,0.002693
0.08028571428571435,1.063428571428573,0.002693
0.01885714285714283,1.3425714285714285,0.002693
0.034571428571428635,2.0214285714285714,0.002693
0.11457142857142863,1.8597142857142859,0.002693
0.1637142857142856,2.650571428571425,0.002693
0.08742857142857138,1.8039999999999987,0.002693
0.042285714285714246,1.3791428571428563,0.002693
0.08914285714285701,1.5257142857142862,0.002693
0.11885714285714255,1.2034285714285757,0.002693
0.053999999999999944,1.2974285714285723,0.002693
0.06057142857142873,1.6388571428571403,0.002693
0.13057142857142845,2.039999999999995,0.002693
0.4239999999999996,2.087428571428567,0.002693
0.27028571428571596,2.7645714285714202,0.002693
0.35171428571428603,2.780571428571425,0.002693
0.19942857142857143,3.1277142857142914,0.002693
0.31514285714285734,4.4925714285714236,0.002693
0.5571428571428574,6.52485714285715,0.002693
0.6497142857142859,6.369714285714291,0.002693
0.546000000000001,6.537714285714277,0.002693
0.39571428571428635,9.390857142857152,0.002693
0.6694285714285714,14.999714285714308,0.002693
1.7277142857142838,20.238571428571394,0.002693
1.9459999999999948,26.606285714285725,0.002693
2.2245714285714273,34.013999999999875,0.002693
2.5745714285714274,42.11542857142856,0.002693
3.2365714285714264,49.56885714285721,0.002693
5.803999999999999,52.9534285714286,0.002693
7.08028571428572,52.01028571428562,0.002693
6.1957142857142795,50.643428571428466,0.002693
4.790571428571433,51.69228571428572,0.002693
5.47228571428571,52.26371428571431,0.002693
5.0165714285714165,50.604571428571475,0.002693
3.327142857142852,45.2297142857142,0.002693
2.4294285714285655,38.47428571428575,0.002693
2.8520000000000016,35.57885714285709,0.002693
2.5491428571428494,36.73771428571427,0.002693
1.7811428571428618,41.47571428571424,0.002693
1.450285714285707,35.428857142857254,0.002693
1.3737142857142843,32.960857142856995,0.002693
1.0531428571428574,31.309714285714158,0.002693
0.5051428571428577,26.544857142857133,0.002693
0.5711428571428555,21.317714285714278,0.002693
0.9160000000000018,14.124571428571436,0.002693
0.32942857142857096,8.284571428571422,0.002693
0.11457142857142842,4.405714285714285,0.002693
0.05857142857142862,3.7268571428571278,0.002693
0.030571428571428614,4.1262857142857285,0.002693
0.0705714285714287,3.129714285714284,0.002693
0.03857142857142852,2.246285714285715,0.002693
0.0642857142857146,2.1059999999999985,0.002693
0.02514285714285704,1.6605714285714288,0.002693
0.0005714285714285745,1.4648571428571413,0.002693
0.021428571428571415,1.8634285714285768,0.002693
0.0257142857142857,1.5937142857142814,0.002693
0.08428571428571432,1.042285714285713,0.002693
0.11142857142857154,1.3342857142857143,0.002693
0.05857142857142855,1.2139999999999993,0.002693
0.014571428571428652,1.667714285714287,0.002693
0.07571428571428561,2.862285714285715,0.002693
0.12514285714285722,2.5891428571428596,0.002693
0.0671428571428572,1.3839999999999981,0.002693
0.10142857142857134,1.0402857142857125,0.002693
0.09799999999999999,1.2268571428571424,0.002693
0.08514285714285705,1.0602857142857158,0.002693
0.14514285714285688,1.0788571428571447,0.002693
0.2685714285714283,1.452000000000001,0.002693
0.22628571428571376,1.593714285714284,0.002693
0.1891428571428573,2.148000000000002,0.002693
0.1622857142857142,2.9608571428571357,0.002693
0.1631428571428571,2.9722857142857113,0.002693
0.2254285714285714,2.572571428571425,0.002693
0.3185714285714284,3.040285714285713,0.002693
0.2928571428571429,4.503714285714279,0.002693
0.33857142857142836,7.434571428571432,0.002693
0.37857142857142806,7.083714285714297,0.002693
0.5037142857142851,7.912857142857146,0.002693
0.5428571428571441,8.540000000000003,0.002693
0.7174285714285704,10.08714285714285,0.002693
0.7540000000000009,13.186285714285736,0.002693
1.066857142857144,17.45828571428576,0.002693
2.303428571428569,27.589714285714297,0.002693
2.973142857142855,37.78942857142859,0.002693
4.457714285714297,45.763142857142824,0.002693
6.168571428571439,53.356571428571314,0.002693
6.813428571428555,56.7225714285715,0.002693
5.496571428571418,55.014285714285734,0.002693
6.378571428571442,55.86885714285712,0.002693
6.241714285714262,55.55057142857158,0.002693
5.084571428571421,49.69828571428559,0.002693
3.649142857142861,40.891428571428534,0.002693
3.1942857142857157,37.48771428571425,0.002693
3.533428571428569,35.09257142857133,0.002693
2.3471428571428596,34.86571428571426,0.002693
1.4894285714285702,35.96857142857139,0.002693
1.109428571428571,34.6011428571429,0.002693
0.8908571428571437,35.21799999999987,0.002693
1.3908571428571468,37.91400000000004,0.002693
1.3214285714285703,32.165714285714365,0.002693
0.5762857142857141,21.95828571428577,0.002693
0.4254285714285713,14.753428571428563,0.002693
0.4825714285714284,9.263428571428575,0.002693
0.2957142857142857,6.061428571428583,0.002693
0.18000000000000022,3.996857142857136,0.002693
0.055714285714285876,3.3079999999999976,0.002693
0.08600000000000009,3.364857142857139,0.002693
0.030571428571428676,3.6857142857142877,0.002693
0.052571428571428686,2.9214285714285726,0.002693
0.06400000000000015,3.062857142857144,0.002693
0.002285714285714294,3.313714285714288,0.002693
0.02714285714285717,2.9768571428571424,0.002693
0.05257142857142851,2.4877142857142855,0.002693
0.09085714285714296,2.3254285714285725,0.002693
0.09400000000000008,1.585714285714281,0.002693
0.046571428571428625,1.3448571428571439,0.002693
0.05914285714285723,1.8220000000000003,0.002693
0.07085714285714274,2.2782857142857087,0.002693
0.09114285714285718,2.270571428571433,0.002693
0.023428571428571413,0.7971428571428553,0.002693
0.07828571428571447,0.7174285714285706,0.002693
0.27314285714285713,1.0848571428571434,0.002693
0.220000000000001,1.1571428571428517,0.002693
0.09885714285714292,1.0614285714285703,0.002693
0.27599999999999936,1.2894285714285707,0.002693
0.3262857142857148,1.6437142857142812,0.002693
0.28142857142857197,2.1911428571428653,0.002693
0.23857142857142824,2.9885714285714213,0.002693
0.25371428571428534,2.4534285714285726,0.002693
0.34742857142857125,1.951428571428565,0.002693
0.4022857142857156,3.0342857142857027,0.002693
0.2680000000000001,4.415142857142862,0.002693
0.3625714285714287,5.952285714285707,0.002693
0.35685714285714343,5.717142857142852,0.002693
0.4674285714285712,6.65942857142857,0.002693
0.4760000000000002,7.58371428571428,0.002693
0.47971428571428537,8.168571428571436,0.002693
0.5551428571428575,12.413714285714304,0.002693
0.9054285714285703,19.96885714285715,0.002693
1.879428571428571,28.964000000000116,0.002693
3.0519999999999947,37.58885714285712,0.002693
5.021428571428567,48.40228571428576,0.002693
6.642857142857133,55.799714285714394,0.002693
6.7088571428571235,58.90714285714271,0.002693
6.069428571428574,55.18742857142845,0.002693
6.920571428571432,51.78942857142859,0.002693
6.314285714285734,49.232285714285595,0.002693
3.9828571428571333,44.46657142857143,0.002693
2.4065714285714406,39.15457142857139,0.002693
2.3162857142857147,36.754285714285686,0.002693
2.614857142857141,33.95542857142859,0.002693
2.1885714285714326,33.37085714285718,0.002693
1.6605714285714333,34.054571428571386,0.002693
1.1442857142857137,33.52314285714284,0.002693
1.1782857142857126,34.89371428571423,0.002693
1.658571428571431,37.651428571428575,0.002693
1.2828571428571436,34.47200000000004,0.002693
0.6191428571428577,24.034000000000002,0.002693
0.4717142857142857,18.426857142857134,0.002693
0.620285714285715,12.457142857142845,0.002693
0.18285714285714322,6.096285714285719,0.002693
0.10628571428571425,3.3985714285714272,0.002693
0.11114285714285733,2.7580000000000036,0.002693
0.10828571428571432,3.9168571428571473,0.002693
0.030857142857142788,4.425714285714284,0.002693
0.026857142857142677,3.5271428571428634,0.002693
0.008285714285714308,2.9357142857142864,0.002693
0.0,2.628,0.002693
0.01285714285714282,1.5634285714285745,0.002693
0.05514285714285702,1.2900000000000014,0.002693
0.03514285714285721,1.7162857142857137,0.002693
0.05485714285714274,1.5559999999999998,0.002693
0.00799999999999999,1.0371428571428558,0.002693
0.03514285714285719,1.5371428571428563,0.002693
0.11514285714285688,1.8654285714285714,0.002693
0.06000000000000009,1.5494285714285716,0.002693
0.058857142857142955,0.544,0.002693
0.06199999999999978,0.6620000000000008,0.002693
0.1811428571428566,0.8694285714285718,0.002693
0.1948571428571426,1.021714285714287,0.002693
0.158,1.276285714285714,0.002693
0.20485714285714246,1.5382857142857163,0.002693
0.18657142857142883,1.7502857142857198,0.002693
0.2417142857142865,1.7911428571428627,0.002693
0.3971428571428573,2.429999999999991,0.002693
0.4059999999999989,2.084285714285726,0.002693
0.4257142857142858,1.9677142857142835,0.002693
0.39885714285714313,3.3260000000000023,0.002693
0.13428571428571423,3.426285714285719,0.002693
0.09885714285714275,4.999428571428579,0.002693
0.1674285714285714,5.059428571428568,0.002693
0.3319999999999995,5.9411428571428555,0.002693
0.274571428571429,6.933142857142852,0.002693
0.23028571428571432,8.334857142857139,0.002693
0.3474285714285712,14.24714285714285,0.002693
0.8874285714285716,22.42542857142859,0.002693
1.8485714285714316,31.862857142857138,0.002693
2.84885714285714,38.63657142857136,0.002693
4.2428571428571376,47.24000000000003,0.002693
5.616000000000003,53.98171428571426,0.002693
5.9648571428571495,55.56399999999992,0.002693
5.271999999999999,50.09,0.002693
5.8640000000000025,46.31199999999998,0.002693
6.191714285714281,44.355142857142965,0.002693
4.251142857142866,42.66314285714278,0.002693
2.7282857142857107,38.28942857142851,0.002693
2.315714285714287,33.418571428571326,0.002693
2.348000000000012,31.94485714285719,0.002693
2.6531428571428646,33.574000000000055,0.002693
1.9051428571428572,33.60628571428556,0.002693
1.3177142857142863,35.025428571428485,0.002693
1.7134285714285724,34.84714285714292,0.002693
2.013714285714286,35.121428571428474,0.002693
1.287428571428571,32.576000000000086,0.002693
1.0234285714285698,25.226285714285698,0.002693
0.642285714285714,18.615428571428577,0.002693
0.5157142857142867,13.557142857142843,0.002693
0.24428571428571466,6.806000000000018,0.002693
0.2197142857142862,3.7285714285714353,0.002693
0.36857142857142766,3.619428571428575,0.002693
0.24000000000000007,3.718285714285704,0.002693
0.15142857142857163,3.4000000000000017,0.002693
0.038857142857142875,2.5385714285714234,0.002693
0.005142857142857153,2.1591428571428506,0.002693
0.0014285714285714294,1.6877142857142888,0.002693
0.008285714285714306,1.003142857142857,0.002693
0.0711428571428571,1.0734285714285727,0.002693
0.030285714285714384,1.2474285714285716,0.002693
0.02828571428571423,1.217999999999999,0.002693
0.012857142857142827,1.1317142857142852,0.002693
0.004285714285714283,1.2934285714285738,0.002693
0.023999999999999997,1.1834285714285706,0.002693
0.06028571428571429,1.0645714285714283,0.002693
0.07314285714285718,0.8708571428571422,0.002693
0.03828571428571423,0.7974285714285712,0.002693
0.102857142857143,0.8077142857142853,0.002693
0.09342857142857137,0.8299999999999997,0.002693
0.17314285714285652,1.7034285714285708,0.002693
0.16599999999999981,1.9005714285714268,0.002693
0.12800000000000003,1.7757142857142838,0.002693
0.08714285714285727,1.7337142857142862,0.002693
0.08800000000000015,1.9602857142857173,0.002693
0.3625714285714273,2.1648571428571475,0.002693
0.39257142857142807,2.059428571428579,0.002693
0.32000000000000023,2.9214285714285753,0.002693
0.15285714285714297,3.276000000000003,0.002693
0.13485714285714273,4.248285714285698,0.002693
0.09257142857142853,4.525428571428568,0.002693
0.3628571428571426,5.208285714285706,0.002693
0.3154285714285715,5.450571428571442,0.002693
0.5102857142857138,7.695428571428561,0.002693
0.8299999999999993,14.265999999999991,0.002693
1.307714285714289,23.69171428571428,0.002693
2.171142857142858,32.838000000000044,0.002693
2.762857142857144,40.37800000000004,0.002693
2.9674285714285658,43.23828571428566,0.002693
4.285714285714287,47.85828571428568,0.002693
5.864857142857157,47.55257142857144,0.002693
5.61085714285712,44.331428571428646,0.002693
5.457142857142854,44.193428571428406,0.002693
6.779142857142849,47.43999999999991,0.002693
5.19628571428571,48.203714285714256,0.002693
3.4937142857142827,44.49999999999998,0.002693
2.1131428571428614,36.16057142857147,0.002693
1.7705714285714258,32.52057142857143,0.002693
1.6782857142857124,33.80114285714282,0.002693
2.074571428571427,33.87971428571434,0.002693
2.2128571428571444,34.652285714285796,0.002693
2.053428571428568,34.780571428571385,0.002693
1.6868571428571446,35.32228571428561,0.002693
1.1717142857142868,32.344285714285625,0.002693
1.0971428571428568,24.859428571428584,0.002693
0.6605714285714301,16.90628571428574,0.002693
0.40600000000000075,10.40028571428571,0.002693
0.1705714285714284,5.90457142857144,0.002693
0.2537142857142851,3.5177142857142867,0.002693
0.5182857142857147,3.198857142857143,0.002693
0.32942857142857096,2.6651428571428575,0.002693
0.09371428571428572,2.4857142857142813,0.002693
0.08171428571428571,2.522,0.002693
0.009428571428571423,2.302571428571424,0.002693
0.010857142857142853,1.9605714285714289,0.002693
0.04885714285714275,1.3665714285714265,0.002693
0.010285714285714334,1.0908571428571436,0.002693
0.004285714285714293,1.0128571428571451,0.002693
0.06457142857142878,1.006857142857141,0.002693
0.08628571428571429,1.0431428571428552,0.002693
0.0019999999999999987,0.8834285714285718,0.002693
0.011714285714285733,0.935428571428573,0.002693
0.06228571428571447,1.3414285714285703,0.002693
0.1294285714285712,1.097142857142858,0.002693
0.04485714285714281,0.9837142857142857,0.002693
0.05314285714285735,0.8682857142857127,0.002693
0.09,1.4317142857142855,0.002693
0.23057142857142818,1.5191428571428554,0.002693
0.15400000000000058,1.232857142857146,0.002693
0.16799999999999993,1.3551428571428616,0.002693
0.10028571428571442,1.3682857142857159,0.002693
0.1522857142857143,1.961428571428567,0.002693
0.16742857142857162,2.521999999999994,0.002693
0.16485714285714248,2.4337142857142777,0.002693
0.11828571428571423,2.238571428571426,0.002693
0.09485714285714293,3.00742857142857,0.002693
0.20199999999999982,4.943428571428593,0.002693
0.2168571428571425,5.466571428571414,0.002693
0.24914285714285692,6.784571428571441,0.002693
0.4597142857142859,7.168000000000009,0.002693
0.6525714285714282,7.761999999999993,0.002693
0.8725714285714274,12.17,0.002693
1.350571428571429,21.4777142857143,0.002693
2.198857142857137,32.19914285714291,0.002693
2.682285714285712,40.87857142857142,0.002693
3.111142857142851,42.904571428571344,0.002693
4.296285714285716,47.4988571428572,0.002693
5.849142857142856,48.8471428571428,0.002693
5.408857142857153,45.81342857142871,0.002693
4.339428571428581,45.90085714285718,0.002693
5.2345714285714475,49.15828571428573,0.002693
4.645714285714281,49.175142857142895,0.002693
3.1434285714285704,47.06485714285732,0.002693
1.7842857142857163,39.76714285714286,0.002693
1.9737142857142835,33.73542857142857,0.002693
1.7537142857142818,34.27514285714278,0.002693
1.8425714285714276,33.91942857142866,0.002693
2.30657142857143,35.14600000000002,0.002693
2.1368571428571426,36.611714285714214,0.002693
1.9908571428571427,34.92428571428572,0.002693
1.4114285714285753,31.986571428571445,0.002693
0.8060000000000013,25.223714285714333,0.002693
0.4268571428571433,15.638285714285677,0.002693
0.1828571428571432,7.485714285714293,0.002693
0.11371428571428602,4.12142857142857,0.002693
0.18399999999999994,3.706857142857141,0.002693
0.2745714285714276,2.895714285714288,0.002693
0.20057142857142812,2.3825714285714286,0.002693
0.07399999999999991,2.3682857142857134,0.002693
0.09971428571428581,2.5928571428571447,0.002693
0.10171428571428595,2.3768571428571446,0.002693
0.046857142857143104,1.7614285714285727,0.002693
0.12942857142857117,1.264285714285714,0.002693
0.06714285714285713,1.5997142857142848,0.002693
0.05114285714285711,1.501714285714286,0.002693
0.1339999999999999,1.0294285714285722,0.002693
0.150285714285714,0.8674285714285699,0.002693
0.010857142857142869,0.6711428571428589,0.002693
0.008285714285714299,1.200571428571428,0.002693
0.036857142857142866,1.6931428571428566,0.002693
0.044857142857142894,1.700285714285714,0.002693
0.08971428571428576,1.3071428571428563,0.002693
0.051142857142857,1.0371428571428571,0.002693
0.06571428571428573,1.6182857142857108,0.002693
0.238,1.1988571428571442,0.002693
0.15828571428571434,1.6920000000000006,0.002693
0.09771428571428568,1.9320000000000002,0.002693
0.20114285714285726,1.8785714285714301,0.002693
0.21228571428571416,2.058857142857148,0.002693
0.14771428571428635,2.797142857142852,0.002693
0.25857142857142834,2.7051428571428557,0.002693
0.1868571428571427,2.814857142857135,0.002693
0.19028571428571375,3.4025714285714335,0.002693
0.3365714285714287,5.890571428571428,0.002693
0.4459999999999989,6.619428571428576,0.002693
0.26971428571428596,6.8939999999999815,0.002693
0.43885714285714333,8.406285714285712,0.002693
0.4857142857142849,10.901428571428568,0.002693
0.6948571428571453,13.035142857142903,0.002693
1.16857142857143,18.71142857142857,0.002693
1.927999999999996,28.99771428571428,0.002693
2.678000000000001,39.05714285714282,0.002693
3.7517142857142924,45.44628571428579,0.002693
5.5019999999999945,52.080000000000005,0.002693
6.374571428571432,51.85171428571427,0.002693
4.845142857142849,50.5145714285714,0.002693
4.739714285714259,50.96342857142861,0.002693
5.641428571428556,53.90657142857141,0.002693
4.210285714285719,50.86942857142856,0.002693
3.1645714285714273,44.43657142857156,0.002693
2.581428571428567,36.63571428571434,0.002693
2.8851428571428546,34.1705714285715,0.002693
2.338285714285714,35.5845714285714,0.002693
1.4757142857142844,35.621142857142985,0.002693
1.1914285714285742,34.99971428571429,0.002693
1.515428571428572,36.46485714285715,0.002693
1.4339999999999988,37.48371428571432,0.002693
0.9262857142857162,30.55342857142855,0.002693
0.7457142857142852,21.783428571428573,0.002693
0.41028571428571414,13.543999999999997,0.002693
0.17628571428571427,8.424571428571426,0.002693
0.13600000000000032,4.847142857142842,0.002693
0.0928571428571429,3.783428571428576,0.002693
0.16742857142857187,3.2551428571428587,0.002693
0.17000000000000012,3.121142857142854,0.002693
0.07714285714285703,2.713714285714288,0.002693
0.15171428571428555,2.7519999999999922,0.002693
0.08457142857142873,2.4305714285714264,0.002693
0.01285714285714285,1.8971428571428528,0.002693
0.16285714285714273,1.9057142857142868,0.002693
0.17114285714285724,2.287714285714288,0.002693
0.16371428571428576,2.0334285714285723,0.002693
0.0845714285714285,0.7657142857142839,0.002693
0.06114285714285709,0.8711428571428584,0.002693
0.01742857142857143,1.201142857142856,0.002693
0.027142857142857142,1.7871428571428578,0.002693
0.05542857142857136,2.186571428571428,0.002693
0.08742857142857152,1.032857142857141,0.002693
0.06571428571428574,1.192571428571427,0.002693
0.04542857142857148,1.0694285714285743,0.002693
0.15942857142857156,1.0091428571428582,0.002693
0.25685714285714323,1.2154285714285706,0.002693
0.35057142857142765,1.416000000000002,0.002693
0.2222857142857148,1.7342857142857147,0.002693
0.15599999999999997,2.2025714285714244,0.002693
0.13142857142857114,2.0885714285714303,0.002693
0.17628571428571402,1.7202857142857146,0.002693
0.17885714285714296,2.0317142857142794,0.002693
0.31228571428571394,2.1497142857142917,0.002693
0.26742857142857146,3.605714285714278,0.002693
0.2022857142857143,5.960571428571423,0.002693
0.2874285714285712,6.9777142857142795,0.002693
0.3642857142857143,7.4439999999999875,0.002693
0.4977142857142858,11.01599999999999,0.002693
0.5154285714285713,12.150857142857157,0.002693
0.39342857142857207,13.660571428571433,0.002693
0.5871428571428577,15.632571428571438,0.002693
1.0885714285714287,23.227142857142887,0.002693
2.251999999999999,32.330000000000084,0.002693
3.3225714285714276,41.60514285714286,0.002693
4.732571428571432,49.08857142857157,0.002693
5.64657142857142,54.761714285714355,0.002693
6.212857142857151,53.384285714285724,0.002693
5.9211428571428515,55.871428571428694,0.002693
5.923714285714275,55.88942857142826,0.002693
4.450000000000003,49.06114285714291,0.002693
3.5397142857142856,41.68714285714289,0.002693
2.8005714285714305,37.41371428571425,0.002693
2.6011428571428605,34.44057142857148,0.002693
2.0371428571428574,35.19857142857141,0.002693
1.8694285714285697,37.872000000000085,0.002693
1.353428571428572,36.57142857142851,0.002693
1.2660000000000018,40.34285714285704,0.002693
1.4439999999999995,43.77057142857125,0.002693
1.2291428571428582,37.43428571428567,0.002693
1.1465714285714266,26.308285714285734,0.002693
0.4805714285714284,18.62314285714288,0.002693
0.3805714285714289,10.436857142857155,0.002693
0.29000000000000054,5.703714285714289,0.002693
0.12342857142857142,3.6345714285714257,0.002693
0.04314285714285716,3.7922857142857205,0.002693
0.09199999999999994,4.306000000000001,0.002693
0.017714285714285682,3.6994285714285753,0.002693
0.014857142857142838,3.495999999999998,0.002693
0.009999999999999967,3.2717142857142893,0.002693
0.0011428571428571481,2.587714285714285,0.002693
0.009428571428571442,2.996000000000002,0.002693
0.033142857142857106,2.457714285714284,0.002693
0.10228571428571438,2.1879999999999993,0.002693
0.2128571428571429,2.134285714285718,0.002693
0.07714285714285708,1.626285714285713,0.002693
0.014285714285714325,1.9622857142857142,0.002693
0.021428571428571432,2.1308571428571383,0.002693
0.1317142857142857,1.930571428571426,0.002693
0.016285714285714275,1.0079999999999993,0.002693
0.04885714285714285,0.9294285714285717,0.002693
0.07171428571428586,0.8011428571428573,0.002693
0.15085714285714263,0.7022857142857151,0.002693
0.14628571428571402,1.2937142857142852,0.002693
0.15828571428571403,1.6082857142857154,0.002693
0.1579999999999997,2.015142857142863,0.002693
0.19771428571428576,1.7725714285714307,0.002693
0.27171428571428624,1.8494285714285752,0.002693
0.19257142857142895,1.7674285714285731,0.002693
0.1557142857142857,2.0368571428571416,0.002693
0.31428571428571533,2.9282857142857193,0.002693
0.24171428571428613,4.026857142857141,0.002693
0.13142857142857162,5.037428571428574,0.002693
0.2571428571428568,5.4522857142857095,0.002693
0.23057142857142884,6.548285714285705,0.002693
0.21028571428571435,7.723428571428578,0.002693
0.2837142857142857,9.20628571428572,0.002693
0.5879999999999994,13.930571428571445,0.002693
1.0959999999999994,19.42514285714286,0.002693
1.1848571428571415,26.46057142857145,0.002693
1.7977142857142876,34.90971428571431,0.002693
3.785142857142858,44.39828571428564,0.002693
5.774857142857142,52.39228571428571,0.002693
7.071428571428581,56.95114285714283,0.002693
7.494857142857146,55.48657142857127,0.002693
6.586285714285725,55.731999999999964,0.002693
5.369142857142864,54.440285714285736,0.002693
3.7291428571428495,47.1102857142857,0.002693
2.5142857142857187,42.12371428571423,0.002693
2.35257142857143,36.002571428571294,0.002693
1.8128571428571414,32.22342857142855,0.002693
1.3654285714285683,33.09485714285703,0.002693
1.6357142857142821,34.929714285714304,0.002693
1.1334285714285754,33.3857142857144,0.002693
1.2782857142857138,36.34657142857147,0.002693
1.413142857142857,41.63799999999995,0.002693
1.6534285714285732,37.063142857142836,0.002693
0.9477142857142855,27.380857142857103,0.002693
0.7299999999999995,20.44257142857145,0.002693
0.7460000000000007,13.28028571428571,0.002693
0.2551428571428575,5.944,0.002693
0.046571428571428646,3.085428571428574,0.002693
0.14399999999999977,3.167428571428581,0.002693
0.10399999999999998,3.643142857142857,0.002693
0.04971428571428568,4.097428571428571,0.002693
0.01457142857142864,3.857142857142862,0.002693
0.02742857142857144,2.9479999999999995,0.002693
0.004857142857142857,2.6540000000000017,0.002693
0.03742857142857141,2.211142857142856,0.002693
0.03885714285714288,1.7700000000000027,0.002693
0.12028571428571395,1.9979999999999993,0.002693
0.05914285714285705,2.2439999999999993,0.002693
0.022857142857142913,1.6828571428571415,0.002693
0.02885714285714289,1.9662857142857142,0.002693
0.04771428571428572,1.7634285714285727,0.002693
0.07314285714285712,1.3731428571428559,0.002693
0.07400000000000007,0.891142857142857,0.002693
0.04228571428571427,0.72742857142857,0.002693
0.10000000000000005,0.5868571428571421,0.002693
0.19,0.5148571428571439,0.002693
0.2300000000000002,1.046285714285712,0.002693
0.19714285714285715,1.6179999999999988,0.002693
0.15685714285714306,1.694571428571429,0.002693
0.13571428571428537,1.6008571428571428,0.002693
0.3465714285714295,1.7642857142857213,0.002693
0.28342857142857114,1.9322857142857117,0.002693
0.17485714285714266,2.316571428571423,0.002693
0.2517142857142858,3.7137142857142913,0.002693
0.25971428571428595,4.681142857142858,0.002693
0.298571428571428,5.551999999999991,0.002693
0.1659999999999996,5.365714285714295,0.002693
0.40142857142857163,6.17657142857144,0.002693
0.3725714285714283,6.417428571428591,0.002693
0.1828571428571426,7.837142857142837,0.002693
0.6037142857142863,15.255428571428604,0.002693
1.040857142857143,23.469999999999995,0.002693
1.7174285714285698,30.789428571428545,0.002693
1.8408571428571423,38.06628571428568,0.002693
3.063428571428579,45.470857142857135,0.002693
4.548285714285719,49.94885714285717,0.002693
5.4011428571428555,50.19057142857131,0.002693
6.205714285714273,50.08885714285716,0.002693
5.1928571428571315,49.26257142857153,0.002693
5.430857142857137,46.06857142857137,0.002693
3.9191428571428593,43.86857142857152,0.002693
2.9928571428571473,41.044571428571444,0.002693
2.9514285714285715,34.384000000000015,0.002693
1.5282857142857125,30.216285714285657,0.002693
1.30342857142857,32.282285714285756,0.002693
2.00857142857143,36.05885714285719,0.002693
2.0385714285714345,36.49228571428568,0.002693
2.3794285714285746,37.658,0.002693
2.4842857142857193,40.79314285714272,0.002693
1.9785714285714258,38.20200000000012,0.002693
1.584000000000004,28.916285714285713,0.002693
1.204285714285715,20.545142857142856,0.002693
0.8854285714285717,13.957428571428581,0.002693
0.2591428571428571,6.921714285714288,0.002693
0.10714285714285729,4.57999999999999,0.002693
0.1740000000000004,4.165142857142855,0.002693
0.15342857142857147,3.5980000000000016,0.002693
0.10257142857142859,3.3025714285714294,0.002693
0.08314285714285725,2.7460000000000035,0.002693
0.045714285714285666,2.3268571428571447,0.002693
0.00857142857142859,2.0811428571428583,0.002693
0.08228571428571414,1.5599999999999998,0.002693
0.07657142857142851,1.5654285714285703,0.002693
0.06228571428571439,1.8994285714285677,0.002693
0.03657142857142868,1.6940000000000015,0.002693
0.022857142857142895,1.1611428571428561,0.002693
0.05742857142857148,1.5022857142857147,0.002693
0.08399999999999998,1.132285714285716,0.002693
0.0897142857142857,1.2531428571428578,0.002693
0.1334285714285709,0.9968571428571463,0.002693
0.02942857142857143,1.1282857142857146,0.002693
0.07828571428571421,0.9419999999999998,0.002693
0.13714285714285687,0.9788571428571439,0.002693
0.09885714285714313,1.1419999999999981,0.002693
0.12200000000000041,1.5051428571428598,0.002693
0.1554285714285716,1.4514285714285684,0.002693
0.09514285714285717,1.998000000000002,0.002693
0.15914285714285697,2.2682857142857085,0.002693
0.382,1.8491428571428599,0.002693
0.3339999999999997,2.8257142857142825,0.002693
0.28485714285714314,3.9922857142857073,0.002693
0.26657142857142807,4.290857142857143,0.002693
0.3319999999999994,5.880857142857142,0.002693
0.264857142857143,6.065714285714286,0.002693
0.6437142857142858,6.92114285714286,0.002693
0.49200000000000166,6.5694285714285785,0.002693
0.4571428571428569,6.805999999999995,0.002693
0.8677142857142863,12.861428571428588,0.002693
1.5034285714285756,22.791142857142876,0.002693
2.406285714285714,31.613714285714245,0.002693
2.797714285714287,37.72399999999986,0.002693
2.4062857142857177,40.962571428571486,0.002693
3.340857142857138,44.481428571428594,0.002693
4.779428571428571,44.558285714285674,0.002693
5.4608571428571455,43.195142857142834,0.002693
5.535714285714269,43.354857142857114,0.002693
5.449999999999991,45.47114285714276,0.002693
4.610857142857152,48.29314285714275,0.002693
3.138000000000009,45.71085714285715,0.002693
2.3482857142857148,37.815142857142824,0.002693
1.8557142857142839,32.960285714285774,0.002693
1.8140000000000007,34.93314285714278,0.002693
2.6842857142857146,37.401142857142865,0.002693
2.975999999999996,38.86457142857147,0.002693
3.5448571428571416,39.79771428571429,0.002693
2.5439999999999974,42.65085714285717,0.002693
1.792,40.25914285714283,0.002693
1.365142857142854,28.05999999999999,0.002693
0.7705714285714271,19.64085714285718,0.002693
0.5428571428571427,11.576285714285737,0.002693
0.22485714285714273,6.775428571428581,0.002693
0.1122857142857143,4.661142857142861,0.002693
0.16000000000000034,3.85028571428571,0.002693
0.08657142857142817,3.266285714285715,0.002693
0.06885714285714287,2.6059999999999994,0.002693
0.06371428571428579,2.3917142857142806,0.002693
0.0657142857142859,2.000857142857144,0.002693
0.08771428571428559,2.0280000000000036,0.002693
0.042285714285714204,1.7457142857142827,0.002693
0.0731428571428571,1.3660000000000043,0.002693
0.06599999999999988,1.0405714285714287,0.002693
0.04657142857142858,1.2231428571428578,0.002693
0.034857142857142746,1.0594285714285736,0.002693
0.01857142857142858,0.9091428571428563,0.002693
0.038285714285714215,0.8845714285714302,0.002693
0.08257142857142845,1.2302857142857133,0.002693
0.05514285714285708,1.1880000000000006,0.002693
0.035142857142857115,1.3819999999999995,0.002693
0.04114285714285723,1.4840000000000029,0.002693
0.1225714285714284,1.4360000000000006,0.002693
0.12571428571428553,1.4048571428571393,0.002693
0.16400000000000037,1.2405714285714293,0.002693
0.34428571428571414,1.6820000000000013,0.002693
0.1597142857142853,2.017714285714285,0.002693
0.13000000000000023,2.3377142857142847,0.002693
0.21857142857142903,2.682571428571429,0.002693
0.28599999999999975,3.1437142857142844,0.002693
0.24000000000000096,3.568285714285721,0.002693
0.16000000000000028,3.670285714285715,0.002693
0.3002857142857144,5.741714285714288,0.002693
0.28742857142857237,6.5482857142857185,0.002693
0.5319999999999995,6.975714285714281,0.002693
0.5571428571428566,7.921714285714276,0.002693
0.5719999999999995,7.5882857142857265,0.002693
0.836857142857142,11.077714285714286,0.002693
1.186000000000005,18.689142857142894,0.002693
1.8931428571428572,27.22714285714297,0.002693
2.1454285714285706,35.474,0.002693
2.262285714285716,39.23885714285707,0.002693
3.448000000000003,43.669428571428476,0.002693
3.9911428571428567,45.08028571428586,0.002693
4.084000000000002,42.97257142857142,0.002693
4.769142857142848,44.237428571428545,0.002693
5.03285714285715,47.60514285714284,0.002693
4.509999999999997,48.025714285714216,0.002693
3.3502857142857274,47.54342857142867,0.002693
2.356857142857142,41.46714285714277,0.002693
2.3505714285714285,36.75314285714291,0.002693
1.9931428571428516,39.74971428571434,0.002693
2.185428571428576,38.351999999999954,0.002693
3.079714285714291,39.35228571428561,0.002693
3.0531428571428556,41.959428571428546,0.002693
2.92514285714285,43.33742857142856,0.002693
1.7900000000000016,39.964571428571446,0.002693
1.0494285714285705,28.16942857142857,0.002693
0.544,16.720857142857124,0.002693
0.27885714285714286,9.405428571428562,0.002693
0.07257142857142841,5.500571428571421,0.002693
0.11000000000000018,3.9531428571428653,0.002693
0.15799999999999934,3.4505714285714277,0.002693
0.06657142857142875,2.684285714285712,0.002693
0.08342857142857167,2.6311428571428577,0.002693
0.0959999999999999,2.661999999999998,0.002693
0.08142857142857153,1.8200000000000007,0.002693
0.07171428571428577,1.8665714285714265,0.002693
0.09314285714285739,1.7428571428571453,0.002693
0.08857142857142894,1.548,0.002693
0.08428571428571434,1.770857142857143,0.002693
0.047714285714285744,1.7731428571428576,0.002693
0.04799999999999997,1.1371428571428601,0.002693
0.02057142857142859,0.7520000000000009,0.002693
0.02600000000000002,0.9394285714285712,0.002693
0.1137142857142856,1.4694285714285686,0.002693
0.10514285714285708,1.0348571428571434,0.002693
0.12085714285714315,0.9268571428571415,0.002693
0.0645714285714287,1.247142857142857,0.002693
0.13371428571428637,1.3771428571428594,0.002693
0.32028571428571445,1.6011428571428574,0.002693
0.31085714285714267,1.5091428571428611,0.002693
0.22114285714285747,2.0902857142857183,0.002693
0.09628571428571438,2.3608571428571445,0.002693
0.15571428571428553,1.7368571428571438,0.002693
0.11285714285714266,2.116857142857143,0.002693
0.2879999999999998,2.5040000000000004,0.002693
0.259428571428571,2.3465714285714308,0.002693
0.1880000000000001,2.7777142857142896,0.002693
0.34628571428571386,5.7705714285714285,0.002693
0.3605714285714287,6.874285714285722,0.002693
0.2942857142857146,7.376571428571412,0.002693
0.5145714285714282,10.02114285714289,0.002693
0.638857142857143,12.457142857142857,0.002693
0.7065714285714285,14.226857142857126,0.002693
0.7911428571428576,17.021999999999977,0.002693
1.273428571428572,24.335428571428572,0.002693
1.781428571428571,32.09885714285711,0.002693
2.666285714285706,40.09314285714292,0.002693
4.221142857142851,45.45371428571432,0.002693
4.129428571428573,46.99571428571426,0.002693
3.8677142857142894,47.94057142857128,0.002693
4.69057142857142,48.79999999999991,0.002693
5.825999999999998,50.387142857142855,0.002693
4.126285714285713,48.21971428571435,0.002693
3.284000000000001,43.25028571428577,0.002693
2.8728571428571454,39.9662857142858,0.002693
2.8279999999999923,36.89999999999998,0.002693
2.375142857142856,38.92885714285715,0.002693
1.76542857142857,39.11514285714285,0.002693
1.5962857142857154,38.51485714285713,0.002693
2.0782857142857165,41.29228571428561,0.002693
2.069714285714287,44.28114285714294,0.002693
1.5311428571428563,39.68400000000004,0.002693
1.2479999999999967,27.466857142857123,0.002693
0.4965714285714291,17.447428571428574,0.002693
0.27342857142857135,10.220857142857138,0.002693
0.16200000000000017,5.532857142857155,0.002693
0.08028571428571447,4.142857142857147,0.002693
0.07342857142857143,3.6382857142857117,0.002693
0.0757142857142857,3.2091428571428615,0.002693
0.011714285714285727,3.173142857142862,0.002693
0.08857142857142923,2.9562857142857153,0.002693
0.06028571428571423,2.508285714285717,0.002693
0.0357142857142858,1.7434285714285702,0.002693
0.0822857142857142,1.8631428571428583,0.002693
0.09285714285714287,1.8317142857142867,0.002693
0.1614285714285717,2.205428571428572,0.002693
0.10257142857142859,1.6671428571428557,0.002693
0.09428571428571435,1.363714285714288,0.002693
0.05000000000000004,1.2011428571428566,0.002693
0.012857142857142855,1.5091428571428562,0.002693
0.07285714285714286,1.6248571428571412,0.002693
