seq_name,id,UniProt_ID,N,nu,SPR,ete2_Rg2,S,Delta,Rg/nm,Ree/nm,Rh/nm,fK,fR,fE,fD,faro,mean_lambda,shd,scd,kappa,fcr,ncpr,fasta,is_btw_folded,is_nterm,is_cterm,is_idp,first,last,N_FL,protein_name,gene_name,QCDpred,z_delta_+-,z_omega_pi,z_omega_+,z_omega_-,fdomain,nu_svr,SPR_svr,mw,nframes,cdil,cden,edil,eden,dG,dG_error,logcdil,cdil_mgml,logcdil_mgml,log10cdil_mgml,ah_ij,Frequency/ns,pden,pdil,GIN_group
Q86U02_1_117,15446.0,Q86U02,117.0,0.468,9.986901300025398,5.628208333874551,0.8627714397016252,0.2095517955881354,2.755890954145559,6.15462368660503,2.2589012007268305,0.017094017094017,0.0341880341880341,0.0341880341880341,0.0341880341880341,0.1965811965811966,0.5341039649190776,4.62504144221316,-0.1913584442356038,0.191753003367834,0.1367521367521367,-0.017094017094017,MFTLLLSNYYSRLEGWMMDNNFSHHWKGMFPTETESTVFCLFVYLFIFVFETASGFVAQTGVHWCNLGSLQPLPPGFKRFSCLSLPSSLDYRHAPPCLANFYIFSGDRVSPCWPDWS,False,False,False,True,1.0,117.0,117.0,Putative uncharacterized protein encoded by LINC00596,LINC00596,0.6078652475247524,0.0,-0.5162547025134404,0.0,0.0,0.1709401709401709,0.4943413353466293,9.939,13540.39609999998,5897.0,0.0360287318543234,42.62170609114178,0.0042846728657759,0.008514345904393,-7.075802207943122,0.1201807871462703,-3.323438551779575,0.4878433002882256,-0.7177610306613006,-0.3117196549413936,-0.8299395002729635,1.0,1.5,5.0,6
Q5QFB9_1_102,12069.0,Q5QFB9,102.0,0.47,10.033116892005935,5.708226968562341,0.8398513349790093,0.1975370233903918,2.63599302791593,5.838989931706227,2.164602207727376,0.0686274509803921,0.0490196078431372,0.0098039215686274,0.0392156862745098,0.196078431372549,0.5305678532211695,4.406050310905301,-0.1420448228591289,0.2555992287231914,0.1862745098039215,0.0686274509803921,MRYGFVRKKHRGLFLTTVAALPIWNPISEFVKWYKSHKLSQHCIRICGHLCQKHLDMFLSVIGQRWPIDVFSSVFDHQVSAIGSDIIWWFLKLFLVSFFFFF,False,False,False,True,1.0,102.0,102.0,Protein PAPPAS,PAPPA-AS1,0.7878798837209303,0.0,1.2304317767261383,0.5869649847137934,0.0,0.196078431372549,0.4909970955431673,9.974,12196.32639999999,4005.0,0.0737717584729102,24.8159860915812,0.0042374053247172,0.014495595908243,-5.818267343106162,0.0570139603739406,-2.6067792971338863,0.8997444454375777,-0.105644505492925,-0.0458808257789751,-0.8669786690164134,5.0,1.0,5.0,6
P19012_1_109,5472.0,P19012,109.0,0.491,9.716647930475686,5.852506240911269,0.8400566863782455,0.2216972849600471,2.564760580016554,5.8851590036743815,2.092581488752187,0.0091743119266055,0.036697247706422,0.0091743119266055,0.0091743119266055,0.091743119266055,0.5936946523471577,5.1139755193034695,-0.218135768932997,0.1774404044953022,0.0825688073394495,0.0275229357798165,MTTTFLQTSSSTFGGGSTRGGSLLAGGGGFGGGSLSGGGGSRSISASSARFVSSGSGGGYGGGMRVCGFGGGAGSVFGGGFGGGVGGGFGGGFGGGDGGLLSGNEKITM,False,True,False,False,1.0,109.0,456.0,"Keratin, type I cytoskeletal 15",KRT15,0.1075018279569892,0.0,0.0,0.0,0.0,0.0,0.4734384510886704,9.836,9640.3295,7214.0,1.0486756653484055,41.58919002028655,0.0280570827493001,0.0303744089288173,-3.6803121812165696,0.026712463815669,0.0475280970008402,10.10957895259036,2.31348338553708,1.004733068313607,-0.6722635381841807,1.0,1.5,5.0,6
P30536_1_169,6178.0,P30536,169.0,0.44,9.874562350967532,5.4916416900856,0.7434700661322707,0.2073557411046754,3.121490826901232,6.889755710447678,2.5891994003738,0.0177514792899408,0.0473372781065088,0.0236686390532544,0.0118343195266272,0.1715976331360947,0.5394350089673766,5.090351765633193,0.4169228847706767,0.1414824545417981,0.1065088757396449,0.029585798816568,MAPPWVPAMGFTLAPSLGCFVGSRFVHGEGLRWYAGLQKPSWHPPHWVLGPVWGTLYSAMGYGSYLVWKELGGFTEKAVVPLGLYTGQLALNWAWPPIFFGARQMGWALVDLLLVSGAAAATTVAWYQVSPLAARLLYPYLAWLAFTTTLNYCVWRDNHGWRGGRRLPE,False,False,False,True,1.0,169.0,169.0,Translocator protein,TSPO,0.7207760784313726,0.0,-1.88784123286645,0.0,0.0,0.1183431952662721,0.4962269505003351,9.875,18827.684800000006,6041.0,0.0094541165569357,29.042359486219087,0.003842119201298,0.0068318209139728,-8.030060454019864,0.5364628801485744,-4.661305017838383,0.1779991265964466,-1.7259766354636257,-0.749582128675793,-0.819054332283286,1.0,1.5,5.0,10
Q96K19_200_258,20615.0,Q96K19,59.0,0.486,10.065046938143878,5.8133379435175785,0.8739635789540942,0.2193942315498098,1.9767552027714257,4.52075149188138,1.693784253950126,0.0,0.0677966101694915,0.0338983050847457,0.0508474576271186,0.1864406779661017,0.5613831414265169,4.104662131170692,-0.495296557288025,0.2870611373923523,0.1525423728813559,-0.0169491525423728,IRIILCLMGAFFYLISPLDFVPEALFGILGFLDDFFVIFLLLIYISIMYREVITQRLTR,False,False,True,False,200.0,258.0,258.0,E3 ubiquitin-protein ligase RNF170,RNF170,0.9010583720930232,0.0,-0.8907539474182428,0.0,0.0,0.3389830508474576,0.4969462437018024,10.02,6964.427499999998,5642.0,0.2100831069188418,87.81817294622347,0.0086359963214833,0.0141020900370114,-6.035520539707071,0.0413234031839893,-1.5602520793193704,1.4631085671110218,0.3805633278362901,0.1652765532940389,-0.9288924423942976,1.0,1.5,5.0,10
Q9Y5I1_1_33,27734.0,Q9Y5I1,33.0,0.489,10.116679561517223,5.9327279087087135,0.8239245463731267,0.2075955489887161,1.422310566772565,3.282149824771014,1.3078204822286612,0.0,0.0909090909090909,0.0606060606060606,0.0,0.1818181818181818,0.6064266723691852,3.71586063366685,-0.930979963678174,0.4620225225635163,0.2121212121212121,0.0303030303030303,MFGFQRRGLGTPRLQLWLLLLEFWEVGSGQLHY,False,True,False,False,1.0,33.0,949.0,Protocadherin alpha-11,PCDHA11,0.856245294117647,0.0,0.8000234001826153,0.0,0.0,0.0,0.45709207577461,10.104,3949.5824,5699.0,1.57099277883863,157.2398105557866,0.0283751990995817,0.0646171088529448,-4.606064333018829,0.0181572126007026,0.4517077627248105,6.204765429828146,1.82531761452994,0.7927253677111599,-0.9710430964569148,1.0,1.5,5.0,10
O96024_1_35,4024.0,O96024,35.0,0.482,10.093047400933232,5.894783550442371,0.8594178497328019,0.22177625897635,1.4834872547526377,3.4101702823181346,1.3482108190989168,0.0,0.0857142857142857,0.0571428571428571,0.0,0.0857142857142857,0.5569985881642854,3.506007990829065,-1.297988036186475,0.6065782970985062,0.2,0.0285714285714285,MQLRLFRRLLLAALLLVIVWTLFGPSGLGEELLSL,False,True,False,False,1.0,35.0,378.0,"Beta-1,3-galactosyltransferase 4",B3GALT4,0.9001657894736842,0.0,0.0,0.0,0.0,0.2857142857142857,0.4474095538779987,10.146,3952.8349,6906.0,3.840889430778148,127.95656921916364,0.0389307917617009,0.0566882809797749,-3.5059869409903155,0.0100760567835306,1.345703962377739,15.182401789020998,2.720136980072541,1.1813404804664802,-0.8894892026651291,1.0,1.5,5.0,10
P0DMR3_1_200,4794.0,P0DMR3,200.0,0.342,9.952943144755825,5.365380421864823,0.6940333639523651,0.1535824005366679,3.1120831865388405,6.712248986658424,2.699787451982679,0.075,0.075,0.09,0.04,0.08,0.4519808406185497,4.412805178647849,-4.059974706910213,0.3686007078218664,0.29,0.02,MPCPGAPCCSLVATGSRVPFSGLKEEEEEDGEDDEEEEEEGFFQKVLTPLLSWLLSRRLWLGPQCSKLPLPSCCRQPPPAGPPVEGDGWLKSFQRSRRMCFTSKSFRPEPDMLYAQKAKGWQLTQDSGGWEVQDQCTRIWSKENLLALNTHSRRQKGKRENKVCVSTWQKSRGDRTYSSMATTPSMTKILEGCMYRKLKC,False,False,False,True,1.0,200.0,200.0,Putative protein ATXN8OS,ATXN8OS,0.30760625,5.973842604254092,0.0,1.2610730861573576,2.1936867837875367,0.0,0.3982572624916332,10.0,22758.78060000001,15621.0,0.0429383917633299,18.2464495862322,0.0051336862124284,0.0109383837678921,-6.051959458228196,0.120123694048087,-3.147988940345838,0.9772254374584728,-0.0230379089728889,-0.010005236741515,-0.6838177711191737,1.0,1.5,5.0,17
Q9H902_1_100,23765.0,Q9H902,100.0,0.46,9.993904163941624,5.895416795034242,0.7910464439861878,0.1745486369691649,2.487316476031445,5.729557718472047,2.111483842138936,0.09,0.02,0.04,0.02,0.24,0.52444399777124,4.422019493200795,0.3097755777486137,0.149316538075439,0.18,0.05,MVSWIISRLVVLIFGTLYPAYYSYKAVKSKDIKEYVKWMMYWIIFALFTTAETFTDIFLCWFPFYYELKIAFVAWLLSPYTKGSSLLYRKFVHPTLSSKE,False,True,False,False,1.0,100.0,201.0,Receptor expression-enhancing protein 1,REEP1,0.8597569047619047,0.0,-0.4478302350865019,0.7779081215815435,0.0,0.2,0.5066257597562294,9.978,12016.14929999999,6541.0,0.154553958744736,43.4308262145994,0.0091113028998451,0.0165592700927093,-5.638381466496578,0.0596254638135138,-1.8672119960783184,1.857143443182787,0.6190395239661357,0.2688454493385085,-0.8732651532340028,1.0,1.5,5.0,17
Q13402_787_1000,9491.0,Q13402,214.0,0.152,9.957404060606136,3.085715577495346,0.5951046555936919,0.1406634733767522,3.1470859498529595,4.853829877966582,2.7810525493118776,0.0700934579439252,0.1448598130841121,0.1401869158878504,0.0420560747663551,0.0654205607476635,0.4344237384172797,4.269813395041569,-10.137439612040854,0.203118134188237,0.397196261682243,0.0327102803738317,YGLMRLGFLRLQALHRSRKLHQQYRLARQRIIQFQARCRAYLVRKAFRHRLWAVLTVQAYARGMIARRLHQRLRAEYLWRLEAEKMRLAEEEKLRKEMSAKKAKEEAERKHQERLAQLAREDAERELKEKEAARRKKELLEQMERARHEPVNHSDMVDKMFGFLGTSGGLPGQEGQAPSGFEDLERGRREMVEEDLDAALPLPDEDEEDLSEYK,False,False,False,False,787.0,1000.0,2215.0,Unconventional myosin-VIIa,MYO7A,0.338105,1.5535424960992612,0.0,0.6066218290027411,2.856714646721336,0.0934579439252336,0.3418458653515815,10.006,25464.8862,7735.0,0.0172506534028256,15.650585434620922,0.0036089607404811,0.0144007213861343,-6.810413582046962,0.2223220845956701,-4.059905257797465,0.4392859257785965,-0.8226047663497363,-0.3572527108130043,-0.7029618697463712,1.0,1.5,5.0,19
Q9P2N5_932_1060,25676.0,Q9P2N5,129.0,0.165,9.99058104375024,3.7377442568354886,0.4691432999824054,0.1395017039186212,2.3625628581193645,4.217980787729976,2.1635981245394533,0.0620155038759689,0.1085271317829457,0.1395348837209302,0.0775193798449612,0.0542635658914728,0.4142985379775853,3.662536390578537,-6.803412121299733,0.3815261410977184,0.3720930232558139,-0.0465116279069767,EAARLGILPVGRGKTMSSQGRGRGRGRGGRGRGSLNHMVVDHRPKALTVGGFIEEEKEDLLQHFSTANQGPKFKDRRLQISWHKPKVPSISTETEEEEVKEEETETSDLFLPDDDDEDEDEYESRSWRR,False,False,True,False,932.0,1060.0,1060.0,RNA-binding protein 27,RBM27,0.1299323008849557,5.421213421089908,0.0,1.6892780331179544,6.128458843960298,0.0,0.3205925868415967,10.081,14690.93499999999,8337.0,0.2151154783345096,22.996292460257227,0.0181188318059532,0.0272048841224015,-4.671913292068366,0.0855411203124251,-1.5365802865130307,3.160247509706187,1.150650350387899,0.4997210977735079,-0.6188300512978573,1.0,1.5,5.0,19
P18089_200_362,5440.0,P18089,163.0,0.28,9.99122682186414,3.294120087867588,0.73546748565875,0.1831005138625817,3.009089029079166,4.82614170559729,2.5494797778159475,0.0429447852760736,0.0797546012269938,0.1411042944785276,0.0184049079754601,0.0184049079754601,0.4021846539615588,3.696466788797577,-5.697594186931614,0.4532993031464099,0.2883435582822086,-0.0368098159509202,KRSNRRGPRAKGGPGQGESKQPRPDHGGALASAKLPALASVASAREVNGHSKSTGEKEEGETPEDTGTRALPPSWAALPNSGQGQKEGVCGASPEDEAEEEEEEEEEEEECEPQAVPVSPASACSPPLQQPQGSRVLATLRGQVLLGRGVGAIGGQWWRRRAQ,False,False,False,False,200.0,362.0,450.0,Alpha-2B adrenergic receptor,ADRA2B,0.1814620408163265,7.598469794211799,0.0,0.3372388520304246,4.728267311491447,0.0,0.3583003002404131,10.079,17076.420899999997,11111.0,1.0275041887455083,10.041444993077857,0.1587218989937056,0.1529399084737223,-2.2795882835029984,0.1588220012023825,0.0271327440179074,17.54609400353134,2.864831361239506,1.244180451769699,-0.5451262202353809,1.0,1.5,5.0,19
Q8WTT2_1_202,18874.0,Q8WTT2,202.0,0.107,10.082063801262017,2.377025980116178,0.5067997245812874,0.1312370587691533,2.9546462984314044,4.047479913872902,2.695876665359477,0.1584158415841584,0.0792079207920792,0.1584158415841584,0.0643564356435643,0.0247524752475247,0.34932924764032,3.4224895800514377,-13.79070777925432,0.2736015541006281,0.4653465346534653,0.0148514851485148,MKARRNKKQIPSFRKLIKTSKVKLENKLKNKQFKQQSTLKKYRKEQRKLRQAVKDAVSKKPIPLENPKEKRPGKRIEREEEEEEEALPLDMMDEDDLQLMKDLGQRVSFLTRDLSSSEPVHAKKRKHERIIDKYEKIPRTLQTAPEKELIHLLPIKDKSGIIPQTREKPVTDSNKDEEDQEEERELEEEIIEDPIQELTIEE,False,True,False,False,1.0,202.0,800.0,Nucleolar complex protein 3 homolog,NOC3L,0.1767488709677419,4.071522959041566,0.0,1.6576848683271814,2.5368644625242585,0.0,0.1841908148527078,9.981,24040.284900000035,9306.0,0.0541929475732959,11.986547082284794,0.0061299153020377,0.0179650087934276,-5.398989442012012,0.1152925899852957,-2.915204497576569,1.302813899232799,0.2645264631017467,0.1148823832424727,-0.5689884708246945,1.0,1.5,5.0,23
Q9H497_1_109,23410.0,Q9H497,109.0,0.422,9.97468385791904,5.302947829248287,0.7378547531479707,0.1836770710111727,2.499772276320725,5.377166686214582,2.120774750880939,0.018348623853211,0.0825688073394495,0.0642201834862385,0.055045871559633,0.1559633027522936,0.5232020097845451,4.433150948255346,-1.1695237562936047,0.3654222940698233,0.2201834862385321,-0.018348623853211,MLRGPWRQLWLFFLLLLPGAPEPRGASRPWEGTDEPGSAWAWPGFQRLQEQLRAAGALSKRYWTLFSCQVWPDDCDEDEEAATGPLGWRLPLLGQRYLDLLTTWYCSFK,False,True,False,False,1.0,109.0,397.0,Torsin-3A,TOR3A,0.4254139784946237,3.746574150953134,0.7928190288913027,-0.3259135008866323,1.2839417583498205,0.0,0.4584142389308462,9.97,12643.27109999999,5808.0,0.014490769479415,46.67391941604801,0.0042776467065347,0.0083894189112258,-8.077428957813636,0.3509040621539863,-4.234243419890095,0.1832107269758495,-1.6971182750946638,-0.7370491020107774,-0.819712494347007,1.0,1.5,5.0,24
Q8WYR1_306_514,19273.0,Q8WYR1,209.0,0.272,9.936992375428543,4.880391314390354,0.6740385333919355,0.130290009987613,2.9642895066996333,6.056082067224715,2.650615519477907,0.0287081339712918,0.1004784688995215,0.1100478468899521,0.0669856459330143,0.0430622009569377,0.4354183423060369,4.3241856385763375,-6.257785893469989,0.4078128122981033,0.3157894736842105,-0.0478468899521531,LKEQELLQPGILGDDEEEEEEEEEVEEDLETDGHCAERDSLLSTSSLASHDSTLSLASSQASGPALSRHLLTSFVSGLSDGMDSGYVEDSEESSSEWPWRRGSQERRGHRRPGQKFIRIYKLFKSTSQLVLRRDSRSLEGSSDTALPLRRAGSLCSPLDEPVSPPSRAQRSRSLPQPKLGTQLPSWLLAPASRPQRRRPFLSGDEDPKA,False,False,False,False,306.0,514.0,880.0,Phosphoinositide 3-kinase regulatory subunit 5,PIK3R5,0.2470197409326424,7.303193465385239,0.0,3.1473721308131086,4.552476224351808,0.0,0.3435020561911506,10.01,23182.188399999995,5044.0,0.0286215603256842,15.969656593143831,0.0046433190230185,0.0204690458253905,-6.324285446371419,0.1681576386904179,-3.5535949876227955,0.6635104037719763,-0.410210745194184,-0.1781522630552549,-0.6432728475867742,1.0,1.5,5.0,24
Q6P158_1_189,13494.0,Q6P158,189.0,0.295,9.910559801013402,4.919119818410825,0.719429398608129,0.1578881331877061,3.039538676326063,6.146098961131742,2.612267681768831,0.074074074074074,0.074074074074074,0.0793650793650793,0.0687830687830687,0.0529100529100529,0.4420147048875946,4.250432236497355,-8.282662541747838,0.3384410456746874,0.3068783068783068,0.0,MSSSVRRKGKPGKGGGKGSSRGGRGGRSHASKSHGSGGGGGGGGGGGGGNRKASSRIWDDGDDFCIFSESRRPSRPSNSNISKGESRPKWKPKAKVPLQTLHMTSENQEKVKALLRDLQEQDADAGSERGLSGEEEDDEPDCCNDERYWPAGQEPSLVPDLDPLEYAGLASVEPYVPEFTVSPFAVQKL,False,True,False,False,1.0,189.0,1386.0,Putative ATP-dependent RNA helicase DHX57,DHX57,0.1030560693641618,4.840850569234247,0.0,2.010331985233804,2.226211811878988,0.1269841269841269,0.3389166786287747,10.014,20000.648199999985,8303.0,0.091915669535659,16.30685692585724,0.0055942484082742,0.0252117328264837,-5.178469447436032,0.0616145116480935,-2.386883757782269,1.838372970450172,0.608880925246528,0.2644336259707135,-0.6029483432026357,1.0,1.5,5.0,24
Q96M69_1_106,20838.0,Q96M69,106.0,0.314,10.116473899944706,5.178061561658085,0.852615678571963,0.1628231126290672,2.3692420503250107,4.962134927812249,2.082208789699466,0.0283018867924528,0.0943396226415094,0.1320754716981132,0.0471698113207547,0.0566037735849056,0.4473643782710436,3.812867544032264,-6.467435200896062,0.3425145847784986,0.3207547169811321,-0.0566037735849056,MATSERALLRTRAASLLRGLGRSRTGARSLQFRAEKERQPCWSFPMGQKTKGSSNIASSYLLQQLMHRYQELDSDGDEDQGEGEAGSEESSESEMLNLEEEFDGVL,False,True,False,False,1.0,106.0,825.0,Leucine-rich repeat and guanylate kinase domain-containing protein,LRGUK,0.2640172222222222,3.5344404389799213,0.0,1.0692611886025474,3.3160067106025912,0.0,0.3413738977094069,10.067,11831.877500000002,8882.0,0.7120968621082594,24.78366368335619,0.0263162059121172,0.0929811055791233,-3.5497260482088606,0.0368304579068822,-0.3395413345361928,8.425442840599318,2.131256037539468,0.9255927366263804,-0.657541138311554,1.0,1.5,5.0,24
P08621_202_437,4477.0,P08621,236.0,0.311,9.957260139899626,4.7437716137833394,0.615197231626688,0.1691241771840583,3.420917363319123,6.919811245949582,2.9250769817645508,0.0338983050847457,0.2754237288135593,0.1398305084745762,0.1313559322033898,0.0169491525423728,0.4378519065546312,4.416652325276407,-6.033894286098829,0.1001035338537247,0.5847457627118644,0.0381355932203389,GGADVNIRHSGRDDTSRYDERPGPSPLPHRDRDRDRERERRERSRERDKERERRRSRSRDRRRRSRSRDKEERRRSRERSKDKDRDRKRRSSRSRERARRERERKEELRGGGGDMAEPSEAGDAPPDDGPPGELGPDGPDGPEEKGRDRDRERRRSHRSERERRRDRDRDRDRDREHKRGERGSERGRDEARGGGGGQDNGLEGLGNDSRDMYMESEGGDGYLAPENGYLMEAAPE,False,False,True,False,202.0,437.0,437.0,U1 small nuclear ribonucleoprotein 70 kDa,SNRNP70,0.0103497727272727,-1.2965251325435632,0.0,5.173975420709359,-1.8138917001384485,0.0,0.3766729660138047,10.004,27805.32649999996,8104.0,0.0273690629584569,13.692204836829331,0.0063108039133224,0.0147729044632135,-6.215168673482213,0.2512226125745471,-3.598341992596841,0.7610057315589489,-0.2731143895339005,-0.1186120723029482,-0.6674034580359928,1.0,1.5,5.0,26
Q08462_1_39,8903.0,Q08462,39.0,0.486,10.165931288921044,5.719590793758454,0.90483441461021,0.2160403871474585,1.556821539789132,3.528536691749939,1.3884597613227845,0.0,0.2051282051282051,0.1025641025641025,0.0769230769230769,0.1538461538461538,0.5437031115362262,3.4991874908114724,-1.1418616755684914,0.24070574012776,0.4358974358974359,0.0256410256410256,MWQEAMRRRRYLRDRSEEAAGGGDGLPRSRDWLYESYYC,False,True,False,False,1.0,39.0,1091.0,Adenylate cyclase type 2,ADCY2,0.069845652173913,1.2176466968402528,1.486026120590293,1.9473626949305487,-1.205252277414102,0.0,0.4679847369024557,10.146,4787.254599999999,5857.0,1.1486305325585742,128.73805075873392,0.0149281497761587,0.0374441235232866,-4.719209334088978,0.0129939600978431,0.1385703915068844,5.498786800691483,1.704527486214248,0.740266881515269,-0.8753394048336537,1.0,1.5,5.0,26
Q9NXX6_1_78,25095.0,Q9NXX6,78.0,0.387,10.1620791105061,5.728395367003955,0.7304120833928932,0.1840915048950129,2.0540036532779498,4.5916483128913725,1.828728079614512,0.0,0.2179487179487179,0.1153846153846153,0.1025641025641025,0.0,0.4341588505112559,3.457416930318112,-5.046527326673763,0.2297843781473577,0.4487179487179487,0.0,MSGDSSGRGPEGRGRGRDPHRDRTRSRSRSRSPLSPRSRRGSARERREAPERPSLEDTEPSDSGDEMMDPASLEAEAD,False,True,False,False,1.0,78.0,385.0,Non-structural maintenance of chromosomes element 4 homolog A,NSMCE4A,0.0329701612903225,1.646306195989087,0.0,1.57145028593063,0.1758376995289914,0.0,0.3758727224110294,10.122,8636.108999999997,9179.0,2.292922595471079,36.25150743180362,0.0974515738417106,0.0819657170157879,-2.760653718337049,0.0429153783165408,0.8298272464246474,19.80192946305113,2.985779380581623,1.296707509167108,-0.6224637845074398,1.0,1.5,5.0,26
Q3LI63_1_56,11247.0,Q3LI63,56.0,0.444,9.804070311260949,5.4242798253061535,0.8772944533800334,0.206508387440551,1.6696608211594608,3.628435592157672,1.4931976102451288,0.0,0.0357142857142857,0.0,0.0,0.3571428571428571,0.7527350612468828,5.4317530696546665,0.0195794292931776,0.2550535169890994,0.0714285714285714,0.0357142857142857,MIYYSNYYGGYGYGGLGCGYGCGYRGYGCGYGGYGGYGNGYYCPSCYGRYWSYGFY,False,False,False,True,1.0,56.0,56.0,Keratin-associated protein 20-1,KRTAP20-1,0.362028,0.0,-1.1830347875884857,0.0,0.0,0.0,0.4125664038228628,9.661,6201.692000000003,6126.0,0.0013850276322419,131.4448232328749,0.0004325850386078,0.0087140027064625,-10.0,0.0,-6.582035188464671,0.0183156388887341,-4.0,-1.737,-1.044821677056918,1.0,1.5,5.0,28
Q3LI60_1_44,11244.0,Q3LI60,44.0,0.486,9.968532275352077,5.787791310018439,0.8642355935555565,0.1971464030813228,1.5986839019972412,3.630558930864238,1.432524643710298,0.0227272727272727,0.0454545454545454,0.0,0.0454545454545454,0.2727272727272727,0.6551468814092704,4.415283983309131,-0.1471117306457419,0.1327932060107879,0.1590909090909091,0.0227272727272727,MSYYGNYYGGLGYGYDCKYSYTSGFGAFRILDCGYRCGCGGVWI,False,False,False,True,1.0,44.0,44.0,Keratin-associated protein 20-3,KRTAP20-3,0.5384407142857143,0.0,-0.8780209642442685,0.0,0.0,0.0,0.4808941357594576,9.937,4908.4597,5021.0,0.2631498333086547,139.4400117912775,0.0103652864158227,0.0245409118763663,-6.272666186402084,0.0399554173130105,-1.3350317006286652,1.2916603518572494,0.2559284852405398,0.1111483289018242,-0.9399119018796108,1.0,1.5,5.0,28
O60229_1_34,2455.0,O60229,34.0,0.537,10.20014178354048,6.55713481459171,0.9295182470963276,0.2138136256590922,1.4880156785043095,3.6335708592275178,1.3594810746765047,0.0294117647058823,0.1470588235294117,0.0,0.1470588235294117,0.2058823529411764,0.5746689672031148,3.674305436478353,-0.4541247615581316,0.0834838182638782,0.3529411764705882,0.0294117647058823,MTDRFWDQWYLWYLRLLRLLDRGSFRNDGLKASD,False,True,False,False,1.0,34.0,2986.0,Kalirin,KALRN,0.7295927777777778,-1.1343408738218468,1.4294398161711352,-1.2562141599005006,-1.0731225781021752,0.0,0.5035289446034413,10.115,4307.846800000001,6084.0,1.821508866584108,140.63030123053971,0.0255768916321641,0.0432700272596939,-4.346469264695267,0.0141011611413456,0.5996652051922722,7.846781142085978,2.060103402108491,0.8946915396858336,-0.981454175506993,1.0,1.5,5.0,28
Q2TAZ0_1_31,11088.0,Q2TAZ0,31.0,0.516,10.252071194037864,6.061126506826866,0.9283869504781728,0.2093137386711122,1.4407450198933252,3.367047181273952,1.3085112612908545,0.032258064516129,0.0967741935483871,0.064516129032258,0.0,0.2258064516129032,0.5769454386879564,3.5134443716249573,-0.622097805653372,0.1154014663595146,0.2258064516129032,0.064516129032258,MSRWLWPWSNCVKERVCRYLLHHYLGHFFQE,False,True,False,False,1.0,31.0,1938.0,Autophagy-related protein 2 homolog A,ATG2A,0.871518,0.0,-0.3245265846433195,1.4157698728315822,0.0,0.5483870967741935,0.5184649045673552,10.157,4022.6414,7640.0,6.404905935838075,132.50647637427198,0.0936631382030743,0.1724962814232012,-3.0295672733391306,0.0145681128160364,1.8570642491890337,25.76463978060798,3.2490030007240978,1.4110240749015823,-0.993900027354339,1.0,1.5,5.0,28
Q96RR1_1_152,21384.0,Q96RR1,152.0,0.439,10.017028084247691,5.610662738001941,0.8736109880666989,0.2331729539384413,3.145231469282644,6.863427786694633,2.564700559258523,0.0263157894736842,0.0986842105263157,0.0723684210526315,0.0394736842105263,0.0921052631578947,0.4927906603533366,4.543844104281805,-3.627469565943509,0.212644832973912,0.2434210526315789,0.0131578947368421,MWVLLRSGYPLRILLPLRGEWMGRRGLPRNLAPGPPRRRYRKETLQALDMPVLPVTATEIRQYLRGHGIPFQDGHSCLRALSPFAESSQLKGQTGVTTSFSLFIDKTTGHFLCMTSLAEGSWEDFQASVEGRGDGAREGFLLSKAPEFEDSE,False,True,False,False,1.0,152.0,684.0,Twinkle mtDNA helicase,TWNK,0.3491966176470588,1.1541750697314994,0.0,-0.7851730017538386,-0.2418394540085123,0.0,0.4400700330329835,9.972,17022.262799999982,6931.0,0.0388395548244564,27.01710075994925,0.0057217926691723,0.0107543781887971,-6.5447861244001135,0.1511922123503593,-3.248316097404916,0.6611371092569039,-0.4137940336254763,-0.179708465448033,-0.7419209056270287,1.0,1.5,5.0,29
Q92935_1_86,19692.0,Q92935,86.0,0.455,10.002325734748274,5.679935235737787,0.8112762871973345,0.204478831371376,2.2909519309353024,5.107986778201479,1.9420764752782096,0.0116279069767441,0.0813953488372093,0.0465116279069767,0.0232558139534883,0.1046511627906976,0.5197058205168894,4.177422772471507,-2.1976136662085897,0.4263065314214118,0.1860465116279069,0.0232558139534883,MQSWRRRKSLWLALSASWLLLVLLGGFSLLRLALPPRPRPGASQGWPRWLDAELLQSFSQPGELPEDAVSPPQAPHGGSCNWESCF,False,True,False,False,1.0,86.0,676.0,Exostosin-like 1,EXTL1,0.4469637142857143,0.0,-1.2004076704946156,0.0,0.0,0.2325581395348837,0.4349319140910803,10.011,9608.959099999996,6187.0,0.1631411019147037,54.83161597204422,0.0107661052529191,0.0138309539224008,-5.81740675810902,0.0661068972522636,-1.8131397967209424,1.567616175827319,0.4495561061388622,0.1952397362020204,-0.7888192967408337,1.0,1.5,5.0,29
Q92581_1_59,19423.0,Q92581,59.0,0.385,10.11053131646058,5.362847274345703,0.7400330413324515,0.1824251687850745,1.8256011967094816,3.86765305303564,1.6199961354476882,0.0,0.1864406779661017,0.0508474576271186,0.0508474576271186,0.0677966101694915,0.5137078869398445,3.79208728680249,-3.258662270075427,0.3577516660311797,0.3220338983050848,0.0847457627118644,MARRGWRRAPLRRGVGSSPRARRLMRPLWLLLAVGVFDWAGASDGGGGEARAMDEEIVS,False,True,False,False,1.0,59.0,669.0,Sodium/hydrogen exchanger 6,SLC9A6,0.4538446511627906,2.809169788183007,0.0,2.600729993724804,0.4136530355030997,0.0,0.3934685238727206,10.078,6478.420600000001,8473.0,2.609902752264824,52.74308549290997,0.0717195888042123,0.7024104642249009,-3.006119722089428,0.0306536816553726,0.9593129609717936,16.908047754269138,2.8277897070599787,1.2280934657589615,-0.7618373359842209,1.0,1.5,5.0,29
P51784_641_729,7365.0,P51784,89.0,0.308,10.095815160699004,5.017144570764967,0.7717876405428445,0.1753387213889994,2.1441717412557493,4.49332301941785,1.9209776296264736,0.0449438202247191,0.0786516853932584,0.0786516853932584,0.146067415730337,0.0449438202247191,0.3938815721801545,3.2064450714250823,-1.1543531265112177,0.393081823024957,0.348314606741573,-0.1011235955056179,RYVTKPNSDDEDDGDEKEDDEEDKDDVPGPSTGGSLRDPEPEQAGPSSGVTNRCPFLLDNCLGTSQWPPRRRRKQLFTLQTVNSNGTSD,True,False,False,False,641.0,729.0,963.0,Ubiquitin carboxyl-terminal hydrolase 11,USP11,0.1667695890410959,4.7571557818653405,0.0,0.1977497097716677,5.351686127684276,0.9887640449438202,0.497157434287485,10.161,9838.32529999999,13795.0,8.38591829956825,,0.0162553624297408,,0.0,0.0,2.126553906221772,82.5033921703752,4.412839409712015,1.916471805163131,-0.5643354265170121,1.0,1.5,5.0,4
P31268_193_230,6214.0,P31268,38.0,0.639,10.678180956258894,7.042266153294198,0.9991669989243868,0.2451911714816197,1.887036499425324,4.850296577419898,1.5320587300638189,0.0263157894736842,0.0,0.2631578947368421,0.1578947368421052,0.0,0.2008104327092058,1.2886233410722543,5.588675895430242,0.8341908796541176,0.4736842105263157,-0.3947368421052631,GPTAAAAPEGAVPSAAATAAADKADEEDDDEEEEDEEE,False,False,True,False,193.0,230.0,230.0,Homeobox protein Hox-A7,HOXA7,0.0683186363636363,0.0,0.0,0.0,9.186636155004798,0.0,0.5515247935779899,10.745,3774.651099999999,1475.0,19.657090667552307,,0.0013523795762975,,0.0,0.0,2.9784381214467,74.19865891107604,4.3067460760352825,1.8703960557806056,-0.233512477687124,10.0,1.5,5.0,7
Q96AA8_412_477,19883.0,Q96AA8,66.0,0.249,10.111760469948097,4.413537648814496,0.7453298533422253,0.1657366529779649,1.7554858924617174,3.3996843680588884,1.6379207387397734,0.0606060606060606,0.1363636363636363,0.0909090909090909,0.1363636363636363,0.0454545454545454,0.3971956713756044,2.979565990171513,-6.221741672974189,0.4656242771424636,0.409090909090909,-0.0303030303030303,KLIRRRKHRRSSKPIKRPVLDPFIGYDEDSMDSETSSMASFRTDRTPATPDDDLDESLAAEESELR,True,False,False,False,412.0,477.0,810.0,Janus kinase and microtubule-interacting protein 2,JAKMIP2,0.1031752,5.342714311276692,0.0,3.4205920752219976,1.8091759518612105,0.0,0.2709558398700856,10.183,7623.340500000001,8139.0,0.8852752517830368,48.60433800646042,0.032815147673684,0.0417442645138449,-4.005569449681951,0.0369522594571303,-0.1218566633666958,6.748754680565323,1.9093579960956384,0.8292236416821864,-0.6207232566939439,1.0,1.5,5.0,9
P37108_98_136,6576.0,P37108,39.0,0.598,10.206676966649605,6.4038201862176605,1.014423645490252,0.2392785316716052,1.777179801777914,4.306677086545964,1.471868217947962,0.1538461538461538,0.0,0.0,0.0256410256410256,0.0,0.2848846277413353,1.8679459342911389,-0.1654572467610558,0.4820686562088479,0.1794871794871795,0.1282051282051282,DKKNKTKKTKAAAAAAAAAPAAAATAPTTAATTAATAAQ,False,False,True,False,98.0,136.0,136.0,Signal recognition particle 14 kDa protein,SRP14,0.351221304347826,0.0,0.0,3.168777217854621,0.0,0.0,0.5716334353342296,10.414,3568.987899999999,1476.0,19.15891730322152,,0.0028187247558772,,0.0,0.0,2.952768262763474,68.37794403229822,4.225050316960342,1.8349160384194616,-0.3543863947445452,10.0,1.5,5.0,15
Q96I15_1_30,20437.0,Q96I15,30.0,0.595,10.175129039303895,6.297143465231992,0.9651566156981464,0.2288543870608317,1.4797449161822518,3.5661739961065426,1.2875976956931487,0.0333333333333333,0.0666666666666666,0.0666666666666666,0.0333333333333333,0.0,0.3830613455685043,2.296257794068017,-0.1398936842343563,0.0772998817182298,0.2,0.0,MEAAVAPGRDAPAPAASQPSGCGKHNSPER,False,True,False,False,1.0,30.0,445.0,Selenocysteine lyase,SCLY,0.0575292857142857,0.0,0.0,0.0,0.0,0.0,0.5851992323381672,10.385,2960.2225000000008,1455.0,24.90866821653936,,0.0047932063652334,,0.0,0.0,3.215215864036713,73.7352000996347,4.30048029846656,1.8676748631576765,-0.4866438507794208,10.0,1.5,5.0,20