seq_name,fasta,GIN_group,min_inter_dist,position_vector
FUS,MASNDYTQQATQSYGAYPTQPGQGYSQQSSQPYGQQSYSGYSQSTDTSGYGQSSYSSYGQSQNTGYGTQSTPQGYGSTGGYGSSQSSQSSYGQQSSYPGYGQQPAPSSTSGSYGSSSQSSSYGQPQSGSYSQQPSYGGQQQSYGQQQSYNPPQGYGQQNQYN,28,18.669126955540037,"[-0.05909008900958549, 0.0, 0.0, 0.0, -1.011777757868318, 0.0, 0.0, -0.04530333758077354, 0.0, 0.0, 0.0, 0.0, 0.0, 0.0, 0.0, 0.0, 0.0, 0.0, 0.0, 0.0, 0.0, 0.0, 0.0, 0.0, 0.0, 0.0, -4.076497843764012, 0.0, 0.0, -3.343478342447499, 0.0, 0.0, 0.0, 0.0, 0.0, -0.960389931250981, -0.9673548227971176, -0.5823631934579467, -0.9372232662233639, -1.3536948691552109, -0.8070985724398907, 1.3476840382544777, -0.8493808883745155, -0.9003454991145786, -1.083081205640347, -1.680892334162764, -0.5140905042996832, 0.0008685574263562559, -0.6406249869957915, 3.8510614065515014, -1.3044856768536077, 1.9191602281160238, 0.10112151244106046, -1.311070679096147, -0.5076907590646643, 8.165056213138707, -1.676807730705648, -1.4849738578366247, 3.5221639513620278, -2.8573211615118668, 4.397307921095818, -0.13338350411407948, -2.02774074795078, -3.0440829209705984, -2.2153484012808575, 0.019677746158627454, -0.9183927998183932, 0.23181174076157868, -1.75071907661188, -1.0953212893344915, -0.2645367784741009, -0.008914077231553472, -0.1777602316192148, -0.34861861011450795, -0.011884826431389309, 0.35606233361632417, -0.07679037451167482, -0.010939108697953523, -0.2534293252128783, -0.09551900208100972, -0.02644573642700122, -0.07633829839696306, -0.44702141493560965, -0.15973391449742844, -0.24736256865360923, 2.029789258974367, -0.1469934757095591, -0.0509399351295666, -0.021541485699548987, -0.1298961390727542]"
A1,MASASSSQRGRSGSGNFGGGRGGGFGGNDNFGRGGNFSGRGGFGGSRGGGGYGGSGDGYNGFGNDGSNFGGGGSYNDFGNYNNQSSNFGPMKGGNFGGRSSGPYGGGGQYFAKPRNQGGYGGSSSSSSYGSGRR,28,28.93549417030556,"[1.4577140441602041, 0.0, 0.0, 0.0, 0.5112195450679329, 0.0, 0.0, 3.10298834458446, 0.0, 0.0, 0.0, 0.0, 0.0, 0.0, 0.0, 0.0, 0.0, 0.0, 0.0, 0.0, 0.0, 0.0, 0.0, 0.0, 0.0, 0.0, -2.9610935460744576, 0.0, 0.0, -1.8099551308664423, 0.0, 0.0, 0.0, 0.0, 0.0, 1.4631592832368483, -1.0096162933110508, -0.5823631934579467, -0.5158134858461351, -1.3536948691552109, 3.8357073984921572, 4.807118916825912, -0.8493808883745155, -0.9003454991145786, -0.817991081183976, -1.680892334162764, -0.0637709101406862, 2.3624193281154993, -1.28608434338108, -0.5462326642416284, 0.1754872046375135, 0.5867662068000737, -1.2837590341084475, -1.311070679096147, -0.5076907590646643, 2.926907658583485, -0.4921803585495149, -1.283495625861987, 2.915867602573691, -2.752099489044566, 4.160441906970831, 1.236718281031614, -2.7080330580162073, -2.421569987902079, -1.2881019410630827, 0.6468559909174603, 0.04769497877341794, -1.1336652914219372, 1.0066692630107172, -3.33079369367788, -0.2645367784741009, -0.008914077231553472, -0.1777602316192148, -0.34861861011450795, -0.011884826431389309, 5.359246748374496, -0.07679037451167482, -0.010939108697953523, -0.2534293252128783, -0.09551900208100972, -0.02644573642700122, -0.07633829839696306, -0.44702141493560965, -0.15973391449742844, -0.24736256865360923, 0.6992795354795639, -0.1469934757095591, -0.0509399351295666, -0.021541485699548987, 3.4662705434532244]"
A1p12D,MASADSSQRDRDDSGNFGDGRGGGFGGNDNFGRGGNFSDRGGFGGSRGDGGYGGDGDGYNGFGNDGSNFGGGGSYNDFGNYNNQSSNFDPMKGGNFGDRSSGPYDGGGQYFAKPRNQGGYGGSSSSSSYGSDRR,28,24.300453039695824,"[1.7199740731038144, 0.0, 0.0, 1.439999961261262, 0.1781253419220623, 0.0, 0.0, 3.313521867322024, 0.0, 0.0, 0.0, 0.0, 0.0, 0.0, 0.0, 0.0, 0.0, 0.0, 0.0, 0.0, 0.0, -1.5044341890700692, -0.8095543086977585, 0.0, 0.0, 1.1203045223847585, -2.8512388301050264, 0.0, 0.0, -1.693853546481919, 0.0, 0.0, 0.0, 0.0, 0.0, 1.7650331481600154, -1.0096162933110508, -0.5823631934579467, 1.6400302327152667, -1.3536948691552109, 3.8357073984921572, 3.721017268902323, -0.8493808883745155, -0.9003454991145786, -0.817991081183976, -1.680892334162764, -0.0637709101406862, 2.3624193281154993, -1.28608434338108, -0.5462326642416284, 0.1754872046375135, 0.25125144288320744, -1.2837590341084475, -1.311070679096147, -0.5076907590646643, 2.926907658583485, -0.4921803585495149, -0.2527754075496305, 2.034970665320684, -2.752099489044566, 4.160441906970831, 1.236718281031614, -4.337796673321661, -1.5157577559520774, -0.512470650760435, -0.13270571484415802, -0.5410308498140196, -1.1336652914219372, -0.9436785869662419, -3.0667394538341077, -0.2645367784741009, -0.008914077231553472, -0.1777602316192148, -0.34861861011450795, -0.011884826431389309, 3.70681886827088, -0.07679037451167482, -0.010939108697953523, -0.2534293252128783, -0.09551900208100972, -0.02644573642700122, -0.07633829839696306, -0.44702141493560965, -0.15973391449742844, -0.24736256865360923, 0.2776391301467039, -0.1469934757095591, -0.0509399351295666, -0.021541485699548987, 1.668187202190235]"
HP1A,MGHHHHHHDYDIPTTENLYFQGSGKKTKRTADSSSSEDEEEYVVEKVLDRRVVKGQVEYLLKWKGFSEEHNTWEPEKNLDCPELISEFMKKYKKMKEGENNKPREKSESNKRKSNFSNSADDIKSKKKREQSNDIARGFERGLEPEKIIGATDSCGDLMFLMKWKDTDEADLVLAKEANVKCPQIVIAFYEERLTWHAYPEDAENKEKETAKS,12,16.020761518148966,"[2.8773630997578463, 4.38868360167506, 3.155380120400179, 0.4499153456228977, 0.0, 0.0, 0.0, 0.0, 2.042521778455528, 1.791011829930683, 0.9232625735479644, 0.0, 0.0, 0.0, 0.0, 1.8553112436813681, 2.016048019396639, 0.0, 0.0, 0.0, 0.0, -0.358225561839885, 0.0, 0.0, 0.0, 0.0, 0.0, 0.0, 0.0, 0.0, 0.0, 0.0, 0.0, 0.0, 0.0, 0.0, -0.4728360945861917, 0.37822763898047385, 0.46089505331431235, 0.692156060903082, 1.0516090676515568, -0.5882624046014987, 0.5248858646977723, 0.9933797116386817, 1.3350883334147166, -0.06703635144031941, 0.3760668194841428, 0.6674678715522048, -1.137518642745326, -0.791438461516273, -0.4665292002910292, -0.7479419776704641, -0.33579854731540404, 0.23281723018663728, 1.2006928996337518, 1.3374800117919485, 0.6831776288479628, 0.7505234591018338, -0.9471894278132282, 0.08602753361217394, 2.026036886854981, -1.2918768241006877, 0.27248671540009456, 0.37064228734598864, 1.0120878791615149, -0.11806605839793045, -0.2567717851606391, -2.0079202660353133, -0.4056515938691497, -0.7804442721475174, -0.2645367784741009, -0.008914077231553472, -0.1777602316192148, 0.6020172740510531, -0.011884826431389309, -0.2590080439777997, 1.4120722045244594, -0.010939108697953523, 0.8635732657217745, -0.09551900208100972, -0.02644573642700122, -0.07633829839696306, -0.44702141493560965, -0.15973391449742844, -0.24736256865360923, -0.2691077240924321, -0.1469934757095591, -0.0509399351295666, -0.021541485699548987, 0.15290100614935914]"
NUP98,MGHHHHHHMQKYLEDKAQELVRLEGEVRSLLKDISEKVAVYSTGGGGGENLYFQGGSCCCFNKSFGTPFGGGTGGFGTTSTFGQNTGFGTTSGGAFGTSAFGSSNNTGGLFGNSQTKPGGLFGTSSFSQPATSTSTGFGFGTSTGTANTLFGTASTGTSLFSSQNNAFAQNKPTGFGNFGTSTSSGGLFGTTNTTSNPFGSTSGSLFGPSSFTAAPTGTTIKFNPPTGTDTMVKAGVSTNISTKHQCITAMKEYESKSLEELRLEDYQANRKGPQNQVGAGTTTGLFGSSPATSSATGLFSSSTTNSGFAYGQNKTAFGTSTTGFGTNPGGLFGQQNQQTTSLFSKPFGQATTTQNTGFSFGNTSTIGQPSTNTMGLFGVTQASQPGGLFGTATNTSTGTAFGTGTGLFGQTNTGFGAVGSTLFGNNKLTTFGSSTTSAPSFGTTSGGLFGFGTNTSGNSIFGSKPAPGTLGTGLGAGFGTALGAGQASLFGNNQPKIGGPLGTGAFGAPGFNTTTATLGFGAPQAPVALTDPNASAAQQAVLQQHINSLTYSPFGDS,6,7.383398261137955,"[3.9592765399146157, 3.8054809383890578, 0.0, 0.0, 2.616898703783056, 0.0, 0.0, 2.0189621661882615, 0.051685048326012936, 0.0, 0.0, -0.8808554276541204, 0.0, 0.0, -0.06214498586361555, 0.0, 0.0, 0.0, 0.0, 0.0, 0.0, 0.0, 0.0, 0.0, 0.0, 0.0, -3.461017709567505, 0.0, 0.0, -3.69446337024288, 0.0, 0.0, 0.0, 0.0, 0.0, 0.5694185275996444, -0.10511176245348881, -0.09346033250362516, -0.9755722717042118, -1.0574750737574492, 4.3621643805333274, 1.6954441835872402, -0.3247951923092874, -0.17747189716037715, -0.5101444850410939, 0.06455943209708415, -0.37066103763715713, 1.022945519023014, -0.9682017218675729, -0.016622184582897423, -1.1623234072336721, -0.1548136178668347, 2.415212232159271, -0.5907741097115267, -0.5076907590646643, 0.13410849476870917, -1.1552603153657017, -1.2764148119369023, 2.1941530569091157, -0.4954582839958527, 2.7502087653711547, -1.5411502239451518, 0.1531456729607592, -2.695640415311085, -1.716923183103167, 0.2051509264521706, 1.7508265165838006, -1.4315875529892508, 0.468642269913625, -1.9909020396130799, -0.013673555008225462, -0.008914077231553472, -0.1777602316192148, -0.34861861011450795, -0.011884826431389309, 0.7925638919089282, 0.4915388895290001, -0.010939108697953523, -0.2534293252128783, -0.09551900208100972, -0.02644573642700122, -0.07633829839696306, -0.44702141493560965, 0.08418811349000503, -0.24736256865360923, -0.3193069634249081, 1.6422989664930172, -0.0509399351295666, -0.021541485699548987, -0.1298961390727542]"
LAF1,MESNQSNNGGSGNAALNRGGRYVPPHLRGGDGGAAAAASAGGDDRRGGAGGGGYRRGGGNSGGGGGGGYDRGYNDNRDDRDNRGGSGGYGRDRNYEDRGYNGGGGGGGNRGYNNNRGGGGGGYNRQDRGDGGSSNFSRGGYNNRDEGSDNRGSGRSYNNDRRDNGGDG,0,13.473419738811927,"[1.1824454354284402, 0.0, 0.5052969242713657, 1.28281375957402, 0.0, 0.0, 0.0, 3.75102631561859, 0.0, 0.0, 0.0, 0.0, 0.0, 0.0, 0.0, -0.8405406696507395, -2.3775227646769332, 0.0, 0.0, 0.0, 2.928289855127799, 2.0909724239447036, 0.0, 0.0, 0.0, 4.583681223022214, 0.0, 0.0, 0.0, 0.0, 0.0, 0.0, 0.0, 0.0, 0.0, 4.624935709264324, -0.43745635608170047, -0.5823631934579467, 1.2015897939205373, -1.0853658986487968, -0.47044489272945006, 4.331590285261483, -0.6315841484902913, -0.9003454991145786, -1.083081205640347, -1.3398691949565331, -0.5254331406939136, 3.4026965874191606, -1.434756517285326, -0.9436944120392043, 1.52860526771511, -0.8032235294269432, -1.2837590341084475, -1.093578533145596, -0.5076907590646643, 3.2689073130940662, 0.21295498201961183, -0.2568655671461082, 1.9152455855551451, -2.0983830065780755, 1.538732359326565, 3.2609405713038835, -2.5677191323792625, -1.0862158443726122, -0.053863260859265925, 0.3344126088463355, -1.3534296626819118, -0.6117693296406262, 0.7376557664621711, -3.0757471520743893, 0.5686874994661282, -0.008914077231553472, 1.1321511797930064, -0.34861861011450795, -0.011884826431389309, 3.0360118359907213, -0.07679037451167482, -0.010939108697953523, -0.2534293252128783, -0.09551900208100972, -0.02644573642700122, -0.07633829839696306, -0.44702141493560965, -0.15973391449742844, -0.24736256865360923, -0.4813135994524443, -0.1469934757095591, -0.0509399351295666, -0.021541485699548987, 4.083023832383461]"
LAF1SHUF,MNNSGDNDRGSGNYGLRNSFGDDGYGDNGNDEGNSGYRNRGLGGDRADEYGNSGGNGDNEAAPNASDRDDAHYYDSDDYDDGGGGRGSGGAGGGGARGPGSNRAGRYGGGGRRGRGRGNGYNGNRSQRRRGGGRGRGNRGYRVGNGNGQSGGRNSRGGGGGNGGANYG,0,5.117182675874517,"[0.9595466399981298, 0.0, 0.33148057583196877, 0.9519134187814232, 0.0, 0.0, 0.0, 0.964038699354282, 0.0, 0.0, 0.0, 0.0, 0.0, 0.0, 0.0, 0.8295649131861657, 3.7944431673721613, 0.0, 0.0, 0.0, -0.07925036092651984, 3.976954113454202, 0.0, 0.0, 0.0, 3.582771385916118, 0.0, 0.0, 0.0, 0.0, 0.0, 0.0, 0.0, 0.0, 0.0, 1.4577477363278573, -0.43745635608170047, -0.5823631934579467, 1.2015897939205373, -1.0853658986487968, -0.47044489272945006, 4.331590285261483, -0.6315841484902913, -0.9003454991145786, -1.083081205640347, -1.3398691949565331, -0.5254331406939136, 3.4026965874191606, -1.434756517285326, -0.9436944120392043, 1.52860526771511, -0.8032235294269432, -1.2837590341084475, -1.093578533145596, -0.5076907590646643, 3.2689073130940662, 0.21295498201961183, -0.2568655671461082, 1.9152455855551451, -2.0983830065780755, 1.538732359326565, 3.2609405713038835, -2.5677191323792625, -1.0862158443726122, -0.053863260859265925, 0.3344126088463355, -1.353429662681908, -0.6117693296406262, 0.7376557664621711, -3.0757471520743835, -0.2645367784741009, -0.008914077231553472, 1.1321511797930064, -0.34861861011450795, -0.011884826431389309, 5.078924161571204, -0.07679037451167482, -0.010939108697953523, -0.2534293252128783, -0.09551900208100972, -0.02644573642700122, -0.07633829839696306, -0.44702141493560965, -0.15973391449742844, 2.677477353757697, -0.4813135994524443, -0.1469934757095591, -0.0509399351295666, -0.021541485699548987, 5.158662974031856]"
FUS16SEG,ASNDYTADNDYTQQATQDYGAYPTQPGQGYDQQDSQPYGQQDYDGYDQSTDTRGYGQDDYSRYGQDQNTGYGTQSTPQGYGDTGGYGSDQDSQRSYGQQRRYPGYGQQPAPDRTSGRYGRRDQSRRYGQPQRGRYRQQPRYGGQQQRYGQQQSYNPPQGYGQQNQYND,28,40.86557245236349,"[-0.3804465976169982, 0.0, 0.0, -0.973512896989698, -0.9326972866155419, 0.0, 0.0, -0.1881073896645013, 0.0, 0.0, 0.0, 0.0, 0.0, 0.0, 0.0, 0.0, 0.0, 0.0, 0.0, 0.0, 0.0, 0.7771098282429134, -1.8149338474351484, 0.0, 0.0, 0.28259922078199584, -4.281923597870092, 0.0, 0.0, -3.2469215128026376, 0.0, 0.0, 0.0, 0.0, 0.0, -0.616101715141837, -0.8743192141371589, -0.5823631934579467, 1.488180129522946, -1.3536948691552109, -0.8070985724398907, 1.2514289980284456, -0.8493808883745155, -0.9003454991145786, -1.083081205640347, -1.680892334162764, -0.8316843233381336, 0.15646152345513314, -0.6750165099610862, 3.6704036007593874, 0.5842416195255375, -0.8924278515794432, 0.1852035456244236, -1.311070679096147, -0.5076907590646643, 8.204225404339066, -0.4169659222221414, -0.325375740387108, 1.622487178829195, -2.875305477979492, 4.4219508138696915, 2.8542571467703697, -4.554231348548622, -1.0862158443726122, -0.5178569791653143, -0.028300129251084136, -2.2756305150085776, 0.24369316428837093, -0.8091718386919687, -0.7602172125922565, -0.2645367784741009, -0.008914077231553472, -0.1777602316192148, -0.34861861011450795, -0.011884826431389309, 0.33409553441653406, -0.07679037451167482, -0.010939108697953523, -0.2534293252128783, -0.09551900208100972, -0.02644573642700122, -0.07633829839696306, -0.44702141493560965, -0.15973391449742844, -0.24736256865360923, -0.4813135994524443, -0.1469934757095591, -0.0509399351295666, -0.021541485699548987, -0.1298961390727542]"
FUS32,ASNDYTQQATQSYGAYPTQPGQGYDQQDRQPYGQQDYRGYRQDTDTRGYGQRSYRDYGQSQNTGYGTQDTPQGYGRTGGYGRDQDDQRSYGQQDRYPGYGQQPAPSRTDGSYGRRDQSSSYGQPQDGRYDQQPRYGGQQQDYGQQQRYNPPQGYGQQNQYND,28,41.826797919692986,"[-0.38348301444742744, 0.0, 0.0, -0.8374025986390828, -1.2533316266186303, 0.0, 0.0, -0.5059724886196947, 0.0, 0.0, 0.0, 0.0, 0.0, 0.0, 0.0, 0.0, 0.0, 0.0, 0.0, 0.0, 0.0, -0.7998607523636737, -1.2053107461984551, 0.0, 0.0, 0.5746191421057065, -4.133385604669295, 0.0, 0.0, -3.3117156224655715, 0.0, 0.0, 0.0, 0.0, 0.0, -0.9001031256934418, -0.9673548227971176, -0.5823631934579467, 1.440415073589211, -1.3536948691552109, -0.8070985724398907, 1.3476840382544777, -0.8493808883745155, -0.9003454991145786, -1.083081205640347, -1.680892334162764, -0.8316843233381336, 0.0008685574263562559, -0.6406249869957915, 3.8510614065515014, 0.6541944823543947, -0.9485935358976841, 0.10112151244106046, -1.311070679096147, -0.5076907590646643, 8.165056213138707, -0.37030511450053005, -0.3482124648007747, 1.6398358251536962, -2.958033333730569, 4.397307921095818, 2.8542571467703697, -4.485921475068669, -1.04607733938541, -0.5044909049754284, 0.019677746158627454, -2.3400768420557547, 0.34270502701163447, -0.8091718386919687, -0.7019184091513977, -0.2645367784741009, -0.008914077231553472, -0.1777602316192148, -0.34861861011450795, -0.011884826431389309, 0.35606233361632417, -0.07679037451167482, -0.010939108697953523, -0.2534293252128783, -0.09551900208100972, -0.02644573642700122, -0.07633829839696306, -0.44702141493560965, -0.15973391449742844, -0.24736256865360923, -0.4813135994524443, -0.1469934757095591, -0.0509399351295666, -0.021541485699548987, -0.1298961390727542]"
FUS16,ASNDYTQQATQSYGAYPTQPGQGYSQQSSQPYGQQSYRGYSQSTDTRGYGQSDYRDYGQSQNTGYGTQSTPQGYGSTGGYGSRQSDQDRYGQQSSYPGYGQQPAPSDTSGSYGRSSQSDSYGQPQRGSYDQQPRYGGQQQSYGQQQDYNPPQGYGQQNQYNS,28,32.392781648731464,"[-0.2202538047363641, 0.0, 0.0, 0.0, -0.9320253426149631, 0.0, 0.0, -0.24007238852466695, 0.0, 0.0, 0.0, 0.0, 0.0, 0.0, 0.0, 0.0, 0.0, 0.0, 0.0, 0.0, 0.0, 0.0, 0.0, 0.0, 0.0, 0.0, -3.989180980477887, 0.0, 0.0, -3.2108192213649027, 0.0, 0.0, 0.0, 0.0, 0.0, -0.9099849980129904, -0.9673548227971176, -0.5823631934579467, 0.2515959036829235, -1.3536948691552109, -0.8070985724398907, 1.3476840382544777, -0.8493808883745155, -0.9003454991145786, -1.083081205640347, -1.680892334162764, -0.8316843233381336, 0.0008685574263562559, -0.6406249869957915, 3.8510614065515014, -0.3251455972496065, 0.5315374390771326, 0.10112151244106046, -1.311070679096147, -0.5076907590646643, 8.165056213138707, -1.0235564226030889, -0.9165931613186997, 2.611360019325738, -2.958033333730569, 4.397307921095818, 2.1836031358591366, -3.7580615885270703, -2.0450801301780044, -1.359919653128143, 0.019677746158627454, -1.6474962239534428, 0.34270502701163447, -0.9436785869662419, -0.9062835417140435, -0.2645367784741009, -0.008914077231553472, -0.1777602316192148, -0.34861861011450795, -0.011884826431389309, 0.35606233361632417, -0.07679037451167482, -0.010939108697953523, -0.2534293252128783, -0.09551900208100972, -0.02644573642700122, -0.07633829839696306, -0.44702141493560965, -0.15973391449742844, -0.24736256865360923, -0.06279645638130912, -0.1469934757095591, -0.0509399351295666, -0.021541485699548987, -0.1298961390727542]"
FUS42,ADNDYDQQATQDYGAYPTQPGQGYDQQDRQPYGQQDYDGYDQRTDRRGYGQDDYSRYGQDQNDGYGRQSTPQGYGDTGGYGSDQDRQRSYGQQRRYPGYGQQPAPDRRSGRYGRRDQRRRYGQPQRGRYRQQPRYGGQQQRYGQQQRYNPPQGYGQQNQYND,28,24.211048057621667,"[-0.8329199767236929, 0.0, 0.23431671735575238, -0.378151145965656, -1.3941783985438443, 0.0, 0.0, -0.9404007224822764, 0.0, 0.0, 0.0, 0.0, 0.0, 0.0, 0.0, 1.8261674418565588, 0.9999446418204533, -0.6107108185097978, 0.0, 0.0, 0.6206104421495106, 1.019128782569212, -1.6971539053107398, 0.0, 0.0, 0.16082913823855446, -3.991834226841807, 0.0, 0.0, -3.1132432776312076, 0.0, 0.0, 0.0, 0.0, 0.0, -0.8833679465404375, -0.9673548227971176, -0.5823631934579467, 1.737619866065783, -1.3536948691552109, -0.8070985724398907, 1.3476840382544777, -0.8493808883745155, -0.9003454991145786, -1.083081205640347, -1.680892334162764, -0.8316843233381336, 0.0008685574263562559, -0.6406249869957915, 3.8510614065515014, 1.633534561958396, -1.4111344655773144, -0.5913187608336936, -1.311070679096147, -0.5076907590646643, 8.165056213138707, 0.2829461936020289, -0.20611729067129345, 1.0326332037961696, -2.958033333730569, 4.397307921095818, 3.2609405713038835, -4.619207676961034, -0.42170059514003866, 0.030152062620018304, 0.34208906891188934, -2.8202841065602895, 0.34270502701163447, 0.603149018187898, -0.594626714556005, -0.2645367784741009, -0.008914077231553472, -0.1777602316192148, -0.34861861011450795, -0.011884826431389309, 0.35606233361632417, -0.07679037451167482, -0.010939108697953523, -0.2534293252128783, -0.09551900208100972, -0.02644573642700122, -0.07633829839696306, -0.44702141493560965, -0.15973391449742844, 1.7747489826430964, -0.4813135994524443, -0.1469934757095591, -0.0509399351295666, -0.021541485699548987, -0.1298961390727542]"
FUS32SEG,ADNDYTQQATQDYGAYPTQPGQGYDQQDSQPYGQQDYDGYDQSTDTRGYGQDDYSRYGQDQNTGYGTQSTPQGYGDTGGYGSDQDSQRSYGQQRRYPGYGQQPAPDRTSGRYGRRDQSRRYGQPQRGRYRQQPRYGGQQQRYGQQQSYNPPQGYGQQNQYND,28,41.46870277585358,"[-0.35747031564373555, 0.0, 0.0, -0.6297670076023035, -0.6944857224440651, 0.0, 0.0, -0.03446685500603565, 0.0, 0.0, 0.0, 0.0, 0.0, 0.0, 0.0, 0.0, 0.0, 0.0, 0.0, 0.0, 0.0, 0.7407790421083134, -1.842046082334645, 0.0, 0.0, 0.016724071668574637, -3.9497939175560814, 0.0, 0.0, -3.268144945876316, 0.0, 0.0, 0.0, 0.0, 0.0, -0.8220367417976188, -0.9673548227971176, -0.5823631934579467, 1.440415073589211, -1.3536948691552109, -0.8070985724398907, 1.3476840382544777, -0.8493808883745155, -0.9003454991145786, -1.083081205640347, -1.680892334162764, -0.8316843233381336, 0.0008685574263562559, -0.6406249869957915, 3.8510614065515014, 0.6541944823543947, -0.9485935358976841, 0.10112151244106046, -1.311070679096147, -0.5076907590646643, 8.165056213138707, -0.37030511450053005, -0.3482124648007747, 1.6398358251536962, -2.958033333730569, 4.397307921095818, 2.8542571467703697, -4.485921475068669, -1.04607733938541, -0.5044909049754284, 0.019677746158627454, -2.3400768420557556, 0.34270502701163447, -0.8091718386919687, -0.7019184091513954, -0.2645367784741009, -0.008914077231553472, -0.1777602316192148, -0.34861861011450795, -0.011884826431389309, 0.35606233361632417, -0.07679037451167482, -0.010939108697953523, -0.2534293252128783, -0.09551900208100972, -0.02644573642700122, -0.07633829839696306, -0.44702141493560965, -0.15973391449742844, -0.24736256865360923, -0.4813135994524443, -0.1469934757095591, -0.0509399351295666, -0.021541485699548987, -0.1298961390727542]"
