NUP133,10.3719059
RPL8,9.667730185
NUP43,9.605070654
DDX18,9.56577111
PAF1,9.189392865
GTF3C2,9.121232927
LEO1,9.007167546
EIF3B,8.62776762
GTF3C5,7.997080103
EIF3I,7.988217019
MFAP1,7.713330097
NXF1,7.690744925
SUGP2,7.650883269
SNRNP200,7.646522622
PRPF38A,7.631857951
VPS16,7.601189815
CD2BP2,7.600114167
DHX57,7.576615417
ANAPC4,7.574317933
ZNF326,7.571874798
MVP,7.545247933
ZC3H4,7.53533844
NOP58,7.473817877
DGCR8,7.399708309
SSR3,7.379900088
IWS1,7.337887369
DHX30,7.274471652
CTR9,7.243659825
TRA2B,7.215025918
SNRNP40,7.160440785
DHX9,7.125464573
SEH1L,7.083656488
RPN2,7.024761299
PRPF6,6.932295649
SAP18,6.909666839
GEMIN4,6.87361216
TTC21B,6.774685793
BMS1,6.753332996
ANKRD28,6.708057796
RBM7,6.684790045
ZNF830,6.623796198
RPS8,6.607333423
AQR,6.579393791
WDR61,6.56161891
RPS24,6.4820085
EDC4,6.44130685
CLASRP,6.439891285
AKAP8,6.432182811
EIF3G,6.347950231
SUPT16H,6.305745435
DDX51,6.29768881
CTCF,6.284420178
ATAD2,6.282902251
XAB2,6.248818364
RBM15,6.235886337
TMED10,6.18857781
DDX52,6.181756253
ANAPC1,6.16426282
CPSF2,6.162562039
DDX23,6.158647587
VPS18,6.129239654
CHD3,6.067658336
EIF3H,6.035203649
URB1,5.996913014
WDR82,5.991377624
INTS1,5.987726783
RGPD6; RGPD5,5.95789318
POP1,5.953417064
RALY,5.952128702
NUP98,5.951125767
DDX20,5.933773912
TGM2,5.922615813
EXOSC7,5.874967458
EIF3D,5.783198418
EIF3C,5.748308161
FYCO1,5.735156249
NUP107,5.733804791
MPHOSPH10,5.712470875
SART1,5.678139298
STRN3,5.665068733
MICAL2,5.638583001
RAB10,5.619665392
INO80E,5.592694237
PPIG,5.581335602
,5.578676118
NOL9,5.572704729
AAR2,5.56809687
CDC42BPB,5.543621451
SNRPD1,5.533063098
MOV10,5.485040768
WDR43,5.467272494
RNPC3,5.464040596
SUPT5H,5.45492474
GOLGA2,5.452521806
GTF3C3,5.449567807
TFPT,5.427746886
NUP160,5.424719518
RPN1,5.421147598
FAM21A; WASHC2A,5.415683232
PRPF4,5.405116802
RPL3,5.39756884
TRIO,5.396026083
RBM5,5.380174045
TJP2,5.377833295
MRPS33,5.376532745
,5.344125635
INADL; PATJ,5.330398439
SLX4IP,5.317009191
CRNKL1,5.313086467
ANKRD11,5.306206286
BEND3,5.304751662
ZMYND8,5.304407615
ZEB1,5.303415704
DOCK7,5.293539205
SPT6,5.288292561
WDR33,5.26498921
MRPS5,5.243262329
NF2,5.225879458
SRSF10; LOC100996657,5.221141231
RPL17,5.198381503
POLR1C,5.196320118
TBL1XR1,5.190541461
FBL,5.151791132
ACIN1,5.142542851
SRSF6,5.132129606
MYADM,5.13107826
ASPH,5.125680271
BOP1,5.108571945
SF3B3,5.105288558
DKC1,5.077610753
SLC30A7,5.074901847
MIOS,5.074095477
FAM175A; ABRAXAS1,5.063538641
SRSF4,5.05888041
NOA1,5.05262875
ASUN; INTS13,5.045260445
ZNF148,5.042148817
NOP9,5.037565499
SDPR; CAVIN2,5.025769641
GTF3C1,5.008173437
TRIM56,5.004536743
DCP1A,4.998136535
TRIM26,4.986974958
TP53BP1,4.9806978
PIGS,4.974267287
DCP2,4.965455924
RBBP7,4.959261157
RPL27A,4.951867789
HTATSF1,4.943306664
SCD,4.939614716
MAP4K4,4.926007496
C3orf17; NEPRO,4.925466462
HNRNPUL2,4.923609665
SETD2,4.920696087
RNPS1,4.915231489
SRP68,4.911840125
SSRP1,4.906820886
COPB1,4.897521573
NDUFA9,4.879690708
RALGAPB,4.854611868
TEX10,4.853990763
ERCC4,4.845035633
TFIP11,4.843068663
WDR11,4.823441852
PCNT,4.819893339
IMP4,4.81546162
TFCP2,4.807429031
ZMYM4,4.802421157
ZNF24,4.794051365
UIMC1,4.787443261
PRDM10,4.77544371
ILVBL,4.770237758
HNRNPU,4.760122118
NAT10,4.758409491
ZBTB20,4.748608208
CHD6,4.72742142
LARP7,4.720463559
TWISTNB,4.717075568
KIF20B,4.713311774
RPL19,4.696980518
DNAJC13,4.693868337
HNRNPUL1,4.693317008
BARD1,4.692250201
SSR4,4.692109047
HEATR1,4.691827079
TAF1A,4.684368315
CXXC1,4.675149571
MDN1,4.67374617
SPAG5,4.660017294
NOL11,4.64751048
RPS16,4.645241806
CCDC86,4.643787735
MRPS14,4.63528086
EIF3L,4.630243832
SENP3,4.628193036
ZBTB7A,4.616356788
HNRNPA3,4.607506458
ARGLU1,4.60093255
RAB2A,4.593294988
WDR19,4.589308155
SPG11,4.582266582
RAB21,4.576711539
RPL4,4.566871755
CWC22,4.56011326
RPS9,4.538313721
PPHLN1,4.535499885
ARNTL,4.532205679
DDX24,4.527065876
FNBP4,4.521539539
C16orf80; CFAP20,4.521141683
CEP135,4.511021137
HNRNPC,4.4888395
CPSF3,4.487034383
MAP1B,4.478573477
SYF2,4.471491414
FIP1L1,4.468446363
TULP3,4.465150068
PEAK1,4.463673525
RSBN1,4.453026857
RER1,4.442305771
,4.427623834
KANK2,4.422358103
RBM10,4.420448778
,4.415639927
RPL5,4.41048595
POLR2H,4.41000916
SRP72,4.403853288
ZNF592,4.398495576
,4.397848324
ASH2L,4.397800582
SH3BP4,4.395287583
RPS23,4.382038008
ZCCHC8,4.381530335
POLR2B,4.376545508
WBP2,4.368582434
VPS26A,4.364015935
SMARCA1,4.359297679
HNRNPA0,4.355291921
INO80C,4.352834957
POLR2A,4.349298994
CSNK1A1,4.348286334
ZFC3H1,4.345794591
COPB2,4.340137614
IFT27,4.337790029
POP4,4.334649994
RPL24,4.332297797
DAGLB,4.316747657
DHX16,4.304508724
HDAC2,4.279670132
BRCC3,4.274028893
EXOSC9,4.265508363
RPS18,4.264565771
INTS8,4.259476332
RBM25,4.250869798
GEMIN2,4.23863275
GALNT2,4.226535386
PLRG1,4.217343443
ETV6,4.216527702
ZNF318,4.208781945
,4.203491576
RPS4X,4.195330371
CHTF18,4.195115766
C1orf35,4.189608673
DDX41,4.187096583
CDC27,4.176698016
TMEM97,4.165669383
KDELR1,4.165248276
RSBN1L,4.162692566
SCFD2,4.157482227
WDR75,4.147815575
SF3A1,4.144627918
TSR1,4.115399382
HDAC1,4.114898794
URB2,4.112262389
PTRF; CAVIN1,4.10703637
SF3B1,4.104818593
WDR92,4.101959924
ISY1; ISY1-RAB43,4.094866621
KCTD20,4.078257131
MTA3,4.075047148
E2F6,4.072310018
KMT2B; MLL4,4.070314739
TUBGCP6,4.069192949
NGDN,4.060597314
BABAM1,4.054608098
DIEXF,4.05457737
COL4A2,4.049339007
GCSAM,4.022681143
ELOVL5,4.006708901
MIA3,4.004340111
DDX21,3.999387226
RCN2,3.997354619
RPS2,3.996019339
RPL34,3.99440228
ZBTB1,3.987995479
TMF1,3.978837273
PARD3,3.973170254
FKBP15,3.970748677
SMEK1; PPP4R3A,3.965612007
RAB11FIP5,3.955529742
RPS11,3.955260874
MLLT4; AFDN,3.946150428
GEMIN6,3.938875168
SLC4A1AP,3.924004468
GTF3C6,3.92086896
SHROOM2,3.920343031
EPAS1,3.906424876
,3.90494164
HM13,3.89991142
GOLGA5,3.897743618
RPL27,3.882874211
BCL11B,3.882174004
PMS2; LOC107984056,3.876735626
ZC3H18,3.872368463
RSL1D1,3.863203264
POLE,3.862068961
TRIP4,3.857158401
HNRNPA1,3.854679243
SHCBP1,3.851692677
SRRT,3.847337288
ADAM28,3.841815357
NOP14,3.83926361
MRPS22,3.828704098
ERCC3,3.823548915
DDX56,3.817044055
CAD,3.816081352
DGCR14; ESS2,3.813054579
PELP1,3.811829982
SLC12A9,3.811671777
FAM120A,3.811104597
AP3M1,3.796750541
SMARCA5,3.779160747
ZCCHC9,3.777913956
PPP6C,3.774316505
ZBTB10,3.773694421
PBXIP1,3.77092946
RCL1,3.750679159
TMED4,3.750021284
RPL26,3.74933578
RAB5B,3.745423505
MYO18A,3.737384371
POLR1B,3.736636696
EFTUD2,3.717992023
,3.710107541
GTF3C4,3.696988142
MOGS,3.689684518
COPG1,3.669498991
ABCF2,3.667972504
NUP85,3.666420015
SRP19,3.664360434
ZBED5,3.662624666
SF3B2,3.660025401
PRPF19,3.658528154
UTP20,3.646485567
ANAPC2,3.635838782
SMARCAD1,3.634898705
MCRS1,3.629688787
TMEM55B; PIP4P1,3.623964048
NFIB,3.621737744
RAB6A,3.613606711
SUGP1,3.604164913
SGPL1,3.603431924
FRYL,3.60096935
HBS1L,3.599644806
,3.593974084
CSNK1D,3.589295023
DNAJA1,3.588298223
DAD1,3.586992099
,3.579063806
COPA,3.564840844
SCAMP2,3.555346108
RRP12,3.545723648
TMEM167A,3.53657497
ADAR,3.533085971
RPL28,3.526877376
LRCH1,3.524693785
DLG5,3.52275146
GOLGA3,3.522432234
SEC61A1,3.521113118
RPL18,3.519643662
USP39,3.516762576
EMC1,3.514759095
CHD9,3.510392153
ZMYM3,3.506911285
MRPL2,3.497852323
SNRNP70,3.493504623
SRRM1,3.491688563
RNF213,3.477856477
KIF23,3.474768445
EZH2,3.46831722
RBMXL1,3.460042525
COL11A1,3.454561831
DDX46,3.453488963
RPS5,3.445292978
STRN4,3.438833397
SRPK2,3.435199122
U2SURP,3.431268649
INO80,3.417100347
RBBP4,3.415222576
SLX4,3.412847743
CHD8,3.404080153
SEL1L,3.40268092
ANAPC10,3.39757677
RECQL5,3.379448431
RPL39; RPL39P3,3.372762439
COL5A2,3.366224897
MORC2,3.363015189
RPS6,3.36204181
ARHGEF7,3.360224497
KDM5A,3.356779619
COL12A1,3.352966427
FTSJ3,3.351317983
RAB5A,3.351276954
SAFB,3.351056591
CDC23,3.349472933
MLLT1,3.347984387
HNRNPA2B1,3.340134316
MKI67IP; NIFK,3.336003967
PBRM1,3.332115851
STX6,3.324904745
VCP,3.323129728
PI4K2A,3.313172166
SNIP1,3.310630185
RPL37,3.306655759
CPSF1,3.306394048
SPTB,3.303458228
TAF1B,3.295935459
WDHD1,3.294919668
ARL6IP5,3.294611541
HIST2H2AB,3.292757918
PARP2,3.292089574
SMARCA4,3.290106803
SKIV2L2,3.283799557
MBD2,3.283754792
SDAD1,3.279588439
MAGED1,3.277722199
APOBEC3C,3.276736561
XRCC4,3.263108599
MRPS9,3.262624403
CHST14,3.25839152
DDX27,3.254960227
CDC73,3.244768221
RPL10,3.24467099
VTI1B,3.24080667
DIDO1,3.235991919
EIF5B,3.235770669
CHERP,3.228601477
RAB18,3.226433995
RANBP2,3.222008572
TOP1,3.208040653
TUBGCP5,3.204654484
MATR3,3.203106546
,3.201494561
RBM39,3.197687947
SAFB2,3.193162283
CD3EAP,3.19162103
SRSF1,3.189491763
TSSC1; EIPR1,3.189408542
POLR1A,3.18819379
ZNF131,3.188186409
VPS54,3.18781297
CDC16,3.187719733
TCIRG1,3.184726706
TAF15,3.18129404
RSRC1,3.169576675
CDCA2,3.169451285
LEMD3,3.163805552
OSTC,3.159762787
USP46,3.156254575
HNRNPH3,3.155398848
MRPS18B,3.151424996
SQLE,3.150193081
SRSF9,3.144412067
CHD4,3.143953711
SRBD1,3.142535368
SLC12A7,3.139238214
LMAN2,3.136976734
NKRF,3.122590496
RIF1,3.122529434
ARL8B,3.121613347
IKBIP,3.117161466
BRCA1,3.10012642
ZNF687,3.099122782
TAF1D,3.085669304
FAM169A,3.083750102
RAB1A,3.073243784
SLU7,3.070218563
PRPF8,3.060901265
MTOR,3.058495819
PPFIBP1,3.057620362
GTF2H2; GTF2H2C,3.046629272
PLEKHA5,3.03746599
ZC3H14,3.031613977
DNAJB12,3.03039816
BAZ1B,3.02979868
RBM17,3.027064212
FLII,3.026241762
FKBP8,3.018514877
MRPS34,3.017998772
ADD3,3.014848543
GPS2,3.013520743
PRPF4B,3.009115218
RPS15,3.006469716
BET1,3.001618207
EMC7,2.995292046
RBMX,2.995153318
ERGIC1,2.985710436
RPL31,2.985674224
SRSF7,2.963669247
DDX55,2.96014311
WDR5,2.959211515
RPL37A,2.949062477
RPS13,2.948350707
PPP4R2,2.948028507
DNAJC1,2.94455107
EDIL3,2.941229508
KDM6A,2.93883996
MRPS31,2.927149582
XPC,2.92397588
YIPF3,2.922992868
DHX38,2.919900873
KAT7,2.919019388
ATAD5,2.915837016
HNRNPR,2.915410365
NIPBL,2.908014431
STAU1,2.902093836
GATAD2A,2.900938968
GON4L,2.900506533
SSR1,2.899376108
NUP37,2.897993373
ZNF638,2.889403267
STX8,2.886686488
MRPS35,2.885826284
GOLGB1,2.883771923
ARF4,2.879823313
PKP2,2.878088505
EBP,2.875755734
CACTIN,2.874700758
ANAPC5,2.873795384
ESYT1,2.873148017
ANAPC7,2.87078117
ZNF532,2.866775763
EXOSC3,2.862930195
AATF,2.852175741
EED,2.849615597
TUBGCP3,2.845656633
RBM12B,2.840791139
ZRANB2,2.83439726
RAB7A,2.824467323
RLTPR; CARMIL2,2.823228043
CTNNB1,2.822103002
CT45A3; CT45A5,2.821903701
RPS25,2.82035115
MSL2,2.817322214
DHX15,2.815935318
DCTN4,2.805996803
RNGTT,2.793964136
INTS6,2.7905315
CCDC9,2.788891467
DMXL1,2.786672552
ANAPC15,2.786029931
TNS3,2.785271421
SRRM2,2.785191867
BRD2,2.780474725
CDYL,2.779898938
LARP1,2.774997392
RPL11,2.772727925
RBM22,2.771725529
GBF1,2.76629734
SPCS2,2.763231423
NFATC1,2.760321506
HLA-A,2.756840087
CDC42BPA,2.749860287
EIF2B5,2.749535261
RPS14,2.749226751
TAF1,2.743375841
EMD,2.741827608
LSG1,2.726535207
DMAP1,2.721326161
TOP2A,2.71523827
SPATA5,2.709380689
DDX10,2.707232144
VPRBP; DCAF1,2.705770734
UPF2,2.702744292
CENPT,2.702597959
ZBTB40,2.694622158
GPATCH4,2.690074963
DDB2,2.687654742
CEP85,2.687051373
VWA9; INTS14,2.685693133
KAT8,2.684606188
SNTB2,2.675246727
DCAKD,2.674919213
DDX5,2.67438169
RBBP6,2.665169347
CANX,2.663969015
CLINT1,2.661420112
LRCH3,2.64861823
VPS8,2.648092334
AURKB,2.64303699
SCAMP1,2.640970533
EIF3K,2.636018824
YTHDC1,2.635459639
RBM19,2.633168389
UTRN,2.628733088
GNL3,2.627649611
RAB13,2.626343868
PFKL,2.616573773
MBD3,2.615090609
SYMPK,2.614161228
STX10,2.612579023
PHF5A,2.60958835
GEMIN5,2.605541464
MYL12B; MYL12A,2.602049729
PTCD3,2.599987951
YEATS2,2.596278703
RPS17; RPS17L,2.593228144
ATP1A1,2.58939096
CEP44,2.58791992
CKAP4,2.584479862
RPL7A,2.57952948
STRN,2.570965908
SLC2A1,2.559413387
TMEM2,2.557607402
THOC2,2.55737779
SMARCA2,2.545309621
COPE,2.543833937
DDX3X,2.538304029
UPF1,2.536732854
MDC1,2.533567316
QSER1,2.524867027
ARHGEF2,2.523885985
NFRKB,2.523585296
RPS19,2.510655004
ZBTB2,2.510162065
LMAN1,2.50805562
MCC,2.507370098
FAU,2.503639621
PFKM,2.494903555
SLC25A5,2.485802863
BCLAF1,2.477326887
C2orf18; SLC35F6,2.475368308
GPX8,2.474364058
SAGE1,2.470577812
SPIN1,2.464469928
USP22,2.463208723
TANC2,2.45544572
EPHA2,2.449647032
,2.448970991
MRPS10,2.444509434
MYBBP1A,2.442919252
CBLL1,2.437698186
CSDE1,2.43730354
FAM92A1; FAM92A,2.432940842
,2.431304092
STT3B,2.429980831
DTNBP1,2.415605919
RBM33,2.41373322
PRKAR2A,2.409426587
ATR,2.405698634
FAM208A,2.404446959
KIAA0947; ICE1,2.403203056
EIF2AK4,2.402704214
EIF3E,2.400821223
MSANTD4,2.396076958
ERCC1,2.380839623
NFIA,2.371413481
CIR1,2.366692281
RPL22,2.362925416
MLF1IP; CENPU,2.362000668
,2.361465655
CDC7,2.355513163
CHD7,2.350474374
UTP6,2.345754283
NOC4L,2.345490333
VAMP7,2.333785248
SRSF3,2.329831548
CDK12,2.323598028
PMS1,2.323412923
EPB41L2,2.32249913
SART3,2.322265108
SRP54,2.319472925
FGFR1OP,2.317064512
MAP1A,2.315868733
CEP170,2.315695965
HMBOX1,2.315121252
CCDC84,2.309215335
PALLD,2.307507657
SLFN5,2.303434936
ERC1,2.293605276
FAM21C; WASHC2C,2.293295749
SFT2D2,2.286373273
PSMD3,2.278387038
POLR2C,2.277845417
SCRIB,2.273252867
DDX3Y,2.270892891
ABHD12,2.262702589
,2.262041733
EXOSC10,2.256455077
SLTM,2.255894966
SALL1,2.246933403
PATL1,2.245901117
SYNRG,2.24143657
GOSR1,2.232935114
TNKS1BP1,2.231897225
STK31,2.230037565
ZFPL1,2.216723029
BNIP1,2.214889882
MSL1,2.213253113
STX16,2.21099308
LMNB1,2.20773092
ARCN1,2.204193662
SP140,2.203753797
LEPREL1; P3H2,2.203027286
EIF3M,2.202910963
MSH6,2.199680194
FRG1,2.199453039
TCOF1,2.198888179
RBBP5,2.197751623
IGSF3,2.188909322
G3BP2,2.188549656
RBM4B,2.181792217
MRPL4,2.178395457
ARF3,2.177486245
ASCC1,2.171425661
VPS39,2.16970389
GIGYF2,2.169556166
PLK1,2.168870856
GATAD2B,2.16494719
FANCL,2.164439367
YIF1A,2.160938767
KIAA1429; VIRMA,2.160784081
FAM91A1,2.153085723
GADD45GIP1,2.144693653
KLF12,2.14165131
RPS27L,2.140182536
LTN1,2.136671778
FAM115A; TCAF1,2.132785228
MBD4,2.12662331
SNW1,2.107028825
WDR7,2.10393075
TEFM,2.095539658
RAB5C,2.094640511
,2.092761279
DDB1,2.083577087
WDR12,2.082249954
PTPN1,2.077830808
GIT1,2.076845948
WDR6,2.074612878
ZNRD1,2.070066119
UBTF,2.065738411
,2.061145468
MLH1,2.057112553
PIP5K1A,2.054587239
KIAA0754,2.050570367
TMED9,2.043183269
KHDRBS3,2.038637799
HSPG2,2.037010328
SLC29A1,2.028655695
ORMDL1,2.027845468
NBAS,2.026417191
ZNF143,2.024315162
CPNE8,2.010744272
ANKHD1; ANKHD1-EIF4EBP3,2.010279371
COL5A1,2.009278467
RPS12,1.999509453
RPL22L1,1.999147165
ERAL1,1.995677042
DIMT1,1.993558805
NT5C2,1.993061728
TRIP12,1.992811487
CUL2,1.990559681
HP1BP3,1.984290845
STAG2,1.975047159
MPHOSPH8,1.972479104
,1.968187073
VPS11,1.96609178
THOC6,1.962312636
SMU1,1.961838041
FBXO5,1.960619023
FHL2,1.958123933
EXOSC8,1.956247568
HNRNPLL; HNRPLL,1.948801815
ARHGEF40,1.943734959
PPP6R1,1.936337563
CSNK2A1,1.931532513
RACGAP1,1.931033009
CAAP1,1.930555582
FASTKD1,1.926981584
KIF22,1.926033398
MAN1B1,1.919403175
RPL35A,1.917603376
FGD5,1.917236047
PDS5B,1.917157331
POLR2F,1.91644104
NCAPG2,1.915407017
VAPA,1.907581155
RUNX1,1.906953883
TOP2B,1.905124033
INTS10,1.897717348
PHLDB1,1.890697071
U2AF2,1.887551853
YTHDF1,1.883378245
NCBP1,1.881617031
FAF2,1.880632555
SF3A2,1.876977886
RPL35,1.876166579
HEATR5B,1.871614403
TMPO,1.865284178
RMI1,1.860621105
ZNF579,1.859020542
NHEJ1,1.855100462
RPS27,1.852434282
L3MBTL2,1.835632992
JRKL,1.833810506
LRCH2,1.833174282
SAP30BP,1.830938332
RPS3A,1.830424612
SPATA5L1,1.830102694
INTS5,1.829193115
LRCH4,1.826644602
SMG5,1.823851783
WAPAL; WAPL,1.823148027
ANKLE2,1.821483094
TFDP1,1.807300471
STK4,1.793932968
YTHDF2,1.784144733
FBXW11,1.780171962
ZMYM1,1.775989067
MRPL38,1.772869343
CBX2,1.765503056
RPS26; LOC101929876; RPS26P25,1.764856057
XRN2,1.76265664
ERC2,1.758717429
RPS15A,1.74880715
NOLC1,1.746516195
USP42,1.745119082
C15orf23; KNSTRN,1.745057442
ACSL3,1.737981632
DAXX,1.736805525
POLR2E,1.735931232
ARHGEF12,1.733736491
MYL6,1.732550049
KHDRBS1,1.728015493
KIAA0196; WASHC5,1.726813822
NCAPD3,1.726424988
SKIV2L,1.724884256
CHP1,1.72219208
MPRIP,1.718733282
MYBL2,1.717010839
MTA2,1.708129722
MYCBP,1.705923328
HNRNPH2,1.700118434
MRPS2,1.696328767
IGF2R,1.695149734
MRPS26,1.69210432
DIAPH3,1.690654216
EXOC6,1.689635368
SMG1,1.689087732
ERH,1.687907736
MCM7,1.685989358
GOSR2,1.68311272
LRRC57,1.679014779
NUP188,1.675122474
MAD2L1,1.670807019
,1.668619022
ZNF516,1.668517458
CWC15,1.667925477
SF3B4,1.664448931
UFD1L; UFD1,1.662921817
SMARCB1,1.661201769
PABPN1,1.656093182
MYH9,1.653684228
MTDH,1.65232087
PURA,1.644434907
TIMM50,1.643584494
RPP38,1.64152549
SLC27A1,1.640021111
SON,1.636720869
,1.6244913
SEC61G,1.62291482
KRT18,1.620019897
EIF3J,1.617968905
PPP4C,1.617679501
VTI1A,1.615607653
,1.6124107
EIF3F,1.609959126
PHC3,1.607560393
BRPF3,1.606502315
RP9,1.596128438
POLRMT,1.594822498
PRPF31,1.591079682
ELL,1.570554677
FBXL6,1.568833745
HLA-B,1.563378128
RPA1,1.562587836
GOLIM4,1.559984364
ZGPAT,1.55544385
GNL3L,1.55458501
ESF1,1.554498878
PPP6R3,1.553628095
MRPS16,1.5494251
MRPL19,1.545341766
RAP1B,1.54148759
ANKRD17,1.540070144
TMX1,1.537512658
TERF1,1.535072874
CDC5L,1.532328164
ARFGAP3,1.532275774
SNRPB2,1.521762657
EMG1,1.518861621
TMEM33,1.516957402
MUM1,1.512103525
STRAP,1.511526461
INTS7,1.510979472
CASC5; KNL1,1.510379604
JDP2,1.502690596
TXNL4A,1.500200223
POGZ,1.498927712
,1.497643956
RBM15B,1.496533491
KAT5,1.494980131
PPIL2,1.488892658
SRPR; SRPRA,1.487122107
DAP3,1.484586829
PURB,1.478466035
GAR1,1.475778395
DTNB,1.473867999
PRPF40A,1.473001393
FLNB,1.472966177
UCHL5,1.471563641
PRPF3,1.463197804
MEN1,1.452824993
DPF2,1.451056799
TTI1,1.449059522
ELMSAN1,1.446142483
MCM6,1.444561918
GRWD1,1.442880663
LNPEP,1.442114806
,1.437513664
RPP40,1.425549002
SEC61B,1.421432431
KIAA1033; WASHC4,1.42130774
DDX49,1.419475979
TCEB3; ELOA,1.418138942
ZNF622,1.411870163
TSSC4,1.411799743
BCAS2,1.411678447
C20orf112; NOL4L,1.410835103
PRC1,1.410703592
NPAT,1.410576547
NABP1,1.409147277
ALYREF,1.407458364
MCM5,1.403426567
BRD9,1.399502961
HADHA,1.396522106
STK3,1.389947346
COPZ1,1.386661877
MRPS17,1.382952064
MCM3,1.37774558
BAZ1A,1.37769084
MGAT2,1.376409607
SMTN,1.370312826
MCM4,1.369862704
PPP1R12C,1.367212995
MPP5,1.366838949
SYNE2,1.365293278
DDRGK1,1.360465773
THOC5,1.360242004
ODF2,1.346634311
BUB3,1.340578397
UNK,1.340507317
KDM1A,1.336371695
EIF3A,1.333151229
SMC1A,1.332496517
AHNAK2,1.330622238
CLEC11A,1.325696234
RBM14; RBM14-RBM4,1.325241925
SEC24A,1.324638206
ZFYVE26,1.3210571
ZNF187; ZSCAN26,1.320122854
SEC22B,1.318761216
,1.314898758
ZC3H7A,1.313987291
VPS33A,1.31069645
ESYT3,1.308941247
RBM26,1.305572361
ING2,1.305198669
PCGF6,1.304909807
PARP4,1.303331972
ZBTB33,1.302442652
KIF4A,1.293967072
HNRNPL,1.293159573
TUFM,1.28324734
LBR,1.280981652
YY1,1.278618851
NOP56,1.273550092
DDX47,1.269842988
ZBTB14; ZFP161,1.261162889
RREB1,1.25776836
AP2M1,1.256543226
RHOA,1.256476585
AP3D1,1.252222733
SCCPDH,1.251894427
C7orf26,1.250869644
SCAF1,1.247971498
PGAM5,1.243404745
TMEM214,1.235086268
,1.233826897
H3F3A; H3F3AP4; H3F3B,1.227742973
C11orf57; NKAPD1,1.218886474
HIST1H4A; HIST1H4F; HIST1H4D; HIST1H4J; HIST2H4A; HIST2H4B; HIST1H4H; HIST1H4C; HIST4H4; HIST1H4E; HIST1H4I; HIST1H4B; HIST1H4K; HIST1H4L,1.218248896
SYNGR2,1.217022474
RAN,1.21632371
KIF2A,1.213398108
STX12,1.213121543
HBB,1.206327885
EIF4E2,1.206317739
CHAMP1,1.204651609
CYFIP2,1.204291215
CDK10,1.192581908
DNAJC21,1.182616108
INTS12,1.180844269
LRRFIP1,1.1788565
PRKDC,1.169088069
MAGED2,1.166808272
CDC42EP4,1.164398531
CENPO,1.163117122
RTN4,1.162783252
FLOT1,1.149348131
WHSC1; NSD2,1.149043659
IGF2BP3,1.148589979
RBM3,1.144017862
SEC13,1.143864776
TBC1D10B,1.134908293
MRPL9,1.134101855
RAB11B,1.133560674
SLC7A5,1.130090823
TTI2,1.128507656
CISD2,1.126614369
CCAR1,1.121361393
DNM1,1.1103729
MRPS28,1.10852052
DCP1B,1.107918959
BRD7,1.097818019
EIF4G1,1.090821646
SEC24B,1.084674535
VAMP3,1.083786037
SRSF2,1.07116324
CCDC12,1.066964174
GTF2H4,1.064970466
PPFIA1,1.063674827
AP5B1,1.063209779
G3BP1,1.062850241
TIGD2,1.06255796
LRRC59,1.060390092
PSEN1,1.058902199
UFSP2,1.056756503
RPL23,1.055817716
GHDC,1.054631178
CIT,1.052436098
ROGDI,1.052289094
PTK2,1.048684816
PRKRA,1.048590232
GTF2I,1.046085936
SLC39A14,1.046062473
PIGT,1.045836324
FAM3C; WNT16,1.039136014
SMC5,1.039055254
TUBA1C,1.038834782
MSI1,1.038344024
GOLT1B,1.026446087
HMGXB4,1.024558219
C2orf47; MAIP1,1.022770977
CPSF4,1.01962998
RAB32,1.017224477
CBX8,1.016881962
FANCD2,1.016404756
TUBB3,1.016393498
SLC9A3R2,1.014824715
EXOC6B,1.010316918
SRGAP3,1.008496479
LUC7L3,1.00839386
ZFP91,1.007676792
WDR36,0.99683565
TAF2,0.996726425
TUBB4B,0.994566182
MSL3,0.994460031
VRK2,0.988878623
ARVCF,0.98828737
LONP2,0.987410278
CCNT1,0.984832065
PIAS1,0.981546478
PHF23,0.973137439
TINF2,0.968658367
COIL,0.96521859
TUBB4A,0.964908962
TAF5,0.964087139
ARMCX1,0.963626951
MAP1LC3B,0.963512262
CDC42EP1,0.960920005
YIPF4,0.959743269
PLCD3,0.959129483
RPL10A,0.957700268
PPP1R10,0.95095972
ZCRB1,0.950590648
ZHX2,0.950322037
SAMD1,0.949986756
EXT2,0.942434197
NIPSNAP1,0.93990838
PTRH2,0.937545679
AP3B1,0.934123604
NARG2; ICE2,0.933959704
SRSF5,0.931383283
SPTLC1,0.93093635
SRPK1,0.926920041
RPP25L,0.916899375
TFB1M,0.916810137
PLEC,0.916641335
UHRF1,0.909240004
CASK,0.905567185
UBQLN4,0.902682316
MRPS27,0.901955331
NUP50,0.901672782
RALA,0.900590628
GTPBP5; MTG2,0.898204355
THAP11,0.895538533
MCM2,0.895515952
POLE2,0.892620099
NUCB1,0.892484982
NXT1,0.890641397
UGT8,0.889559495
TUBA1A,0.874705552
CDK5RAP1,0.871842554
SYPL1,0.871637329
,0.868358874
GRK6,0.867926216
ARID1B,0.86442016
FLNA,0.862192832
AFF1,0.861265796
PRKAA1,0.860081731
DST,0.856498198
SCAF11,0.855818175
RAC1,0.85579556
DDX17,0.855122232
GTF2F1,0.854504978
ZW10,0.854235051
CLTCL1,0.85404835
STX7,0.853949755
RPL30,0.853183136
GIT2,0.852836975
ATP6AP1,0.841753445
GTSE1,0.837536249
TPST2,0.834877239
MED17,0.829244113
TERF2,0.828315963
EPC2,0.827943985
AP5Z1,0.819235508
PRKACA,0.819055572
VRK3,0.817437876
DHRS2,0.804445363
RAB14,0.801211931
SRPRB,0.800422344
MRPL33,0.800324845
ICT1; MRPL58,0.80030387
FLNC,0.7998178
KRT77,0.798712365
KDM2B,0.797847578
BTBD10,0.795492068
LUC7L,0.791386087
GNAI3,0.78373678
SETD1A,0.782798154
GUF1,0.780782531
MAP7D1,0.778071835
HDAC3,0.775144853
MRP63; MRPL57,0.771738816
TUBB,0.769740159
HSD17B11,0.766488435
AHCTF1,0.765494261
DYNC1I2,0.764381516
MRPL37,0.760737422
EXOSC4,0.760006583
PHF3,0.751272928
INPP5K,0.748212865
MMP14,0.744842005
,0.744162328
FHOD1,0.74163473
RASSF5,0.740151849
RPS29,0.737900271
TFRC,0.736936156
HIST2H2AC,0.736877448
TPX2,0.7365385
NCBP2,0.732336567
NUP210L,0.731238855
NUP155,0.730711499
PSMC3IP,0.729053533
XRCC6,0.724228652
RINT1,0.722220453
UTP14A,0.71964674
BLOC1S3,0.710444096
CINP,0.706232338
PHC2,0.70182557
POP7,0.701533407
FAF1,0.700415485
NELFE; RDBP,0.699309195
TADA3,0.698865603
TARDBP,0.69882603
TXNL1,0.698575937
SF3B14; SF3B6,0.689824198
THRAP3,0.685881135
RBFA,0.679028434
RPS10,0.677476175
RPS6KA4,0.676746213
LMAN2L,0.675209843
GNB2,0.672061566
MTF2,0.671377666
CTNND1,0.6698072
EIF4A3,0.658069844
PRRC2A,0.656849247
RPL9,0.652664104
,0.650576389
RAB4A,0.641825464
SLC38A2,0.634385372
ZMYM2,0.629304307
TADA2B,0.624988882
AGPAT1,0.623709911
VEZF1,0.617743918
CALCOCO1,0.614716127
FAM172A,0.61418289
CHD1L; LOC101060601,0.610328649
GTF2E2,0.609553586
ARF6,0.603292172
SUPV3L1,0.601097774
TRRAP,0.594579623
RFC2,0.591113435
DSCR3,0.586691685
MECP2,0.585427183
CSNK2A2,0.58377731
RBFOX2,0.582976494
COL1A1,0.582124225
WRAP53,0.579861774
RFC3,0.573829215
DNAJB6,0.573346801
NUDC,0.571224737
TUBB2B,0.567667643
PHF10,0.565691862
PTCD1,0.565022331
NFIC,0.56228816
ENY2,0.561790532
ZNF346,0.560830563
ZCCHC17,0.558110272
SUZ12,0.55809594
BCAP29,0.553309733
ACTBL2,0.550594344
PGRMC1,0.547470673
UXS1,0.540315233
TUBAL3,0.538831426
MRPS23,0.538281239
HNRNPH1,0.536551013
SENP6,0.531612685
MBIP,0.531472474
GAS2L1,0.526634387
USP10,0.526342657
LSM14B,0.525167495
TNC,0.522717515
ARID4B,0.520520304
LIMA1,0.518338608
UBQLN1,0.517274503
DNAJC10,0.516051143
SRFBP1,0.502924825
SMAD3,0.500846172
AP1M1,0.490484009
PRPF38B,0.48878879
NCL,0.488782437
SRCAP,0.48722623
ZC3H11A,0.483822734
ZC3HAV1,0.483164487
CEP250,0.482207187
SMG7,0.480173042
MBTD1,0.475714304
MTPAP,0.46077176
ILF3,0.459589313
MED7,0.459222811
MAD1L1,0.458712879
HEXIM1,0.455095244
PTRH1,0.454190527
AFF4,0.448761521
RPS7,0.44655544
AZI1; CEP131,0.44624646
CTTN,0.445683238
PGRMC2,0.440528704
PFKP,0.439024599
DDX19A,0.437972331
BLM,0.43036578
GSDMA,0.430044943
APMAP,0.428758711
LMNB2,0.427600165
HAUS6,0.426975779
RFC5,0.416763942
GNAI2,0.41347919
MAGT1,0.410407671
MOB4,0.410327993
H1F0,0.405081645
SMARCD1,0.402563741
PRNP,0.401604357
CENPE,0.400863952
M6PR,0.397366577
NCSTN,0.395813556
KLC4,0.394000008
MICU1,0.39396665
DNTTIP2,0.392327997
TRAF4,0.390997466
TOR1AIP1,0.390931478
PIAS4,0.387280086
VIM,0.385430856
TRERF1,0.376867205
RING1,0.367101169
HIST2H2BE,0.36474487
CC2D1A,0.363974119
SUPT4H1,0.358964377
RBM4,0.357680924
BSG,0.349199967
HSPA5,0.341989741
RPP30,0.339826216
TSR3,0.335673191
HDGFRP2; HDGFL2,0.333534095
ZFHX3,0.331534493
BRI3BP,0.32883353
PRCC,0.328623202
RICTOR,0.325666551
CMSS1,0.324761945
PLOD1,0.322226969
FLG,0.320690691
CXorf67,0.318739533
ADAM10,0.318670854
RAB22A,0.314170475
SCLT1,0.313033566
FASTKD2,0.312972574
SIN3A,0.307997492
EIF2B4,0.30774325
CCNL2,0.306860471
NUP205,0.306139322
MRE11A; MRE11,0.305363286
ALB,0.301764266
CNN1,0.30127307
FAM207A,0.298701905
MRPL27,0.298182738
STX5,0.296952726
RFC4,0.294579734
PPIH,0.293817239
ITGAV,0.292755461
SYNCRIP,0.289385725
WASH6P,0.281286303
CSRP2,0.279337227
TNS1,0.277203086
TRMT2A,0.268722654
RUNX2,0.259804148
ING1,0.259303458
MAD2L1BP,0.253998427
MTMR2,0.25382027
VPS45,0.251155294
SPTBN1,0.242988314
INTS3,0.238539805
GTF2E1,0.237843123
PDS5A,0.234547343
TAOK1,0.232479904
DDX42,0.231597703
TUBB6,0.231370632
IGF2BP2,0.231176525
CDK5,0.224482413
RPL29,0.222777039
H1FX,0.217437597
RPRD2,0.217122546
KRT8,0.216197219
CMTR1; FTSJD2,0.209733029
RCC1,0.208964612
PPP1R8,0.208829265
DDOST,0.204856511
DTX3L,0.202434377
RPL38,0.199409116
SNRPA1,0.196941214
BLMH,0.194860969
FOXN3,0.193960428
FOCAD,0.191213511
UFL1,0.187898067
U2AF1; LOC102724594; U2AF1L5,0.187033908
MED14,0.183899566
NOL7,0.181635671
NUP214,0.181024233
C17orf75,0.159483505
GTF2H3,0.158309597
NR2C1,0.157488254
STAG1,0.155965968
EPC1,0.155196291
RPL13,0.147839231
TUBB8,0.146980078
VDAC1,0.146073383
CLASP1,0.141801486
SF3A3,0.138149814
C15orf52; CCDC9B,0.137017175
PATZ1,0.136527574
PQBP1,0.133105012
PRKACB,0.131466994
EXOSC1,0.128658859
HIST2H2BF,0.127760271
CUL4B,0.120274365
LSM1,0.119118541
CTDSPL2,0.118030127
DNAJC8,0.117526395
KDM2A,0.116718036
PDLIM7,0.116228857
CSTF1,0.116123253
CHEK1,0.115036304
CSTF2,0.113971874
GCN1L1; GCN1,0.113524916
ARID2,0.112423934
CSE1L,0.110915181
TTF2,0.110730102
FAM48A; SUPT20H,0.110393532
SNRPB,0.109767013
CUL3,0.106533275
,0.105665286
PPIL3,0.100687725
AMIGO2,0.095125526
DLG1,0.085273333
NME7,0.068751052
TWF1,0.063094657
ZFR,0.061523942
PUM2,0.060016136
DEDD,0.057326993
MPHOSPH6,0.057216393
AP1G1,0.056610176
AKAP2; PALM2-AKAP2,0.056291299
,0.055213176
TMEM109,0.054011462
EXOSC2,0.051608267
GXYLT1,0.050814028
C19orf53,0.049943728
CDK5RAP3,0.047493386
MRPL47,0.046288836
HIRA,0.046039878
CYFIP1,0.044692924
,0.043659955
ERBB2IP; ERBIN,0.041413694
SCFD1,0.040561228
GLG1,0.038016072
PHAX,0.030378532
CWC27,0.029812137
TUBA4A,0.029385291
TOPBP1,0.028859163
COMMD7,0.027953878
LAMTOR1,0.024818044
NPLOC4,0.019861603
RRAS2,0.018324224
MRPL13,0.012744191
STARD9,0.010314879
UBN1,0.009245585
EDC3,0.00610711
PUM1,0.00249735
IFT46,-0.001070366
MED12,-0.00186921
,-0.006048659
NSF,-0.006434625
DSCC1,-0.013985126
SPEN,-0.015268938
CROCC,-0.01759133
KDM1B,-0.017927993
LEPREL2; P3H3,-0.020768379
KRT80,-0.0219875
RAE1,-0.024268313
LAMA5,-0.028068078
TRAF3IP1,-0.028589175
SNRPC,-0.028855185
ZHX1,-0.032742494
GTF2H1,-0.035890417
,-0.036458182
WIZ,-0.03770476
FBN2,-0.041451685
LRP1,-0.043263888
JMJD1C,-0.043798957
PES1,-0.044882685
RAD18,-0.047762326
STK10,-0.05250614
CIRBP,-0.054593787
KAT2A,-0.055312965
KIAA1217,-0.056121841
SPATS2,-0.056402923
RFC1,-0.06288053
LEPRE1; P3H1,-0.0665322
PIH1D1,-0.067656015
SMN1; SMN2,-0.069460014
HIST1H1A,-0.073799204
RAVER1,-0.074592653
MAGEA1,-0.07548137
TRMT10C,-0.075743637
SLC1A4,-0.078439278
RNF168,-0.079237936
DNAJA2,-0.081175809
Ki67_R12_pm9x2,-0.084259811
CBX3; C15orf57; CCDC32,-0.0858032
ERGIC3,-0.089320546
PALM2,-0.092828778
SP2,-0.094647642
LARP4,-0.098689715
GFOD2,-0.101367873
RANGAP1,-0.104011288
PHF6,-0.104329018
ARHGAP10,-0.108831065
ITGB1,-0.111498988
NDUFAF4,-0.113343046
THY1,-0.116206932
PPP1CC,-0.116928668
LTV1,-0.118630666
MYO10,-0.121081082
HEATR7A; MROH1,-0.126389072
SNRPD3,-0.13038164
HNRNPM,-0.130827788
CTTNBP2NL,-0.134924403
CHTOP,-0.139311883
NAPA,-0.142755028
KTN1,-0.142818108
BMI1; COMMD3-BMI1,-0.144828934
GGNBP2,-0.145275776
ITGA3,-0.148127857
,-0.148331393
MED23,-0.14918924
SMNDC1,-0.153016426
CNP,-0.15762732
DTNA,-0.159218993
SMG9,-0.171974013
URI1,-0.174844696
NUP88,-0.175525321
SNRPD2,-0.189382667
MRPL17,-0.191781136
PCGF5,-0.194340679
HNRNPK,-0.194694894
TAOK2,-0.195033952
KMT2D; MLL2,-0.19513171
BYSL,-0.195147116
ORC1,-0.196269952
NCKAP1,-0.197268085
MAP1S,-0.197881342
AFMID,-0.200167337
NDE1,-0.20305284
UBA52,-0.204473592
ADD1,-0.206690385
HSP90AB4P,-0.208712977
SDF2,-0.216316238
SREK1,-0.216527722
GGCT,-0.219552207
RPL23A,-0.221440787
WTAP,-0.223435376
BLOC1S5,-0.22644842
NUMA1,-0.2287986
HLTF,-0.229652796
UXT,-0.231127345
SRP9; SRP9P1,-0.23273896
POLR3C; LOC101060460,-0.239894905
FIS1,-0.243266277
NMT1,-0.24792377
PPP2CA,-0.248120345
MAD2L2,-0.251317871
CCDC97,-0.251335671
RCOR3,-0.251671247
C11orf30; EMSY,-0.257386483
TJP1,-0.261399911
FAM120B,-0.263786426
CDCA5,-0.268793813
RPS3,-0.269113685
SCARB2,-0.282395771
TMEM63B,-0.287603312
LIG3,-0.288149028
CASP14,-0.2905418
SND1,-0.293524656
FBXO28,-0.293680246
BPTF,-0.300637632
PRAME,-0.301568462
PHC1,-0.302228588
IGF2BP1,-0.303041267
SLC3A2,-0.304188726
SNRNP48,-0.307700159
ERI1,-0.307728322
CDH2,-0.311409714
STRIP1,-0.312334893
MEX3A,-0.313509231
MEX3C,-0.313872612
PPIL1,-0.314278752
C12orf43,-0.314838676
TPM1,-0.315507914
CUL1,-0.320806686
TUBG1,-0.321896736
PSMB8,-0.322607267
MRPL10,-0.326252338
SRP14,-0.332287925
APC,-0.33309471
PNO1,-0.334718631
NAA30,-0.33594531
IFI16,-0.338781813
ABCF1,-0.338960583
HADHB,-0.339040759
ATP1B1,-0.339547648
GRB10,-0.342623814
MLKL,-0.348086508
WBP11,-0.348738778
ZFYVE20; RBSN,-0.349249594
TMEM237,-0.35231729
SAP130,-0.3530128
HIST1H1E,-0.353656
CNN3,-0.35578759
NARR; RAB34,-0.356057033
EXOC8,-0.356665841
SESN2,-0.357873199
RAD21,-0.359315063
CTNNBL1,-0.361372937
LRRC8A,-0.363359069
NCAPH,-0.365518551
CSNK2B,-0.365965094
EXOSC5,-0.36687378
CDK9,-0.368023212
LRWD1,-0.371220004
CUEDC1,-0.371413492
NCOA5,-0.376518685
FAM198B,-0.376682604
BAP1,-0.379373464
CWF19L1,-0.382074123
GRSF1,-0.38331562
IFT74,-0.384092225
WBSCR22; BUD23,-0.387116646
MKRN2,-0.398456272
SCAF4,-0.40178629
LTBP2,-0.407499872
DYNLL2,-0.408674345
,-0.41413984
SNX9,-0.418121999
NSUN2,-0.420246651
HIST1H1C,-0.423008585
TPM2,-0.425766972
C1D,-0.43283836
QSOX1,-0.433233635
APP,-0.439829802
KIF20A,-0.443373149
TBC1D5,-0.444076587
P4HA1,-0.447733711
MSH3,-0.450653637
RPAP3,-0.458762437
SERPINB12,-0.458843763
TGM1,-0.465187431
KRT13,-0.466043403
TP53BP2,-0.4694477
TERF2IP,-0.474865753
KRT17,-0.478319606
FASTKD5,-0.481520577
XRCC1,-0.482053877
NPM3,-0.486769233
ETF1,-0.487558228
NUMBL,-0.492226011
FDFT1,-0.493384656
NHP2,-0.501637783
BAG2,-0.504697993
,-0.507039505
CCDC53; WASHC3,-0.507568139
RBM42,-0.519271201
AAK1,-0.523490435
SMARCD2,-0.524684781
NBN,-0.526281169
CLU,-0.529314229
ADNP,-0.53269476
IGHG1,-0.532864959
SNRPA,-0.538116386
SMARCC1,-0.538839338
HMG20A,-0.539726349
IGKC,-0.539905733
RRP1B,-0.540397535
DNTTIP1,-0.544650675
COL3A1,-0.546067517
NCCRP1,-0.547226018
EFHA1; MICU2,-0.55476479
SSU72,-0.559445483
SNRPF,-0.560755999
ARFGAP2,-0.562756146
SNRPG,-0.563036802
PARP9,-0.564487086
CEP290,-0.566709614
KPNA1,-0.56856795
HAUS8,-0.573547171
EXOSC6,-0.573830227
PCF11,-0.574014589
C9orf78,-0.575797076
PROCR,-0.577417972
EXOC2,-0.577547044
HAUS2,-0.578544182
CALM3; CALM2; CALM1,-0.578653098
MRPS11,-0.579374873
GBAS; NIPSNAP2,-0.584445822
MRPS6,-0.588378295
RRAS,-0.591060944
DARS,-0.595228238
CD9,-0.599684316
PPIE,-0.600759274
LAMB3,-0.601624815
NMD3,-0.60524536
FAM101B; RFLNB,-0.613183596
NELFA,-0.614539301
SEC24C,-0.615020513
SPTBN2,-0.618056784
EML4,-0.618757724
ATP5O,-0.61975256
HBA2; HBA1,-0.623996685
RAD51AP1,-0.624132383
RABL5; IFT22,-0.628780219
PTK7,-0.631451975
ERCC2,-0.633077529
TUBGCP4,-0.634577442
HNRNPDL; HNRPDL,-0.634775734
NT5DC2,-0.642104647
CLPB,-0.642204044
RBM27,-0.642716172
PIP,-0.643413666
ORC3,-0.644780788
GLYR1,-0.646028098
RPS28,-0.65023628
DARS2,-0.653130083
SP100,-0.655727407
CCZ1; CCZ1B,-0.656585163
ARL6IP1,-0.658273287
TAF6L,-0.658527227
DAG1,-0.658543568
VPS52,-0.660680916
CPSF7,-0.66234795
MRPL41,-0.663733287
SNTA1,-0.664232389
FAM133B,-0.664791008
SDE2,-0.670311572
FABP5,-0.671301893
MTMR1,-0.677850027
VPS72,-0.682689493
ARID1A,-0.683425661
NAA35,-0.683636524
DDX39A,-0.68365198
ECE1,-0.68626131
NTHL1,-0.69174664
KRT10,-0.691793197
OAS3,-0.692298589
TMA16,-0.698567061
SNRPE,-0.700191415
FLG2,-0.70033781
PAM16,-0.701534591
SEPT3,-0.70163044
RUVBL2,-0.703823424
SMAD2,-0.70888628
CAPRIN1,-0.713797828
SNRNP27,-0.717090834
CDK19,-0.71885104
CCNK,-0.722588071
ALDH18A1,-0.723478373
TRAF6,-0.727069038
MRPL28,-0.730529161
KRT2,-0.733762644
MRM1,-0.733852152
SEC23B,-0.735623377
RCN1,-0.735915083
MICALL2,-0.737255576
STXBP3,-0.739192022
MEAF6,-0.739643407
S100A7,-0.741589076
KRT78,-0.745410339
DDX1,-0.750873107
JAKMIP2,-0.753164609
GATAD1,-0.753772051
ORC5,-0.755196342
KLF16,-0.758716347
CAPZB,-0.76263819
HNRNPF,-0.77333447
NSMCE4A,-0.774284176
EIF2B3,-0.77514779
NCAPH2,-0.778719312
TACC1,-0.786476566
MED1,-0.787427971
PELO,-0.791600622
WDR91,-0.797525333
MNAT1,-0.798311212
TMEM65,-0.800421403
TFAP4,-0.805760245
DYNC1H1,-0.808664112
METTL13,-0.808767691
DSC1,-0.812229145
DYNLL1,-0.813425883
MSI2,-0.815455021
RDX,-0.815471075
CENPH,-0.819564779
HSP90B1,-0.820146942
SEC23A,-0.820195394
SRSF11,-0.821467322
COLGALT1; GLT25D1,-0.822015319
AKT1S1,-0.824216615
AGFG1,-0.826414638
SNAP23,-0.827721926
RSRC2,-0.828113661
BAG6,-0.830049204
PPP1R12A,-0.830227769
LIN9,-0.830506419
SLC1A5,-0.8324981
TPM4,-0.83380528
DBN1,-0.837691682
RUVBL1,-0.840131727
ARID4A,-0.841163794
SCYL1,-0.842441425
IGHA1,-0.844772038
MTUS1,-0.845496379
RFX7,-0.847832343
USP3,-0.848184925
SMC6,-0.852338818
ESRRA,-0.855408783
C19orf43; TRIR,-0.860804832
BRMS1L,-0.86143867
OPA1,-0.865756949
ZYX,-0.866720014
PCIF1,-0.868595167
HSP90AB1,-0.872488401
C1QBP,-0.887418034
ECM1,-0.889763388
HSPA6,-0.890811984
SPATS2L,-0.891218461
PCNP,-0.891402379
VARS; VARS2,-0.892176369
ZC3H15,-0.892799983
TIA1,-0.893039739
DCD,-0.893406523
RBM45,-0.893991297
MRPL40,-0.901939354
EXOC1,-0.902041555
KPRP,-0.903873431
UTP3,-0.904441462
MIS18A,-0.910327843
HTRA2,-0.910436761
FAM50A,-0.91229552
LGALS7; LGALS7B,-0.912967956
LAMP2,-0.916328464
IFRD2,-0.918213681
OPHN1,-0.923377041
RPL18A,-0.925047589
BCAP31,-0.925245484
TBRG4,-0.928875688
PARP1,-0.931175891
PPP1CB,-0.933647537
LIN37,-0.938071662
FNBP1L,-0.942562694
SMARCC2,-0.945539274
ARG1,-0.948544265
PMF1; PMF1-BGLAP,-0.964866005
OSBPL10,-0.967265118
KRT73,-0.97040135
MRPL39,-0.972827659
ITSN2,-0.978234973
PPP1CA,-0.97858251
CNOT2,-0.978701971
NAF1,-0.985123682
CTSL2; CTSV,-0.987470778
PRIM1,-0.987725884
HMMR,-0.988467796
NRP1,-0.989137196
NUMB,-0.989980462
TCF20,-0.99171578
PAPOLG,-0.993767251
KPNA2,-0.995856082
COPG2,-0.997216839
KIAA1522,-0.997667412
TXN,-0.997725377
THOC1,-0.999339976
CTNNAL1,-1.001708832
GNA12,-1.002233679
HRNR,-1.006286505
DNAJC3,-1.007711628
SMCHD1,-1.008362151
MACF1,-1.010096392
,-1.011169723
RPS6KA1,-1.012118995
AZGP1,-1.01553099
PLOD3,-1.019316969
ZWINT,-1.020412184
SEPT10,-1.020827979
KRT1,-1.023702416
POF1B,-1.026364007
PCYOX1L,-1.026674465
MZT2B,-1.026899622
EZR,-1.027020668
EIF2S1,-1.031367985
SPECC1L,-1.031395156
KIF11,-1.033488157
RPUSD3,-1.0354427
KPNA3,-1.044896519
DNAJC9,-1.051323397
CMC1,-1.053720874
STEAP3,-1.055523577
DSC3,-1.059360068
SMARCD3,-1.060030337
NUSAP1,-1.06290213
ACTR1B,-1.063149447
CSTA,-1.063516622
CNOT1,-1.066120062
MRPL44,-1.070454743
LAMTOR4,-1.070746927
,-1.072601175
ZNF185,-1.072934988
SCAF8,-1.073093357
SCYL2,-1.076846271
CDK7,-1.077369813
NUP35,-1.079408
VAPB,-1.081604728
KPNA6,-1.081981409
ZNF609,-1.093777545
PIP4K2A,-1.096474874
ACLY,-1.106119319
RBMS2,-1.111990319
RCN3,-1.114955942
SMC3,-1.120373876
DNM2,-1.122374264
NF1,-1.123870867
ATRIP,-1.124178068
PRKRIP1,-1.124741076
KRT5,-1.126415256
EIF4A1,-1.127999778
EXOC5,-1.12906745
UPF3B,-1.132829666
PSMC1,-1.133065219
TRIM28,-1.134081712
PDRG1,-1.135932206
KPNA4,-1.139005918
SERPINB3,-1.141499938
STRBP,-1.144565963
LTF,-1.146593908
LDHB,-1.147966751
DCLK1,-1.148094532
KIF3A,-1.150749037
SUPT7L,-1.151213958
AGAP3,-1.154030974
LIN54,-1.154856998
HSP90AA1,-1.158438049
FOXP1,-1.160451264
RB1,-1.165389092
USP16,-1.165780212
ARL6IP4,-1.167350885
TAF13,-1.1674024
SPG21,-1.168907589
LETM1,-1.173803115
PML,-1.175631624
GNAS,-1.177639436
TAB2,-1.183107709
C2orf49,-1.186530837
MRPS7,-1.187444007
ASDURF,-1.189488212
ANKFY1,-1.190411139
CAT,-1.191223585
LAMP1,-1.197709395
PRPF40B,-1.201625246
LOC440264; L1RE1,-1.205141176
TGIF1,-1.206668021
RPS20,-1.213508863
EP400,-1.216080366
KANSL3,-1.217271226
CD63,-1.219568125
KRT3,-1.223301199
RCOR1,-1.228755181
DLC1,-1.232569875
TOX4,-1.232899662
NDUFS2,-1.233516582
PLG,-1.240127762
AP3S1,-1.240643634
EXOC7,-1.240703575
HSPA8,-1.240781155
LSM14A,-1.245470773
BICD1,-1.246397435
FIBP,-1.249621311
TBP,-1.250616537
VAC14,-1.250713239
PDZD11,-1.251253413
HDLBP,-1.254646992
REEP5,-1.257381345
CDT1,-1.258659147
FBXL14,-1.263594645
SKP1,-1.267564784
MED18,-1.272605975
NFS1,-1.274449434
CUL5,-1.275518033
DIAPH2,-1.284462678
REPS1,-1.286386737
QARS,-1.287274731
PABPC4,-1.287752102
AP4S1,-1.29083894
SPTAN1,-1.294964107
C8orf33,-1.297548901
AURKA,-1.300585176
CD44,-1.300858457
CDSN,-1.301541589
TIGD1,-1.306138124
KRT9,-1.308931087
SBSN,-1.309555762
CENPK,-1.310713987
HAUS5,-1.313413372
CEBPB,-1.315041663
TRIOBP,-1.319447216
CADM1,-1.321597363
TPM3,-1.3238849
DENND6A,-1.324620027
RAD50,-1.328400237
RNF169,-1.33089636
EXOC4,-1.333912538
SEPT8,-1.334086392
CALML5,-1.33559038
TUBGCP2,-1.336016394
APTX,-1.34285554
RPLP1,-1.344011406
STIP1,-1.346704907
RPP14,-1.346776125
ALCAM,-1.346968523
MAGEB2,-1.348013365
LCN1,-1.352341609
NR2C2,-1.355229098
ANLN,-1.355559882
,-1.355862426
CHD1,-1.356436257
CDKN2AIP,-1.358085026
TAF9B,-1.361754186
TEAD4,-1.367377949
BLOC1S6,-1.36853463
PAK4,-1.37255713
CETN2,-1.381694424
SNX18,-1.384983806
CLYBL,-1.391815622
CCDC101; SGF29,-1.397863059
MAGOHB,-1.399840826
FOSL1,-1.399985322
VPS51,-1.402375826
NCAPD2,-1.404985094
SUDS3,-1.410679814
KRT14,-1.41163662
MRPL48,-1.414245352
NRDE2,-1.415862886
,-1.417357741
PIP4K2C,-1.418709442
PPP1R18,-1.420339266
ABCE1,-1.421065638
EIF4G3,-1.421630522
FOXK2,-1.422382346
AVEN,-1.422982901
PNKP,-1.424545917
KRT23,-1.428592235
L1CAM,-1.428991781
RUFY2,-1.430293724
,-1.435744475
KLHDC4,-1.436943406
LUC7L2,-1.437407444
USP48,-1.437898152
ACTR1A,-1.442339028
BAIAP2L1,-1.449119501
LRRFIP2,-1.450523722
EHHADH,-1.453555106
DSP,-1.453790257
LUZP1,-1.458619677
CRYZL1,-1.463275314
ESPL1,-1.467061272
HSPA1B; HSPA1A,-1.46822431
GTF2F2,-1.471452109
ASF1A,-1.473442178
TPPP,-1.473527838
PRPF18,-1.474998837
SAP30,-1.477530937
MAX,-1.48074233
MRPL55,-1.482775417
WASF1,-1.487579431
COL16A1,-1.490939547
CAMSAP2,-1.508667164
PRPS2,-1.509032132
MOCS1,-1.510533746
NTPCR,-1.513326073
KANSL2,-1.513337524
BANP,-1.516813343
NES,-1.520304848
ELAVL1,-1.521586564
TAF7,-1.523797419
ITIH3,-1.525105313
SMG8,-1.52606143
PKP1,-1.526305462
MYEF2,-1.52747461
MAP2K7,-1.529600916
ATP1B3,-1.529886261
DSG1,-1.533274529
PTTG1,-1.537001603
IQGAP1,-1.537785001
PRRX2,-1.541700324
STK25,-1.542154328
SYNPO,-1.552011471
NHP2L1; SNU13,-1.554063126
EIF2B2,-1.55697338
ZNF200,-1.563207561
MAGOH,-1.568098452
EIF4B,-1.568350742
TEAD3,-1.569370756
HSPA4,-1.570330862
SPC24,-1.579382822
CORO1B,-1.582760445
CCNH,-1.582783441
COBRA1; NELFB,-1.588085344
DR1,-1.597339514
ASAP1,-1.60088442
RFX2,-1.602281715
DDX43,-1.60462179
GOLPH3,-1.624992214
RANBP9,-1.625085263
COG1,-1.626050768
YBX1,-1.626098111
ZNF207,-1.630634505
HAUS1,-1.631719065
ELMO2,-1.634452032
CD81,-1.636512902
CORO1C,-1.639635785
S100A9,-1.640131773
PRRC2B,-1.641328371
HAUS3,-1.641441172
PPP1R13L,-1.643372362
TAF8,-1.649865658
TCEB2; ELOB,-1.653882174
ATP5A1,-1.655399058
TJAP1,-1.656359526
THOC7,-1.668131486
PDCD2L,-1.668297442
TLK2,-1.671316709
SKA3,-1.677545428
BLOC1S2,-1.678860295
,-1.683463075
PSIP1,-1.684084789
EIF2B1,-1.685595152
AGPS,-1.686220512
RNMT,-1.687438476
UQCC; UQCC1,-1.690940855
HNRNPD,-1.696488474
PFDN6,-1.701303523
MED6,-1.707159444
LAMC2,-1.708831525
SF1,-1.70938131
BAZ2B,-1.713275306
CREB5,-1.713889332
TAF10,-1.720048586
CTBP2,-1.720655269
PPP2R1B,-1.726221891
EIF4G2,-1.736933872
MYH3,-1.738894966
UBAP2,-1.74307975
MSN,-1.744143147
ARHGEF1,-1.746089151
CNOT10,-1.747196508
RPLP0,-1.748264368
SSB,-1.749023285
C3orf38,-1.749819115
TOE1,-1.752571422
MPP7,-1.756834869
NBEA,-1.759712476
KIAA0368,-1.762916812
ILKAP,-1.76391082
HAUS4,-1.765953384
BTAF1,-1.771681688
GTPBP10,-1.772356942
PABPC1,-1.772665536
KIFC1,-1.773539717
PIP4K2B,-1.774846556
PACS1,-1.782200761
RBM8A; LOC101060541,-1.784701988
DYNC1LI2,-1.784757519
MPP6,-1.788681053
CCDC132; VPS50,-1.788967502
LGALS3BP,-1.793324242
CLPX,-1.795593074
CALU,-1.801274603
HOMER3,-1.801804821
CTNNA2,-1.804653387
USF2,-1.806723722
NCAPG,-1.809484354
KRT6A,-1.809619838
ARMC8,-1.815470259
LASP1,-1.821298804
COG5,-1.824394667
KRT6B,-1.826278668
ABI2,-1.827787507
LRRC1,-1.828618132
FAM84B,-1.829761802
TCERG1,-1.830361555
PPP3CA,-1.831005335
KIF2C,-1.839436646
EIF2AK2,-1.84195581
SEPT9,-1.843475475
GCC2,-1.846151387
LYZ,-1.850393099
XPNPEP3,-1.852801647
POLDIP3,-1.85287508
CKMT1B; CKMT1A,-1.855246914
CDKN2AIPNL,-1.856221131
CASKIN2,-1.857208658
TAF4,-1.86180747
COL6A3,-1.864961986
AHNAK,-1.866410088
TELO2,-1.867076657
LEPREL4; P3H4,-1.869223419
FANCI,-1.876685213
CCAR2; KIAA1967,-1.877377754
UBAP2L,-1.880295208
NSMCE2,-1.886946892
NSL1,-1.889235085
SEC31A,-1.892408209
TOMM70A; TOMM70,-1.892536122
NDN,-1.89731779
CCM2,-1.898270039
UBP1,-1.898916689
RASSF8,-1.899516542
TAF9,-1.900993152
BRMS1,-1.902769582
MTIF2,-1.906148801
TADA1,-1.9092221
XRCC5,-1.911255071
COG2,-1.912502653
KCTD10,-1.912798828
NR2F2,-1.914997928
MAGEA4,-1.920274596
KDM3A,-1.927298433
CAPZA1,-1.935776313
PPP2R5C,-1.936803711
BCL7C,-1.945754499
EIF4A2,-1.952076251
DSN1,-1.95247786
VPS35,-1.959240571
NONO,-1.959374587
PPP2R1A,-1.963568693
NUDT16,-1.964387667
NOP2,-1.96577259
RAD51C,-1.967168439
WDR1,-1.968517152
PABPC4L,-1.96868977
DDX39B,-1.968861471
BRPF1,-1.969907356
TAF12,-1.975651024
PDLIM5,-1.979645964
RAB31,-1.979650608
KRT16,-1.980757369
CAPZA2,-1.98663667
TGFB2,-1.98804688
DAPK3,-1.990408945
RNF214,-1.99181505
DCTN3,-1.993986254
BRD3,-1.99832164
PLEKHJ1,-1.999362091
MNT,-2.012294684
BRD4,-2.019189995
CALR,-2.021500767
CCNE1,-2.021918898
BCL7B,-2.023477872
RARA,-2.025469701
METTL15,-2.025933594
WIPF2,-2.034858877
OLFML3,-2.042006029
TARBP2,-2.042042082
INPP4A,-2.047765007
POLE3,-2.049505901
PPP2R5E,-2.054295705
DCTN5,-2.054602442
HAPLN1,-2.057945267
PHF20L1,-2.057973965
RCC2,-2.060405808
CTNNA1,-2.062040055
CORO1A,-2.062895997
RUFY1,-2.063777015
PACSIN3,-2.071886214
CFDP1,-2.073263945
DIS3,-2.073326646
MARS,-2.073959951
MED20,-2.076041716
VTN,-2.080527929
BHLHE41,-2.081179798
CLTC,-2.087239949
ORC2,-2.08741495
JUNB,-2.088127134
XRCC3,-2.092167766
CUX1,-2.096003134
BRD8,-2.09700911
NR2F6,-2.09970917
NSUN5,-2.099940051
SEPT2,-2.101850918
EPRS,-2.105204192
PACSIN2,-2.112332955
PCID2,-2.112664097
EIF2S2,-2.113866231
HMGN4,-2.115770401
CTSA,-2.116332728
EIF2A,-2.120676049
C10orf88,-2.120898798
CDK8,-2.121977581
RBMS1,-2.12381585
MED19,-2.129203232
,-2.129240222
EPS15,-2.129364319
NDNL2; NSMCE3,-2.135829551
EWSR1,-2.13813171
LAMB2,-2.13966908
PFDN2,-2.143623395
SDF2L1,-2.145293033
NECAP2,-2.15361591
LRRC53; LOC105378803,-2.156672923
PDP1,-2.157123156
ZC3HC1,-2.161375158
TRAPPC1,-2.162528444
PAICS,-2.163083054
ACAP2,-2.16661547
,-2.167579309
C17orf49; RNASEK-C17orf49,-2.168296241
NUP93,-2.17336296
TAF11,-2.17588572
VPS29,-2.176402235
LAMTOR3,-2.176881999
PKN2,-2.181461829
DNAJC7,-2.184357228
MARCKSL1,-2.195436042
ZHX3,-2.197254191
ILF2,-2.204143395
PLCB3,-2.206022758
BAIAP2,-2.209361882
BOD1L1,-2.211832304
TCEB1; ELOC,-2.21241303
IRF2,-2.214068366
MAU2,-2.214671591
KLC1,-2.214793314
KCTD14; NDUFC2-KCTD14,-2.218208231
CCNA2,-2.21858227
LSM3,-2.21893609
CUL4A,-2.219158301
,-2.222345224
CPA4,-2.222434949
HMGN3,-2.225498701
COG7,-2.227838403
SMARCE1,-2.239279532
PUF60,-2.240358404
RAI14,-2.242045842
GTF2B,-2.243814858
DRG1,-2.250578465
C2orf29; CNOT11,-2.251038015
CPSF6,-2.254191772
HSPB1,-2.255061656
TRIM25,-2.255330393
PSMD1,-2.255541227
MST4; STK26,-2.257622999
PDCD10,-2.263296922
NUFIP2,-2.263800107
COG4,-2.263945639
PBX1,-2.266621596
LSM7,-2.267005549
TFAM,-2.273024859
CALD1,-2.277033738
NSMCE1,-2.288632827
TNPO1,-2.288985298
SS18L1,-2.292049498
GDAP2,-2.29388736
NEDD8,-2.294987811
EEF1A1,-2.299743787
EHD2,-2.300827486
EEF1A2,-2.30251472
EIF6,-2.305270607
PDK3,-2.314546216
MRPL14,-2.320846746
AP2A1,-2.325346519
BACH1,-2.327260244
XPO5,-2.32905438
RPLP2,-2.333817971
THBS1,-2.334225543
DBNL,-2.337875278
MIER1,-2.340782531
DCTN1,-2.340876285
LRRC40,-2.342062028
PRIM2,-2.344579817
BECN1,-2.349711132
SUMO1,-2.358181363
EIF2S3,-2.360382644
UBE4B,-2.362582772
SATB2,-2.366907241
TMPO,-2.367461981
PSMD2,-2.368725411
MAPRE2,-2.37061427
MIS12,-2.373609242
GIPC1,-2.377273207
HSD17B8,-2.378006269
RXRB,-2.378509328
NCALD,-2.382474864
NRAS,-2.38624525
LAMB1,-2.390029227
BHLHE40,-2.390788353
TCEA2,-2.39761651
USF1,-2.404867857
DNAJB1,-2.406274268
MORF4L1,-2.408152606
MAFF,-2.412188428
PTBP3,-2.422953571
JUN,-2.423809738
GSTP1,-2.42605717
JUP,-2.426681504
PSPC1,-2.429570677
KPNB1,-2.431498982
NAPG,-2.431990878
NELFCD; TH1L,-2.433887396
YTHDF3,-2.438458392
COG6,-2.444464355
TCEANC2,-2.4452972
NECAP1,-2.445496633
EPS8,-2.451840242
SERBP1,-2.453812193
CEP55,-2.457103284
XPO1,-2.458172325
E2F3,-2.458253665
B3GALTL; B3GLCT,-2.460785378
KIN,-2.463018968
LAMC1,-2.469036622
CCNB1,-2.470614817
STAMBP,-2.472135342
TSPYL5,-2.474410689
LSMD1; NAA38,-2.476453419
SNX4,-2.477035744
ILK,-2.481096109
RPS27A,-2.484795524
HNRNPAB,-2.485211237
H2AFV,-2.490529264
INTS4,-2.491071786
SHOC2,-2.49441421
BZW1,-2.495511379
MAFG,-2.505334752
TBCK,-2.507877907
FUS,-2.509098784
STXBP1,-2.517200176
EIF4E,-2.517663217
FOSL2,-2.517715345
ANP32B,-2.518658142
SH3GL1,-2.519379521
UNC45A,-2.520851846
STK24,-2.521567878
CCDC85C,-2.522463819
RFX3,-2.531812624
EIF2D,-2.53305623
TRIM33,-2.533074231
SNAP29,-2.539388541
CCDC134,-2.540849452
PCBP4,-2.545677
ALKBH5,-2.551456633
SAMD4B,-2.557545792
MORF4L2,-2.563082755
EIF1AX; LOC101060318; LOC107984923,-2.568747889
ELF2,-2.582170573
PSMB6,-2.582648968
TAF6,-2.587916376
YARS,-2.59366935
CKAP5,-2.601626265
TRIP10,-2.602032146
PCGF1,-2.602622846
HSD17B4,-2.602872474
MRPL11,-2.606079082
TRAPPC4,-2.606656895
NACC1,-2.609003813
ORC4,-2.615701514
CCNC,-2.622892279
FOXP4,-2.624559748
MAP4,-2.632685194
HOMER1,-2.640841377
DHRS4,-2.645626447
PSMD7,-2.646628578
DNAJB11,-2.649863981
TTC37,-2.653190129
EEF1G,-2.654290202
AP1S1,-2.658853423
GSK3B,-2.659167483
PDIA5,-2.666738139
ELF1,-2.675935694
PTP4A1,-2.677854776
PSMD4,-2.678808668
DCTN2,-2.679980006
METAP1,-2.682587724
HMGA2,-2.689196998
TLK1,-2.690756036
LIMS1,-2.696336186
PCBP1,-2.701581239
ANP32A,-2.708079472
PMPCA,-2.714911127
PLS1,-2.724660636
UBASH3B,-2.726264477
RRM1,-2.72648098
SKA1,-2.730885094
ALDH4A1,-2.731312045
MED30,-2.731377662
BICD2,-2.734735655
TLN2,-2.734759164
TPP1,-2.737142974
NPM1,-2.737947652
UBE2I,-2.737954759
CYB5R3,-2.740021857
HIP1R,-2.741428575
PXDN,-2.748239111
AP1S2,-2.748420972
BAG5,-2.756451925
GPKOW,-2.757738316
CUX1,-2.760079902
TGIF2LX,-2.760730474
PSMC5,-2.767780879
MVK,-2.77462598
KCTD9,-2.778931433
TRPT1,-2.780245723
PHLDA3,-2.785545817
SNX8,-2.793242199
CSRP1,-2.793909509
COG8,-2.796237959
HOMER2,-2.797210544
FTSJ2; MRM2,-2.807747384
OR5AC2,-2.81219078
WASF3,-2.818143832
TFB2M,-2.820711794
CBFB,-2.823856986
ROCK2,-2.827048545
NAA15,-2.829232263
NUP54,-2.836063088
LGALS1,-2.837892557
PDK2,-2.844451151
CRTAP,-2.848463524
SMC2,-2.858960325
UNC13D,-2.861898875
CC2D2A,-2.869300923
TUFT1,-2.873442913
CHRAC1,-2.874560524
NR1H2,-2.880976258
RFX1,-2.883046965
USP1,-2.884340706
HN1L; JPT2,-2.894094075
ABI1,-2.899718913
SMAD4,-2.901570684
PNPT1,-2.902343895
AP2B1,-2.909517682
TIAL1,-2.918164475
ARMCX3,-2.920034027
ENO1,-2.922727794
SNX6,-2.924118987
COG3,-2.924809238
CSDA; YBX3,-2.931965405
GDI2,-2.935518951
SP3,-2.939127127
SMC4,-2.956416302
NDC80,-2.957000975
COMMD10,-2.966753274
CEBPG,-2.970765584
DTD1,-2.975501519
ATP6V1H,-2.979852429
HIP1,-2.980773826
TIMM13,-2.987461728
ARMCX2,-2.990238403
PDLIM2,-2.991646429
OGDH,-2.992137615
CNOT3,-2.994100277
CGGBP1,-2.996328437
PSMD14,-3.000829163
PTPN11,-3.002902783
PSMC2,-3.004832299
PYCR2,-3.007208141
MTHFD1L,-3.007529582
PRKAG1,-3.007662267
LSM4,-3.009538511
DNMT1,-3.010933986
BAX,-3.013466732
RAD23B,-3.015407701
PARVB,-3.016051596
GPNMB,-3.016694131
KARS,-3.018864363
RTCA,-3.022520562
C12orf4,-3.02959405
RBX1,-3.030754611
RQCD1; CNOT9,-3.035222251
RFX5,-3.036956575
,-3.03995569
ENPP1,-3.041679425
LSM6,-3.043264115
HOOK3,-3.044278121
,-3.050190296
OSGEPL1,-3.05373989
ANP32E,-3.055979105
MINA; RIOX2,-3.058190962
GNS,-3.061954004
DRAP1,-3.062466489
PSMC6,-3.062911099
RBM12,-3.064324788
IARS,-3.071165905
TRIM22,-3.074821657
MED22,-3.084076056
RNF20,-3.085756231
FOXK1,-3.086526869
YAF2,-3.087100262
KIAA0391,-3.089351647
VPS28,-3.090188412
RECQL,-3.100227369
TGM3,-3.102530312
TXLNG,-3.112303614
QKI,-3.117852413
CDK2AP1,-3.119439073
WAC,-3.122852723
USO1,-3.139097911
RYBP,-3.141548127
DEK,-3.144510851
DDX6,-3.145329601
CNOT7,-3.145463367
MPG,-3.145673884
AP2S1,-3.155463392
MAN2C1,-3.156622365
MCAT,-3.1598747
TRAPPC3,-3.168972312
MED24,-3.171892685
PSMB1,-3.172471739
GKAP1,-3.172985191
C16orf62,-3.1759549
KIAA1279; KIF1BP,-3.176124252
RPA2,-3.176248644
LSM12; LSM12P1,-3.177137797
BUD31,-3.177441185
MTERFD1; MTERF3,-3.183734649
IK,-3.188915992
PCBP2,-3.19010233
FOXJ2,-3.193586589
COPS3,-3.198921963
CCDC50,-3.203995248
ATP6V1A,-3.205342988
ATP6V1B2,-3.205395359
AMZ2,-3.206237054
IDH3B,-3.215237577
RXRA,-3.217081161
SPATA20,-3.217270714
APITD1; CENPS; APITD1-CORT; CENPS-CORT,-3.217309426
GSTK1,-3.219435358
NUBPL,-3.224040341
DLD,-3.224570034
GNB2L1; RACK1,-3.233063364
WASF2,-3.238810168
SERPINH1,-3.241694277
P4HA2,-3.243199278
COMMD2,-3.244013272
NEDD1,-3.244287583
MSH2,-3.245441664
NUDT21,-3.246466396
MICALL1,-3.247653405
DNM1L,-3.252396983
TRPC4,-3.278130102
RSU1,-3.283205724
GLUD1,-3.290984463
TRAF1,-3.291511309
CSK,-3.305321542
TIMP1,-3.30601568
NEK7,-3.314152835
TXLNA,-3.319819885
CELF1,-3.320837695
ING3,-3.322451688
PSAP,-3.322557028
FAM76A,-3.324094041
NUDT16L1,-3.331422211
CSTF3,-3.333499444
P4HB,-3.334459371
PDLIM4,-3.334676733
LDHA,-3.337817482
RPSA,-3.340345997
SPC25,-3.340467876
RAPH1,-3.343254652
SOWAHC,-3.343773135
ITGB1BP1,-3.346021691
PIBF1,-3.346943396
SARNP,-3.347522696
NMT2,-3.350113659
VPS33B,-3.352814804
PSMD12,-3.355805497
DYSF,-3.355925191
PDCD4,-3.359968477
BRAP,-3.361517259
CD2AP,-3.366290782
SKP2,-3.366481465
NUF2,-3.372462406
PITPNM2,-3.374332096
AP1B1,-3.375355384
LONP1,-3.383025923
C14orf166; RTRAF,-3.387826421
SERPINE1,-3.389092035
SSBP1,-3.39066058
JUND,-3.393505519
NEU1,-3.39368181
PARVA,-3.39669288
SIX4,-3.398338996
DUSP12,-3.404887101
MAPRE1,-3.41015746
EFTUD1; EFL1,-3.41164437
NOSIP,-3.415674854
RPS21,-3.417643035
RBM24,-3.422282609
FUBP3,-3.427346949
YEATS4,-3.430984365
SET,-3.437356206
,-3.437902649
ATXN2L,-3.438642788
LIN7C,-3.440070833
RNF40,-3.444163286
EHD1,-3.448257476
HK1,-3.452372632
BZW2,-3.452780123
STAT1,-3.453167622
LANCL1,-3.453695344
LRPPRC,-3.456190447
PARP14,-3.46092622
KRT81,-3.462019368
TNFAIP2,-3.469701543
MRGBP,-3.479561339
ATP5B,-3.481533023
MTG1,-3.482858019
ABHD10,-3.489953472
PTPN22,-3.499276624
VRK1,-3.50774774
PSMD6,-3.514423345
ACADVL,-3.517840627
NSUN6,-3.519740366
HSPA9,-3.52195619
FECH,-3.527363649
SNX1,-3.530291133
EHD4,-3.54177677
TMOD3,-3.547870448
DNAJC17,-3.549182663
SNX16,-3.554871227
PCNA,-3.555710615
DYNC1LI1,-3.564510417
NIP7,-3.565937707
HYOU1,-3.572738251
PDIA6,-3.57751585
ELAVL2,-3.582560485
HP1a,-3.583303448
PAPSS1,-3.586818261
TK1,-3.587044216
MOB1B,-3.588979364
HES1,-3.589457874
PUS1,-3.592574004
CTBP1,-3.596166767
GOT2,-3.598193235
,-3.599844334
CNOT8,-3.600004825
NRF1,-3.603192056
ZNF618,-3.60693074
GRN,-3.607966111
STXBP4,-3.611697975
MRPL1,-3.614138693
FAM125A; MVB12A,-3.616233922
HMGA1,-3.616667578
TCP1,-3.627516501
LSM2,-3.629651462
SLAIN2,-3.630948228
KLC2,-3.636267672
CLUH; KIAA0664,-3.640385061
PSMC3,-3.642456855
LRRC47,-3.644846302
RPA3,-3.66012617
PSMD13,-3.660293503
SLC10A3,-3.662572652
RCVRN,-3.663087053
CCDC93,-3.663433029
MRPL12,-3.665420518
STXBP2,-3.675306888
MED27,-3.676158196
PYCR1,-3.677851587
TAB1,-3.679078375
EIF5,-3.68011914
RPL12,-3.680519357
OXSM,-3.691968871
HMG20B,-3.695899154
PRRC2C,-3.702374046
MED4,-3.703634553
CSTF2T,-3.717399263
IPO7,-3.726032339
SPARC,-3.72935601
PBX2,-3.729596218
UBE2S,-3.734054276
HCFC1,-3.736626734
ATP6V1D,-3.736848481
MNF1; UQCC2,-3.740162722
NAP1L1,-3.742303499
MAPK3,-3.743036721
ALDH7A1,-3.743359585
PDHA1,-3.743972965
AIP,-3.751301668
TKT,-3.751332751
QRICH1,-3.751757693
MED25,-3.761465834
MAPRE3,-3.76552124
TWF2,-3.783369848
AP2A2,-3.788510327
TXNDC12,-3.790502244
API5,-3.797922303
SEPT11,-3.799587563
EPN1,-3.809574002
LMNA,-3.813074338
RBPJ,-3.814122925
SFPQ,-3.821235831
PTBP2,-3.826273825
DNAJC2,-3.828030276
OGT,-3.829487357
YWHAE,-3.834511033
ERP44,-3.838393159
PTPN23,-3.8488931
TGFB1,-3.851800382
C11orf31; SELENOH,-3.854039734
MTHFD1,-3.858896653
UBE2A,-3.863614154
YWHAH,-3.865421756
SKA2,-3.870695874
NAA25,-3.870853916
NUPL1; NUP58,-3.871483287
TRAPPC5,-3.875955231
SETMAR,-3.880079421
GBA,-3.880382437
,-3.890619618
PDCD6IP,-3.895491511
AK2,-3.900409088
C22orf28; RTCB,-3.901542939
VPS36,-3.903277462
UPP1,-3.903758523
TSG101,-3.905738079
APEX1,-3.907359544
YWHAG,-3.908079449
NAA38; LSM8,-3.908942456
SH3BP1,-3.915151993
IRF2BP1,-3.916876819
EIF1,-3.91790972
NUP62,-3.919398172
MED15,-3.919569191
COMMD8,-3.920853536
HSDL2,-3.921089328
TRAPPC6B,-3.925941665
GUSB,-3.93103025
SIRT6,-3.944008921
SYN1,-3.944088419
HMGN2,-3.956746991
KANSL1,-3.957134063
ACTN1,-3.959194574
CDK2,-3.959271412
,-3.964579031
CCT6A,-3.993182486
PKNOX1,-3.993609333
PSMC4,-3.994408394
RC3H1,-4.006571457
PARS2,-4.006769255
NACA,-4.023412065
DECR2,-4.025508174
PICALM,-4.025992436
IKBKG,-4.032106327
ZNF598,-4.034778604
CCDC124,-4.037989873
TFE3,-4.048981437
PSMA6,-4.050698924
RTFDC1,-4.05588008
TBL3,-4.057152241
C4A; C4B,-4.058318836
UBTD2,-4.061822957
RARS,-4.064992486
C1orf174,-4.06842031
CDK1,-4.074809529
UBA1,-4.078166681
C10orf47; PROSER2,-4.081817766
CHMP2B,-4.084189928
RBL2,-4.084370624
PPP1R21,-4.117076014
VIPAS39,-4.127259723
PTBP1,-4.128256051
DLGAP5,-4.13228877
BTF3,-4.136361209
PDIA3,-4.154407022
DPYSL4,-4.156250356
SNX3,-4.156676853
FSD1,-4.163007636
RFXAP,-4.170533769
CTSB,-4.173972737
FARSA,-4.182234114
TRAPPC12,-4.183196797
ACTN4,-4.185610355
PLAU,-4.186150838
ARHGAP17,-4.194503272
DLST,-4.199076273
PSMA4,-4.201366342
CCDC138,-4.201401431
ATP6V1G1,-4.205065832
RPRD1B,-4.206865223
PSMD8,-4.21115829
CNPY3,-4.213068649
PSMD11,-4.224625245
GOLGA4,-4.239790282
TBC1D30,-4.240372128
CSTB,-4.250247773
BCCIP,-4.255765174
TPR,-4.256959775
EHD3,-4.258988387
GSK3A,-4.260646894
YWHAB,-4.264580736
MON1B,-4.26483035
VASP,-4.265130283
VPS4A,-4.273031948
SNX5,-4.276346813
COL6A1,-4.282600512
CMAS,-4.300293894
UACA,-4.303205573
IRF2BPL,-4.309415577
SUB1,-4.313096577
IST1,-4.32528405
MND1,-4.327258815
MB21D2,-4.333754016
SASS6,-4.337338228
OGG1,-4.345969908
CREBBP,-4.348862468
CTSD,-4.351508701
CNBP,-4.354419713
ADRM1,-4.355012343
TSN,-4.359190452
PSTPIP2,-4.365057017
ANXA11,-4.368447797
CHID1,-4.371300576
PSMA3,-4.373516378
CCDC22,-4.382373789
LRPAP1,-4.384465411
TOM1,-4.385405221
PXK,-4.388714385
KCTD1,-4.393566955
EIF4H,-4.396046005
PAIP1,-4.399729058
DCUN1D1,-4.427004451
HSPA14,-4.435423251
LANCL2,-4.448433875
SPAST,-4.452379379
TLN1,-4.456906126
PSMA7,-4.457398247
IPO5,-4.457990372
NPC2,-4.464079961
SEPT6,-4.467442602
IRAK1,-4.475204826
HMGN5,-4.478451701
CEP41,-4.491297806
GABARAPL2,-4.491525587
EEF2,-4.492220493
EPM2AIP1,-4.497194143
PTP4A2,-4.499745297
MRFAP1,-4.500425919
AIMP2,-4.506642596
UBL5,-4.509056903
CCT7,-4.511832721
MRPL54,-4.516289391
HSPH1,-4.521308776
CLIP2,-4.547040233
ACTN2,-4.551950913
IRF2BP2,-4.554402818
PPIB,-4.558561522
MEF2D,-4.569744517
CAND1,-4.572597484
MESDC2; MESD,-4.577506014
ORC6,-4.58615834
CCNB2,-4.58831
C11orf83; UQCC3,-4.603043051
CCT3,-4.612370374
SH3KBP1,-4.629686632
CLTA,-4.633173523
CAMK2D,-4.64102867
MRTO4,-4.641082667
STAM2,-4.642367335
GGH,-4.64297075
MAPK1,-4.643234823
PSMB2,-4.649598305
KCNAB2,-4.650259878
HARS,-4.650469091
DYNLT1,-4.665403437
SLIRP,-4.674601186
VCL,-4.676548167
KIF5B,-4.683017895
FAM136A,-4.684386887
CHPF,-4.690872087
TXNL4B,-4.696279826
SERPINE2,-4.702504661
AASDHPPT,-4.70253184
UNG,-4.704918025
COMMD5,-4.717355928
ACAA2,-4.7232204
CUTC,-4.740999284
ATXN2,-4.745338175
CARS,-4.751295576
BAG3,-4.754922627
FAM129B,-4.757549412
PLS3,-4.759366297
DCUN1D5,-4.762571621
YWHAZ,-4.765031751
CCDC152,-4.769539984
MBNL1,-4.769902167
QDPR,-4.781101412
CNN2,-4.78188845
DAZAP1,-4.790359297
TAX1BP3,-4.804168062
METAP2,-4.80647479
WASL; ASB15,-4.815809678
NFYC,-4.817124405
NDUFAF7,-4.827568566
CACYBP,-4.827603697
SEPT7,-4.829078345
RASSF7,-4.833843814
SNX2,-4.841192919
TRMT6,-4.842562945
FKBP4,-4.848084809
PSME3,-4.848359913
SEPT5,-4.852365117
PHGDH,-4.85553933
CXorf26; PBDC1,-4.861144716
SBDS,-4.863755136
PDDC1; GATD1,-4.864150529
FEN1,-4.866082894
SWAP70,-4.866791406
PRDX2,-4.867050427
KIAA0101; PCLAF,-4.867767165
MESDC1; TLNRD1,-4.873993155
SCOC,-4.876504489
VPS25,-4.884247901
NAA50,-4.909319464
MED8,-4.90999133
KIAA0907; KHDC4,-4.915557807
PGK1,-4.972098351
KCTD15,-4.977587236
MAP3K7,-4.993858662
PDHB,-4.995473412
SMAP1,-4.996437045
FAM45A,-5.008161317
ATP6V1E1,-5.010715248
ACOX3,-5.017105426
SH3PXD2B,-5.040317737
TTC5,-5.042117638
C4orf27; HPF1,-5.043289631
PPID,-5.044832568
CCT4,-5.04994082
ATP6V1C1,-5.050498006
TOMM34,-5.053762441
KATNAL1,-5.064475158
CLTB,-5.067683702
TCEA1,-5.069788457
BIN1,-5.079690863
PGM5,-5.081168519
HGS,-5.091351931
NIPSNAP3A,-5.104478926
PSMB3,-5.105220948
SNX12,-5.108758426
MBNL2,-5.132318966
BTF3L4,-5.132991135
PDLIM3,-5.139095635
CKS1B,-5.140516978
CCT2,-5.151561752
ZC4H2,-5.151706516
TNIP1,-5.154604363
PTGES3,-5.15562518
AJUBA,-5.15843729
,-5.163649986
SAC3D1,-5.168908397
YWHAQ,-5.173047347
PAWR,-5.178021796
LIMD2,-5.180462259
POGLUT1,-5.18118824
MTHFD2,-5.193651822
PSMA2,-5.195263815
HMGN1,-5.199285476
CRIPT,-5.200530871
FAM49B,-5.224021097
HDGFRP3; HDGFL3,-5.225410502
SHMT2,-5.231090533
PDAP1,-5.232607683
GPI,-5.236504058
PRDX1,-5.258482157
DPYSL3,-5.267745416
ACO1,-5.276070258
ATIC,-5.297810349
S100A16,-5.301692694
STK35,-5.301725113
PSMA1,-5.320588653
MCTS1,-5.326415066
AIMP1,-5.326418701
,-5.326612514
,-5.327648329
UGP2,-5.328142418
PKM,-5.334288522
SP1,-5.343197527
COMMD9,-5.346294044
SYNE1,-5.357308242
COPS5,-5.358517102
ENAH,-5.358789
PIK3CD,-5.358878993
DYNLRB1,-5.359896655
,-5.360808424
GRB2,-5.361909815
C10orf118; CCDC186,-5.365324932
CCT8,-5.379889743
FAM76B,-5.384798052
FARSB,-5.394840671
GLB1,-5.422974749
NAGK,-5.423653251
GMFB,-5.43380528
CHMP2A,-5.434050631
GAPDH,-5.44578085
ACAD9,-5.463557673
PLOD2,-5.46438216
PARVG,-5.466165133
EPS15L1,-5.468531245
THYN1,-5.493438614
FBXL18,-5.503667497
COL6A2,-5.525138491
ECHDC1,-5.526319176
NOVA2,-5.543001023
SLC9A3R1,-5.545948699
CDV3,-5.548342618
TSNAX,-5.570873603
EDF1,-5.572852695
MARS2,-5.581374363
CFL1,-5.603681931
TEX30,-5.620608596
NFYA,-5.62274048
OARD1,-5.622804788
EIF5A,-5.630590694
S100A13,-5.632727994
GPS1,-5.634646208
COPS2,-5.659512946
ATPIF1,-5.669849146
ZC3HAV1L,-5.673089437
VTA1,-5.678903319
HSP90AB3P,-5.679096139
FAM103A1,-5.687911458
PRCP,-5.69747868
SERF2,-5.700935032
AUH,-5.73096766
PPIA,-5.732010197
EEF1E1,-5.732109386
DLAT,-5.734548071
PSMA5,-5.744377967
WIBG; PYM1,-5.751740678
RNASEH2A,-5.76454831
VAT1,-5.76472499
PA2G4,-5.7762454
COMMD1,-5.781849606
FAM195B; MCRIP1,-5.790406984
SUMO2,-5.809222599
PDHX,-5.821999119
CNPY2,-5.828210841
CHMP1A,-5.843916691
EEF1B2,-5.844558266
FAM98C,-5.848031115
MRPS36,-5.85213528
ATF1,-5.856062836
KHSRP,-5.860365672
EEF1D,-5.872864393
ACOX1,-5.874851063
ADSL,-5.884080099
ECI2,-5.884802148
POU2F1,-5.888269699
IBA57,-5.904890895
PRPS1,-5.912217301
PRKCSH,-5.915343373
SZRD1,-5.931327822
PCMT1,-5.939857811
LGMN,-5.940915225
HSPD1,-5.986613888
TSFM,-5.992075138
MANF,-6.01104683
COMMD3,-6.011272498
DENR,-6.032006488
MITD1,-6.034395686
RPRD1A,-6.035112936
IMPDH2,-6.0441667
,-6.04762692
NFYB,-6.051183715
DECR1,-6.052152374
FUBP1,-6.062513654
APOH,-6.073707888
TRIM11,-6.074363209
CCT5,-6.084148304
SHMT1,-6.085995438
NAA20,-6.104350643
FKBP3,-6.114673981
TAGLN2,-6.118796428
IDH3A,-6.119051877
TMA7,-6.123551796
TAGLN,-6.130398904
DERA,-6.14038563
HSD17B10,-6.146035648
CYCS,-6.151189805
CTIF,-6.177691507
ANXA1,-6.204286532
S100A10,-6.20830058
ERP29,-6.219347402
PIN4,-6.219960009
PSMB4,-6.221304625
PPT1,-6.231782991
LGALS3,-6.238715608
LAMTOR2,-6.242258815
PIN1,-6.263040543
STAM,-6.292494403
EARS2,-6.306325417
GLUL,-6.311126421
ACAT1,-6.336085695
PPM1G,-6.364679305
PMPCB,-6.365023519
DSTN,-6.414853247
NME1,-6.419887978
ALDH6A1,-6.428429248
COMMD4,-6.436301744
HSPE1,-6.468298677
CRIP2,-6.479136353
FKBP14,-6.514486426
FDXR,-6.514783302
SUMO3,-6.515306096
CFL2,-6.520947774
HMGB2,-6.523049247
HMGB1,-6.524683717
DAP,-6.543898526
ANXA2,-6.544084458
PLD3,-6.54929344
ALDOA,-6.563517541
PPIF,-6.580758696
NAA10,-6.589536235
BASP1,-6.60302851
HMGB3,-6.638972621
UFC1,-6.642551189
GABPB1,-6.684333107
SNF8,-6.692806204
CS,-6.695742608
PGD,-6.757668244
MRRF,-6.759959236
VBP1,-6.768597055
GABPA,-6.775337085
PPP5C,-6.808542009
PPIC,-6.817603984
EEA1,-6.835414998
ALDOC,-6.852236609
ACAA1,-6.867859665
ACOT13,-6.879916512
NME2; NME1-NME2,-6.88526054
CLIC4,-6.889807582
ANXA6,-6.894726474
TPT1,-6.924831045
YARS2,-6.925074573
MDH2,-6.954071816
FAM82B; RMDN1,-6.964245439
GNPNAT1,-6.996574003
GAPDHS,-7.034977337
FER,-7.077496375
MEMO1,-7.103412655
PRPSAP1,-7.112824623
C10orf76,-7.222517945
C15orf40,-7.25242303
TYMS,-7.261946769
PRDX3,-7.277758289
LOC101060545; RPIA,-7.282779148
ST13,-7.305863628
WARS2,-7.314676229
PRPSAP2,-7.426414981
HADH,-7.453367067
HACL1,-7.479189617
CHMP1B,-7.554354724
SEPHS1,-7.578467272
SFN,-7.584779056
C21orf59,-7.661724521
MGMT,-7.680513915
FKBP2,-7.706238945
CAB39,-7.816575693
UFM1,-7.906198718
ECH1,-7.91570484
PHF21A,-7.96160116
OTUD6B,-8.185160327
COL2A1,-8.227108028
MACROD1,-8.273420404
TRMT61A,-8.550235849
ALDH16A1,-8.74721753
POLB,-8.790661636
COPS4,-8.823398146
MVD,-9.644123796