dG_deviation,dGij
0.6263739999999993,-6.138002
0.6263739999999993,-6.274837
0.6263739999999993,-6.432853
0.6263739999999993,-6.425974
0.6263739999999993,-5.286814
0.48901600000000034,-6.278944
0.48901600000000034,-6.278397
0.48901600000000034,-6.275934
0.48901600000000034,-6.426526
0.48901600000000034,-6.61599
0.413087,-6.142659
0.413087,-6.022404
0.413087,-6.142659
0.413087,-5.912768
0.413087,-6.022131
1.3909269999999996,-5.913316
1.3909269999999996,-5.435672
1.3909269999999996,-4.894015
1.3909269999999996,-4.571644
1.3909269999999996,-4.38367
2.4950539999999997,-4.804429
2.4950539999999997,-4.263705
2.4950539999999997,-3.56774
1.591017,-5.810978
1.591017,-5.080645
1.591017,-5.521448
1.2607999999999997,-6.275385
1.2607999999999997,-5.495729
1.365144,-5.61868
1.365144,-5.493789
1.365144,-5.024604
1.365144,-4.654956
1.365144,-4.561932
3.2335689999999997,-5.1066
3.2335689999999997,-3.348598
2.413399000000001,-6.604918
2.413399000000001,-7.575797
2.413399000000001,-6.429007
2.413399000000001,-6.612958
2.413399000000001,-7.580737
0.24805399999999977,-6.01994
0.24805399999999977,-6.265465
0.24805399999999977,-6.42625
0.24805399999999977,-6.850562
0.24805399999999977,-6.442133
1.7184109999999997,-6.019666
1.7184109999999997,-5.436496
1.7184109999999997,-5.076495
1.7184109999999997,-4.625501
1.7184109999999997,-4.18119
2.936771,-5.730336
2.936771,-4.754501
2.936771,-4.038344
2.936771,-3.397789
2.936771,-3.033688
3.0720759999999996,-5.820033
3.0720759999999996,-5.313632
3.0720759999999996,-4.64213
3.0720759999999996,-3.848082
3.0720759999999996,-3.265747
5.810427,-3.774764
5.810427,-1.630067
5.810427,-0.838003
2.059922,-5.496102
2.059922,-5.120183
5.749537999999999,-3.986746
5.749537999999999,-1.224379
5.749537999999999,-0.542412
5.730428,-3.910653
0.21328699999999934,-5.810978
0.21328699999999934,-6.018019
0.21328699999999934,-6.140196
0.21328699999999934,-5.914686
0.21328699999999934,-6.14047
0.7645530000000003,-5.070211
0.7645530000000003,-4.769782
0.7645530000000003,-4.668873
0.7645530000000003,-4.453128
0.7645530000000003,-4.194827
1.8686800000000003,-5.032372
1.8686800000000003,-4.65641
1.8686800000000003,-3.753021
1.8686800000000003,-3.436479
1.8686800000000003,-3.328726
0.11735600000000002,-5.682993
0.11735600000000002,-5.763852
0.11735600000000002,-5.530066
0.11735600000000002,-5.518558
0.11735600000000002,-5.312489
0.9646430000000006,-5.265928
0.9646430000000006,-5.983368
0.9646430000000006,-5.781608
0.9646430000000006,-5.676951
0.9646430000000006,-5.290619
0.6344260000000004,-5.77277
0.6344260000000004,-5.738096
0.6344260000000004,-5.711659
0.6344260000000004,-5.482318
1.8954640000000005,-6.001961
1.8954640000000005,-6.001402
1.8954640000000005,-5.109531
0.7387700000000006,-5.112421
0.7387700000000006,-4.913067
0.7387700000000006,-4.681797
0.7387700000000006,-4.605357
0.7387700000000006,-4.726495
2.6071950000000004,-5.600057
2.6071950000000004,-5.025261
2.6071950000000004,-4.193403
2.6071950000000004,-3.813047
2.6071950000000004,-3.473173
3.0397730000000003,-5.757184
3.0397730000000003,-5.636908
0.37831999999999955,-5.539178
0.37831999999999955,-5.699777
0.37831999999999955,-5.703156
0.37831999999999955,-5.911121
0.37831999999999955,-6.004618
1.0920370000000004,-5.211894
1.0920370000000004,-4.612745
1.0920370000000004,-4.482663
1.0920370000000004,-4.414917
1.0920370000000004,-4.064403
2.3103970000000005,-4.66109
2.3103970000000005,-3.98541
2.3103970000000005,-3.366257
2.3103970000000005,-2.871759
0.25090599999999963,-5.863304
0.25090599999999963,-5.698083
0.25090599999999963,-5.699777
0.25090599999999963,-5.470097
0.25090599999999963,-5.98819
0.24999099999999963,-5.604931
0.24999099999999963,-5.295553
0.24999099999999963,-5.630629
0.24999099999999963,-5.904231
0.24999099999999963,-5.813181
2.4457020000000003,-4.228459
2.4457020000000003,-3.84915
2.4457020000000003,-2.986888
5.1840530000000005,-5.869336
5.1840530000000005,-4.220817
1.4335480000000005,-5.400442
1.4335480000000005,-5.227804
1.4335480000000005,-5.264482
1.4335480000000005,-4.882619
1.4335480000000005,-4.952771
5.123164,-3.680785
5.123164,-1.5088
5.123164,-0.568955
5.1040540000000005,-3.662822
5.1040540000000005,-0.71104
1.9426019999999995,-4.652886
1.9426019999999995,-4.972463
1.9426019999999995,-5.109643
1.9426019999999995,-5.496378
1.9426019999999995,-6.136628
0.9647619999999999,-4.312479
0.9647619999999999,-4.287886
0.9647619999999999,-4.489999
0.9647619999999999,-4.291518
0.13936500000000018,-3.909227
0.13936500000000018,-3.775759
0.13936500000000018,-3.530416
0.13936500000000018,-3.464481
0.13936500000000018,-3.194053
2.430673,-4.647563
2.430673,-4.882481
2.430673,-5.635635
2.430673,-6.015544
2.430673,-5.814006
0.9905449999999996,-4.256695
0.9905449999999996,-4.438518
0.9905449999999996,-4.347355
0.9905449999999996,-4.479838
0.9905449999999996,-4.548158
0.8778800000000002,-3.569774
0.8778800000000002,-3.274962
0.8778800000000002,-3.266794
4.769088,-4.558641
4.769088,-6.27566
2.1076349999999997,-4.431251
2.1076349999999997,-4.734039
2.1076349999999997,-5.069329
2.1076349999999997,-5.819487
2.1076349999999997,-6.134362
0.6372779999999998,-4.356238
0.6372779999999998,-4.323929
0.6372779999999998,-4.22143
0.6372779999999998,-4.198321
0.6372779999999998,-4.324037
0.5810820000000003,-3.699403
0.5810820000000003,-3.809518
0.5810820000000003,-3.401033
0.5810820000000003,-2.855961
0.5810820000000003,-2.587595
0.7163870000000001,-3.83724
0.7163870000000001,-3.556109
0.7163870000000001,-3.124431
0.7163870000000001,-3.123546
0.7163870000000001,-2.815855
3.4547380000000003,-3.370068
3.4547380000000003,-2.705664
3.4547380000000003,0.0
0.29576699999999967,-4.210531
0.29576699999999967,-3.89514
0.29576699999999967,-4.38164
3.3938490000000003,-3.208842
3.3938490000000003,-0.98508
3.3938490000000003,-0.67952
3.3747390000000004,-3.235116
3.3747390000000004,-2.844988
1.879943,-5.205814
1.879943,-4.556132
1.879943,-4.572675
1.8541600000000003,-5.646885
1.8541600000000003,-5.24971
1.8541600000000003,-5.155902
1.8541600000000003,-4.525307
1.8541600000000003,-4.690738
3.722585,-4.866316
3.722585,-3.426037
0.7370700000000001,-6.277577
0.7370700000000001,-5.901462
0.7370700000000001,-5.900352
0.7370700000000001,-6.123547
0.7370700000000001,-6.438049
2.207427,-5.34356
2.207427,-4.878414
2.207427,-4.349185
3.425787,-5.640521
3.425787,-4.718612
3.425787,-3.678502
3.425787,-3.050198
3.425787,-2.730969
6.299443,-3.916142
6.299443,-0.501261
6.238554,-3.884366
6.238554,-1.0465
6.238554,-0.732349
6.219444,-4.167412
6.219444,-3.242278
6.219444,-0.643868
0.9778399999999996,-5.726667
0.9778399999999996,-5.581162
0.9778399999999996,-4.705456
0.9778399999999996,-4.589148
2.0819669999999997,-5.527661
2.0819669999999997,-5.11041
2.0819669999999997,-4.171582
2.0819669999999997,-3.78978
2.0819669999999997,-3.259409
1.17793,-5.645297
1.17793,-5.679257
0.4880710000000006,-6.276756
0.4880710000000006,-6.141565
0.4880710000000006,-6.280855
0.4880710000000006,-6.02131
0.4880710000000006,-6.275934
2.108751,-6.12668
2.108751,-5.610067
2.108751,-5.280409
2.108751,-4.919842
0.1773819999999997,-5.903124
0.1773819999999997,-5.989886
0.1773819999999997,-5.773535
0.1773819999999997,-5.839985
0.9520569999999999,-5.816476
0.9520569999999999,-5.729789
0.9520569999999999,-5.37759
0.9520569999999999,-4.724655
0.9520569999999999,-4.523162
2.8204819999999997,-5.158943
2.8204819999999997,-4.552305
2.8204819999999997,-3.487682
2.826486000000001,-6.417935
2.826486000000001,-7.141547
2.826486000000001,-6.28249
2.826486000000001,-7.153635
2.826486000000001,-7.582378
0.1650330000000002,-6.139099
0.1650330000000002,-6.845617
0.1650330000000002,-6.845617
0.1650330000000002,-6.621754
0.1650330000000002,-6.28548
1.3053239999999997,-5.817846
1.3053239999999997,-5.36524
1.3053239999999997,-4.853373
1.3053239999999997,-4.517036
1.3053239999999997,-4.33572
2.523684,-5.649957
2.523684,-5.17965
2.523684,-4.15412
2.523684,-3.360768
2.523684,-2.800297
0.03761900000000029,-5.715729
0.03761900000000029,-6.389707
0.03761900000000029,-5.540312
0.03670400000000029,-6.143205
0.03670400000000029,-5.913316
0.03670400000000029,-5.64034
0.03670400000000029,-5.645846
2.6589889999999996,-5.816202
2.6589889999999996,-5.729241
2.6589889999999996,-4.858826
2.6589889999999996,-3.741216
2.6589889999999996,-3.235178
5.4819119999999995,-5.430715
5.4819119999999995,-4.363534
5.4819119999999995,-2.360545
5.39734,-3.946229
5.39734,-1.089964
1.6468349999999998,-5.643922
1.6468349999999998,-5.062088
1.6468349999999998,-4.881352
5.336450999999999,-3.903468
5.336450999999999,-1.155587
5.336450999999999,-0.612287
5.317341,-4.029634
1.104127,-4.287044
1.104127,-4.148319
1.104127,-3.862523
1.104127,-3.261645
0.7074790000000002,-4.480968
0.7074790000000002,-4.553984
0.7074790000000002,-4.690312
0.7074790000000002,-5.329129
0.6471970000000002,-4.445554
0.6471970000000002,-4.394394
0.6471970000000002,-4.499743
0.6471970000000002,-4.907785
0.6471970000000002,-4.937311
1.2812700000000001,-4.23871
1.2812700000000001,-4.574934
1.2812700000000001,-4.520704
1.2812700000000001,-4.87077
0.20009000000000032,-4.360309
0.20009000000000032,-4.554309
0.20009000000000032,-4.910068
0.20009000000000032,-5.27835
0.20009000000000032,-5.456118
2.416523,-4.406677
2.416523,-4.29172
2.416523,-4.00232
0.18728999999999996,-4.303362
0.18728999999999996,-4.189545
0.18728999999999996,-4.45384
1.4659110000000002,-4.57745
1.4659110000000002,-4.841918
1.4659110000000002,-4.987014
1.4659110000000002,-5.726224
1.4659110000000002,-5.908749
0.8787669999999999,-4.585031
0.8787669999999999,-4.564656
0.8787669999999999,-5.030002
0.8787669999999999,-5.355839
0.8787669999999999,-5.583828
0.13012699999999988,-4.443549
0.13012699999999988,-4.425197
0.13012699999999988,-4.496521
0.13012699999999988,-4.592017
0.13012699999999988,-4.865272
1.1309110000000002,-4.261899
1.1309110000000002,-4.494188
1.1309110000000002,-4.877865
1.1309110000000002,-4.776383
1.1309110000000002,-5.100517
0.8004579999999999,-4.189654
0.8004579999999999,-4.295117
0.8004579999999999,-4.459648
0.8004579999999999,-4.44691
0.8004579999999999,-4.745989
0.025782999999999667,-4.456642
0.025782999999999667,-4.418013
0.025782999999999667,-4.391561
0.025782999999999667,-4.543582
1.8426420000000001,-4.327033
1.8426420000000001,-4.320228
1.8426420000000001,-3.99694
1.8426420000000001,-3.368482
1.8426420000000001,-3.356046
3.8043260000000005,-4.899876
3.8043260000000005,-5.00408
3.8043260000000005,-5.912494
3.8043260000000005,-6.625306
1.1428729999999998,-4.618498
1.1428729999999998,-4.647048
1.1428729999999998,-4.854087
1.1428729999999998,-5.437648
1.1428729999999998,-5.913811
0.3274840000000001,-4.220139
0.3274840000000001,-4.158902
0.3274840000000001,-4.188629
1.5458440000000002,-4.14131
1.5458440000000002,-3.770774
1.5458440000000002,-3.579984
1.5458440000000002,-2.984739
1.5458440000000002,-2.652627
1.015459,-4.288867
1.015459,-4.323022
1.015459,-4.670684
1.015459,-4.991524
1.015459,-5.711556
1.014544,-4.47701
1.014544,-4.487878
1.014544,-4.683969
1.014544,-5.035907
1.014544,-5.326458
1.681149,-4.111874
1.681149,-3.990175
1.681149,-3.526898
1.681149,-3.027969
1.681149,-3.203793
4.504072,-4.380268
4.504072,-4.498909
4.504072,-3.983865
4.504072,-3.042058
4.504072,-2.738473
4.4195,-4.634846
4.4195,-3.317542
0.6689950000000002,-4.546886
0.6689950000000002,-4.176848
4.358611,-0.802277
4.339501,-3.438156
4.339501,-0.235337
1.8116060000000003,-3.296983
1.8116060000000003,-3.49841
1.8116060000000003,-3.821132
1.8116060000000003,-4.453917
1.8116060000000003,-4.854245
1.7513240000000003,-3.223936
1.7513240000000003,-3.504354
1.7513240000000003,-3.795755
1.7513240000000003,-4.230189
1.7513240000000003,-5.054221
2.385397,-3.190749
2.385397,-3.320894
2.385397,-3.4852
2.385397,-4.100709
2.385397,-5.008008
0.9040369999999998,-3.329889
0.9040369999999998,-3.538505
0.9040369999999998,-3.859207
0.9040369999999998,-4.67649
0.9040369999999998,-4.758536
1.3123960000000001,-3.326758
1.3123960000000001,-3.497312
1.3123960000000001,-3.874682
1.291417,-3.093569
1.291417,-3.226688
1.291417,-3.488054
1.291417,-3.962375
2.5700380000000003,-3.290273
2.5700380000000003,-3.758899
2.5700380000000003,-4.296017
2.5700380000000003,-5.083837
2.5700380000000003,-5.817846
1.982894,-3.24397
1.982894,-3.711303
1.982894,-4.074699
1.982894,-4.820934
1.982894,-5.249147
1.234254,-3.241366
1.234254,-3.296647
1.234254,-3.619432
1.234254,-4.290411
1.234254,-4.747334
0.02678400000000014,-3.343472
0.02678400000000014,-3.642265
0.02678400000000014,-4.052692
0.02678400000000014,-4.606452
0.02678400000000014,-4.598569
1.904585,-3.16964
1.904585,-3.440401
1.904585,-3.877324
1.1299099999999997,-3.290671
1.1299099999999997,-3.355411
1.1299099999999997,-3.703779
1.1299099999999997,-4.134644
1.1299099999999997,-4.135125
0.738515,-3.18944
0.738515,-3.240556
0.738515,-3.145779
0.738515,-3.248018
0.738515,-3.282485
4.908453000000001,-3.441505
4.908453000000001,-3.791483
4.908453000000001,-4.809527
2.247,-3.349429
2.247,-3.721374
2.247,-4.219689
2.247,-5.110388
2.247,-5.338589
0.776643,-3.203639
0.776643,-3.375047
0.776643,-3.6052
0.776643,-3.694649
0.776643,-4.039523
0.44171700000000014,-3.182553
0.44171700000000014,-2.960218
0.44171700000000014,-2.809988
0.44171700000000014,-2.516883
0.44171700000000014,-2.472747
2.119586,-3.24242
2.119586,-3.371031
2.119586,-3.840378
2.119586,-4.566446
2.119586,-5.291658
2.118671,-3.190964
2.118671,-3.500459
2.118671,-3.891466
2.118671,-4.558855
0.5770219999999999,-3.045951
0.5770219999999999,-2.894523
0.5770219999999999,-2.856641
0.5770219999999999,-2.766228
0.5770219999999999,-2.625475
3.399945,-3.280388
3.399945,-3.501534
3.399945,-3.540294
3.399945,-3.092895
3.399945,-2.413907
3.315373,-3.410891
0.43513199999999985,-3.219162
0.43513199999999985,-3.362293
0.43513199999999985,-3.635117
0.43513199999999985,-3.993262
0.43513199999999985,-4.35463
3.254484,-2.830684
3.235374,-2.67535
3.235374,-0.234045
0.06028199999999995,-5.524041
0.06028199999999995,-5.220081
0.06028199999999995,-5.842047
0.06028199999999995,-5.977379
0.6816960000000005,-5.980235
0.6816960000000005,-5.232345
0.6816960000000005,-4.863616
0.6816960000000005,-4.496936
0.6816960000000005,-4.468591
2.5501210000000003,-5.375955
2.5501210000000003,-4.627586
2.5501210000000003,-3.918073
2.5501210000000003,-3.703546
2.5501210000000003,-3.528395
3.0968470000000003,-5.998436
3.0968470000000003,-6.860923
0.4353939999999996,-5.883836
0.4353939999999996,-5.6426
0.4353939999999996,-6.145266
1.0349630000000003,-4.90524
1.0349630000000003,-4.789616
1.0349630000000003,-4.302038
1.0349630000000003,-4.348725
1.0349630000000003,-4.144626
2.2533230000000004,-4.330079
2.2533230000000004,-3.967902
2.2533230000000004,-3.3042
2.2533230000000004,-3.09582
2.2533230000000004,-2.735198
0.3079799999999997,-6.094222
0.3079799999999997,-5.878175
0.3079799999999997,-5.277141
0.3079799999999997,-6.236525
0.3079799999999997,-5.885528
0.3070649999999997,-5.322957
0.3070649999999997,-5.850838
0.3070649999999997,-5.412324
5.126979,-4.910896
5.126979,-2.886281
5.126979,-0.557327
1.3764740000000004,-5.699777
1.3764740000000004,-5.524617
1.3764740000000004,-5.322957
1.3764740000000004,-4.670396
5.06609,-3.991532
5.06609,-1.120721
5.0469800000000005,-3.662639
5.0469800000000005,-0.848584
1.7781080000000005,-5.616874
1.7781080000000005,-5.467544
1.7781080000000005,-5.785292
1.7781080000000005,-4.84339
1.7781080000000005,-4.945214
0.6214140000000006,-5.472361
0.6214140000000006,-4.778082
0.6214140000000006,-4.783768
0.6214140000000006,-4.769292
0.6214140000000006,-4.772124
2.4898390000000004,-4.808863
2.4898390000000004,-4.026678
2.4898390000000004,-4.412684
2.4898390000000004,-3.769067
2.4898390000000004,-3.629939
3.1571290000000003,-5.67435
3.1571290000000003,-5.851712
3.1571290000000003,-6.004191
3.1571290000000003,-7.148982
0.49567599999999956,-5.616308
0.49567599999999956,-6.254325
0.49567599999999956,-5.419051
0.49567599999999956,-5.803795
0.49567599999999956,-6.438322
0.9746810000000004,-4.626039
0.9746810000000004,-4.278142
0.9746810000000004,-4.114349
2.1930410000000005,-4.891131
2.1930410000000005,-4.071595
2.1930410000000005,-3.404113
2.1930410000000005,-2.823256
2.1930410000000005,-2.570028
0.36826199999999965,-5.782743
0.36826199999999965,-5.775344
0.36826199999999965,-5.545395
0.36826199999999965,-5.785009
0.36826199999999965,-6.256004
0.36734699999999965,-5.687001
0.36734699999999965,-5.612909
0.36734699999999965,-5.557714
0.36734699999999965,-5.711834
0.36734699999999965,-5.371791
5.151269,-4.871133
5.151269,-4.066021
5.0666970000000005,-5.452088
5.0666970000000005,-3.635201
1.3161920000000005,-5.017701
1.3161920000000005,-5.381481
1.3161920000000005,-4.718249
1.3161920000000005,-4.71448
5.005808,-3.907451
5.005808,-1.555532
4.9866980000000005,-3.738746
1.2554870000000005,-4.677671
1.2554870000000005,-4.560364
1.2554870000000005,-4.606311
3.1239120000000002,-4.422214
0.13839700000000033,-5.356519
0.13839700000000033,-5.592059
0.13839700000000033,-6.433401
1.6087540000000002,-4.898029
1.6087540000000002,-4.369911
2.8271140000000003,-4.43103
2.8271140000000003,-3.194968
2.8271140000000003,-2.928761
2.8271140000000003,-2.726268
5.70077,-2.884084
1.9502650000000004,-5.552973
1.9502650000000004,-5.5174
1.9502650000000004,-4.910779
1.9502650000000004,-5.11961
5.639881,-1.493303
5.620771,-3.255665
5.620771,-0.636237
5.620771,-0.186422
0.225873,-5.615743
0.225873,-5.066755
0.225873,-4.980907
0.225873,-4.786788
0.225873,-4.613343
1.6425519999999998,-4.957368
1.6425519999999998,-4.741591
1.6425519999999998,-4.15615
1.6425519999999998,-3.881705
1.6425519999999998,-3.890439
4.004416000000001,-5.392643
4.004416000000001,-7.157723
1.3429630000000001,-5.614327
1.3429630000000001,-5.777611
0.12739399999999979,-4.897043
0.12739399999999979,-4.702417
0.12739399999999979,-4.406877
0.12739399999999979,-4.361538
0.12739399999999979,-4.164193
1.345754,-5.07648
1.345754,-4.542795
1.345754,-3.842816
1.345754,-3.340518
1.345754,-2.672556
1.2146340000000002,-5.755438
1.2146340000000002,-5.513045
1.2146340000000002,-5.309854
1.2146340000000002,-5.605503
1.2146340000000002,-5.887498
1.4810589999999997,-5.395306
1.4810589999999997,-5.526054
1.4810589999999997,-5.100702
1.4810589999999997,-3.879248
1.4810589999999997,-2.807421
4.21941,-3.570057
4.21941,-2.609741
4.21941,-0.553131
4.21941,-0.474275
0.4689049999999999,-5.09642
0.4689049999999999,-5.114727
0.4689049999999999,-4.856475
0.4689049999999999,-4.937888
0.4689049999999999,-4.802458
4.1585209999999995,-3.778263
4.1585209999999995,-2.673103
4.139411,-3.281704
2.442306,-4.774449
2.442306,-4.256784
2.442306,-4.641113
2.442306,-4.448853
2.442306,-4.658646
3.559396,-4.301732
3.559396,-5.465892
2.089039,-3.914747
2.089039,-4.037993
0.870679,-4.343374
0.870679,-3.931484
0.870679,-3.359289
0.870679,-2.995566
0.870679,-2.677699
2.002977,-2.727915
2.002977,-0.098503
1.9420879999999998,-2.864605
1.9420879999999998,-0.333625
1.9229779999999999,-3.035909
1.9229779999999999,-1.043221
0.1615070000000003,-4.903844
0.1615070000000003,-4.461682
0.1615070000000003,-4.590836
2.029932,-5.238175
2.029932,-4.177024
2.029932,-4.026739
0.9555829999999998,-4.749538
0.9555829999999998,-5.819487
0.5147740000000001,-4.261968
0.5147740000000001,-3.839407
0.5147740000000001,-4.029228
1.7331340000000002,-3.726791
1.7331340000000002,-3.22403
1.7331340000000002,-2.537228
4.60679,-4.992269
4.60679,-2.536013
4.60679,-0.335164
0.8562850000000002,-4.937129
0.8562850000000002,-4.975472
4.545901,-3.479462
4.545901,-0.790388
4.545901,-0.306428
4.526791,-3.332306
4.526791,-0.283835
1.4401280000000005,-5.73143
1.4401280000000005,-5.813731
1.4401280000000005,-5.212189
1.4401280000000005,-4.673475
1.4401280000000005,-4.637914
3.3085530000000003,-4.68483
3.3085530000000003,-3.817899
2.3384150000000004,-7.556632
2.3384150000000004,-7.56501
2.3384150000000004,-6.420159
2.3384150000000004,-6.614888
0.3230380000000004,-6.432304
0.3230380000000004,-6.61819
0.3230380000000004,-6.425698
0.3230380000000004,-6.619562
0.3230380000000004,-6.283578
1.7933950000000003,-5.914959
1.7933950000000003,-5.26025
1.7933950000000003,-4.853142
1.7933950000000003,-4.516978
1.7933950000000003,-4.216912
3.0117550000000004,-5.543304
3.0117550000000004,-5.208131
3.0117550000000004,-4.056968
3.0117550000000004,-3.257472
3.0117550000000004,-2.941647
3.14706,-6.141018
3.14706,-5.569058
3.14706,-4.796477
3.14706,-4.111994
3.14706,-3.218791
5.885411,-3.720763
5.885411,-1.880013
5.885411,-1.030128
2.1349060000000004,-5.807112
2.1349060000000004,-5.520202
2.1349060000000004,-5.053992
5.824522,-3.779598
5.824522,-1.220569
5.8054120000000005,-3.805851
5.8054120000000005,-1.470966
5.8054120000000005,-0.708058
0.8529840000000002,-5.474619
0.8529840000000002,-5.25234
0.8529840000000002,-4.827876
0.26410599999999995,-5.972791
0.26410599999999995,-5.761248
0.26410599999999995,-5.662708
0.26410599999999995,-6.109877
0.26410599999999995,-6.618739
1.206251,-5.054301
1.206251,-4.833139
1.206251,-4.677156
1.206251,-4.396999
1.206251,-4.133254
2.424611,-5.515601
2.424611,-4.583799
2.424611,-4.134568
2.424611,-3.621923
2.424611,-3.006205
0.13669200000000004,-5.942449
0.13669200000000004,-6.091924
0.13669200000000004,-5.695253
0.13669200000000004,-5.993552
0.13669200000000004,-5.993271
5.298267,-3.550265
5.298267,-2.698801
5.298267,-0.388917
5.298267,-0.190676
1.547762,-5.735722
1.547762,-5.421036
1.547762,-5.055451
1.547762,-4.852414
1.547762,-4.956458
5.237378,-2.836056
5.218268,-3.260468
5.218268,-0.906135
0.10434400000000021,-5.101366
0.10434400000000021,-4.947374
0.10434400000000021,-4.683926
0.10434400000000021,-4.687375
0.10434400000000021,-4.645348
1.972769,-5.201581
1.972769,-4.214225
1.972769,-3.774975
1.972769,-3.382374
3.6741990000000007,-5.303888
0.457611,-4.516223
0.457611,-4.365125
0.457611,-4.303583
0.457611,-4.161225
0.457611,-4.149346
4.549627,-3.919441
4.549627,-2.352785
4.549627,-0.384517
0.7991220000000001,-5.442815
0.7991220000000001,-5.108951
0.7991220000000001,-4.669255
0.7991220000000001,-4.613027
4.488738,-3.393097
4.488738,-2.713408
4.488738,-1.3278
4.488738,-0.64316
4.469628,-3.669833
1.1566939999999999,-4.985549
1.1566939999999999,-4.815176
1.1566939999999999,-5.171045
1.1566939999999999,-4.736625
1.1566939999999999,-4.496607
0.7117309999999999,-4.621019
0.7117309999999999,-4.599395
0.7117309999999999,-4.145329
0.7117309999999999,-3.800215
0.7117309999999999,-3.780001
4.935237000000001,-4.622674
4.935237000000001,-7.152542
2.273784,-4.972574
2.273784,-5.328151
2.273784,-5.513336
2.273784,-6.003634
2.273784,-6.436138
0.8034270000000001,-4.891802
0.8034270000000001,-4.584174
0.8034270000000001,-4.540458
0.8034270000000001,-4.465337
0.8034270000000001,-4.242346
0.414933,-4.799749
0.414933,-4.767495
0.414933,-4.044532
0.414933,-3.214602
0.414933,-2.941485
2.14637,-4.859649
2.14637,-5.438438
2.14637,-6.11157
2.145455,-5.374787
2.145455,-5.523177
2.145455,-5.978522
2.145455,-5.627837
2.145455,-5.56354
0.5502379999999998,-5.526341
0.5502379999999998,-5.889465
0.5502379999999998,-5.187181
0.5502379999999998,-4.497609
0.5502379999999998,-3.581587
3.288589,-2.978373
3.288589,-0.142689
0.461916,-4.323718
0.461916,-5.005466
0.461916,-4.144152
0.461916,-4.875404
0.461916,-4.80075
3.2277,-3.133491
3.2277,-2.556724
3.20859,-3.305782
3.0038680000000006,-7.163148
0.3424149999999999,-5.497209
0.3424149999999999,-5.078198
0.3424149999999999,-6.145388
1.127942,-4.421474
2.346302,-4.489404
2.346302,-3.651856
2.346302,-2.123699
0.215001,-5.955399
2.481607,-5.090537
2.481607,-4.492676
2.481607,-3.79339
2.481607,-3.433273
2.481607,-2.957046
5.219958,-4.716993
5.219958,-3.23172
1.4694530000000001,-5.565846
1.4694530000000001,-5.279995
1.4694530000000001,-4.91646
5.139959,-3.422149
5.139959,-2.800013
5.139959,-0.158473
1.8684249999999998,-4.505568
1.8684249999999998,-4.131699
1.8684249999999998,-4.113842
1.8684249999999998,-3.655868
1.8684249999999998,-3.527267
3.778543000000001,-4.607395
3.778543000000001,-4.95248
3.778543000000001,-5.538941
3.778543000000001,-6.855756
1.1170900000000001,-4.525139
1.1170900000000001,-5.136514
1.1170900000000001,-5.373779
1.1170900000000001,-5.628636
0.3532669999999998,-4.551382
0.3532669999999998,-4.367573
0.3532669999999998,-4.348001
0.3532669999999998,-4.291687
0.3532669999999998,-4.312725
1.5716269999999999,-4.345895
1.5716269999999999,-3.957608
1.5716269999999999,-3.499056
1.5716269999999999,-2.656844
0.9887610000000002,-4.401021
0.9887610000000002,-4.649692
0.9887610000000002,-4.844622
0.9887610000000002,-5.307061
0.9887610000000002,-5.435947
1.7069319999999997,-4.704349
1.7069319999999997,-4.304112
1.7069319999999997,-3.839839
1.7069319999999997,-3.151135
1.7069319999999997,-2.926225
4.5298549999999995,-4.350273
4.5298549999999995,-4.744485
4.5298549999999995,-4.226235
4.5298549999999995,-2.941214
4.5298549999999995,-2.735454
4.445283,-4.6257
4.445283,-3.050986
0.6947779999999999,-4.503356
0.6947779999999999,-4.461521
0.6947779999999999,-4.600711
0.6947779999999999,-4.602238
0.6947779999999999,-4.565294
4.3843939999999995,-3.570072
4.3843939999999995,-0.856936
4.365284,-3.569065
4.365284,-0.223768
5.646968000000001,-3.45211
5.646968000000001,-6.27949
2.985515,-3.619044
2.985515,-5.01392
1.515158,-3.258954
1.515158,-3.539997
1.515158,-3.61628
1.515158,-3.746283
0.2967979999999999,-3.395327
0.2967979999999999,-2.943898
0.2967979999999999,-2.98309
0.2967979999999999,-2.695677
0.2967979999999999,-2.501313
2.857186,-3.562566
2.857186,-3.643451
2.857186,-3.838131
2.857186,-4.881917
2.857186,-5.096578
0.1614930000000001,-3.465233
0.1614930000000001,-3.514777
0.1614930000000001,-3.747529
0.1614930000000001,-3.127208
0.1614930000000001,-3.134117
2.66143,-3.451887
2.66143,-3.467156
2.66143,-3.448844
2.66143,-2.7504
2.66143,-2.148823
2.576858,-3.010936
2.576858,-2.215204
1.1736469999999999,-3.420335
1.1736469999999999,-3.641113
1.1736469999999999,-3.800912
1.1736469999999999,-4.231097
1.1736469999999999,-4.378822
2.515969,-2.712501
2.496859,-2.80373
2.6614530000000007,-7.588101
2.6614530000000007,-7.587014
2.6614530000000007,-6.441317
2.6614530000000007,-5.919327
2.6614530000000007,-6.02813
4.131810000000001,-6.624214
4.131810000000001,-5.669335
4.131810000000001,-5.078484
5.35017,-5.813531
5.35017,-4.75655
5.35017,-3.10651
2.7888670000000007,-7.155545
2.7888670000000007,-6.092787
2.7897820000000007,-7.149531
2.7897820000000007,-6.263247
2.7897820000000007,-5.941857
2.7897820000000007,-5.889465
5.485475000000001,-5.348374
5.485475000000001,-4.727809
8.308398,-6.622028
8.308398,-5.205025
8.223826,-5.317876
8.223826,-3.781086
8.223826,-1.131965
4.473321,-6.620111
8.162937000000001,-4.731809
8.162937000000001,-1.112783
8.162937000000001,-0.754442
8.143827,-4.474043
8.143827,-1.290049
1.470357,-6.284937
1.470357,-5.562325
1.470357,-4.857483
1.470357,-4.504239
2.688717,-5.653153
2.688717,-3.889049
2.688717,-3.220104
2.688717,-2.724347
0.12741399999999992,-6.138823
0.12741399999999992,-5.983368
0.12741399999999992,-5.608358
0.12741399999999992,-6.254885
0.12741399999999992,-5.706244
0.12832899999999992,-6.141018
0.12832899999999992,-6.131666
0.12832899999999992,-5.557992
0.12832899999999992,-5.902293
0.12832899999999992,-6.018568
2.824022,-5.556589
2.824022,-4.32395
2.824022,-2.934097
2.824022,-2.72536
5.646945,-5.738239
5.646945,-4.858266
5.646945,-2.625888
5.562373,-4.503042
5.562373,-3.513288
5.562373,-0.450771
1.811868,-5.733614
1.811868,-4.653311
1.811868,-4.587174
5.501484,-3.956318
5.501484,-1.217088
5.501484,-0.797968
5.482374,-4.171151
1.21836,-4.119316
1.21836,-3.251239
1.21836,-2.775059
1.342943,-4.198578
1.342943,-4.256527
1.342943,-4.461216
1.342943,-4.943894
1.342943,-5.705964
1.342028,-4.042548
1.342028,-4.38959
1.342028,-4.569605
1.342028,-5.195134
1.342028,-5.718501
1.353665,-3.687592
1.353665,-3.71583
1.353665,-3.024444
1.353665,-3.162313
1.353665,-2.843331
4.176588,-4.017249
4.176588,-4.313568
4.176588,-2.512268
4.176588,-2.454541
4.092016,-3.970645
4.092016,-2.93057
0.3415110000000001,-4.003081
0.3415110000000001,-4.186305
0.3415110000000001,-4.155543
0.3415110000000001,-4.125518
0.3415110000000001,-4.51274
4.031127,-0.843547
4.012017,-3.257986
4.012017,-0.134085
2.561303,-2.723955
2.561303,-3.031952
2.561303,-4.346655
2.561303,-4.851967
2.560388,-2.911813
2.560388,-3.173086
2.560388,-3.759618
2.560388,-4.260423
2.560388,-4.936758
0.1353049999999998,-2.431325
0.1353049999999998,-2.302148
0.1353049999999998,-2.403682
0.1353049999999998,-2.541588
2.958228,-2.979089
2.958228,-3.382144
2.958228,-3.803008
2.958228,-3.151313
2.958228,-2.852349
2.873656,-3.544425
2.873656,-3.462515
0.876849,-2.76323
0.876849,-3.071021
0.876849,-3.621936
0.876849,-4.087979
0.876849,-4.390792
2.812767,-2.078882
2.793657,-2.159563
2.793657,-1.71114
2.793657,-0.138916
0.0009149999999999991,-5.623635
0.0009149999999999991,-5.472361
0.0009149999999999991,-5.546803
0.0009149999999999991,-5.633413
0.0009149999999999991,-6.014993
2.696608,-4.891188
2.696608,-4.014826
2.696608,-3.44942
5.434959,-4.087795
5.434959,-2.892316
5.434959,-0.137543
1.6844540000000001,-5.352599
1.6844540000000001,-5.276855
1.6844540000000001,-4.619682
1.6844540000000001,-4.501094
5.35496,-3.578181
2.695693,-5.25585
2.695693,-4.793398
2.695693,-3.884279
2.695693,-3.462243
2.695693,-2.948353
5.518616,-5.724574
5.518616,-5.610067
5.518616,-4.046415
5.518616,-3.260218
5.518616,-2.028588
5.434044,-4.99041
5.434044,-3.141879
5.434044,-0.092992
1.6835390000000001,-5.710719
1.6835390000000001,-5.291334
1.6835390000000001,-5.46413
1.6835390000000001,-4.870563
1.6835390000000001,-4.762122
5.373155,-3.547751
5.373155,-3.112528
5.373155,-1.082496
5.373155,-0.492003
5.354045,-3.782844
2.8229230000000003,-2.954063
2.8229230000000003,-3.870981
2.8229230000000003,-4.942778
2.8229230000000003,-3.279372
2.8229230000000003,-2.725895
2.738351,-4.220374
2.738351,-3.597061
1.0121539999999998,-2.996828
1.0121539999999998,-3.708734
1.0121539999999998,-4.606146
1.0121539999999998,-5.193071
1.0121539999999998,-4.95924
2.6774620000000002,-2.253375
2.6774620000000002,0.0
2.6583520000000003,-2.21885
0.08457200000000001,-1.554497
0.08457200000000001,-1.30446
0.08457200000000001,-0.24816
0.08457200000000001,-0.081923
0.145461,-2.111578
0.145461,-2.173103
0.164571,-1.826387
3.750505,-0.109544
3.750505,-1.749597
3.750505,-3.095903
0.07999899999999999,-0.120007
0.07999899999999999,-0.185005
3.689616,-3.38606
3.689616,-0.8907
3.670506,-3.388447
3.670506,-1.315828
0.019109999999999988,-0.115142
2.5230560000000004,-7.159897
2.3556889999999995,-6.137178
2.3556889999999995,-5.368756
2.3556889999999995,-4.464029
0.7437299999999993,-6.273464
0.7437299999999993,-6.431206
0.7437299999999993,-5.549051
0.0749840000000006,-6.018843
0.0749840000000006,-6.277303
0.0749840000000006,-6.277577
2.521838,-6.261858
2.521838,-4.989513
0.3763829999999997,-6.018568
0.3763829999999997,-5.725949
0.3763829999999997,-5.908646
5.894998999999999,-4.137483
1.7293150000000002,-5.086171
1.7293150000000002,-4.997791
1.7293150000000002,-4.595785
1.1153899999999997,-5.482765
0.05707400000000007,-5.338743
0.05707400000000007,-5.836736
0.05707400000000007,-5.735722
0.5167169999999999,-5.858973
0.5167169999999999,-5.670645
3.1810760000000005,-5.688251
0.7013579999999999,-6.006138
0.7013579999999999,-6.278124
0.7013579999999999,-6.142112
0.1142139999999996,-6.249835
0.03590499999999963,-5.256925
0.03590499999999963,-5.711659
5.268625,-5.992144
5.268625,-4.384524
5.268625,-3.233277
2.844705,-4.89426
1.6119590000000001,-4.31609
1.6119590000000001,-5.273991
1.6119590000000001,-4.98268
0.7646719999999996,-4.262261
0.7646719999999996,-4.320417
0.7646719999999996,-5.161826
1.8435289999999998,-4.98898
0.16614900000000032,-4.55753
0.16614900000000032,-4.552236
0.16614900000000032,-4.683174
1.9802209999999998,-4.888108
1.9793059999999998,-4.334235
1.9793059999999998,-5.055207
1.9793059999999998,-5.159769
3.5393100000000004,-3.896567
3.5393100000000004,-3.526031
3.5393100000000004,-2.970128
0.9021030000000003,-6.277029
0.9021030000000003,-5.914138
0.9021030000000003,-6.017195
2.98407,-4.903586
2.98407,-3.982815
2.98407,-3.401577
1.2327459999999997,-6.119992
0.41403199999999973,-6.269059
1.001176,-6.201717
1.9243830000000006,-6.814285
1.9243830000000006,-6.838985
0.864484,-6.240508
0.865399,-6.843411
0.865399,-6.011405
0.865399,-6.271539
3.561092,-4.588157
6.384015,-5.631186
6.384015,-2.521186
0.2703609999999994,-6.122505
0.2703609999999994,-5.679545
0.33064299999999935,-6.021857
0.33064299999999935,-5.910572
0.33064299999999935,-5.472361
0.30343000000000053,-6.00586
0.30343000000000053,-5.92933
0.09907299999999974,-6.00586
0.09907299999999974,-5.749006
0.8477129999999997,-5.299839
0.5737909999999999,-6.044224
0.9075690000000005,-5.755146
3.1240020000000004,-5.456791
0.5201890000000002,-5.451545
0.17128799999999966,-6.585527
0.5773520000000003,-5.680983
1.8383900000000004,-6.23681
1.8383900000000004,-5.167293
1.8383900000000004,-5.219235
0.0929789999999997,-5.847623
0.0929789999999997,-5.940077
0.0929789999999997,-5.642898
2.388628,-5.485912
2.388628,-4.167563
2.388628,-3.110795
0.6340729999999999,-5.665339
0.6340729999999999,-5.555381
0.8472870000000006,-5.983368
0.8187139999999999,-5.496654
0.8187139999999999,-6.278397
0.8187139999999999,-6.141018
0.2315699999999996,-5.869336
0.15326099999999965,-5.67435
0.15326099999999965,-5.319566
2.3283460000000002,-4.254124
2.3283460000000002,-2.795694
0.4025030000000003,-6.059191
2.4121810000000004,-5.487704
2.4121810000000004,-4.809346
0.26672600000000024,-5.742238
0.26672600000000024,-5.755729
2.962419,-5.087879
2.962419,-3.66404
2.962419,-3.38745
5.785342,-4.010779
2.216433,-5.007537
1.6660010000000005,-5.497504
1.6660010000000005,-6.010852
1.0788570000000002,-5.720449
0.9308209999999999,-4.720272
0.9308209999999999,-4.979335
4.3039819999999995,-4.380426
4.3039819999999995,-3.012925
3.29529,-4.891007
0.5738810000000001,-3.787348
0.5738810000000001,-3.740525
0.5738810000000001,-3.666995
3.431067,-4.330805
3.431067,-5.888903
0.7353740000000002,-4.808436
0.7353740000000002,-4.506759
0.7353740000000002,-3.783953
2.087549,-4.307513
2.087549,-2.640054
1.747528,-4.426506
1.747528,-4.492894
0.6914769999999999,-5.723161
0.057163000000000075,-5.642301
1.3182010000000002,-4.903495
1.3182010000000002,-4.843067
0.8281689999999999,-5.538405
0.8281689999999999,-5.993834
1.868439,-4.75411
1.868439,-3.92191
1.868439,-3.369272
2.5968220000000004,-6.4171
2.5968220000000004,-5.080784
2.5968220000000004,-4.944618
0.4504520000000003,-6.584959
0.4513670000000003,-6.272914
0.4513670000000003,-6.276482
0.4513670000000003,-5.90506
5.969983,-4.473677
0.74864,-5.444851
2.009678,-5.167426
0.07830899999999996,-5.864743
2.721409,-4.111494
2.9255590000000007,-6.116635
2.9255590000000007,-7.155
0.13577700000000004,-5.989604
2.559916,-6.231953
2.559916,-5.350068
2.559916,-3.309571
1.675971,-4.108226
1.675971,-3.356674
1.675971,-2.710418
0.885332,-5.637809
1.8112759999999999,-5.303385
1.8112759999999999,-4.215064
1.8112759999999999,-3.408974
1.9313690000000001,-5.225213
1.9313690000000001,-5.460418
1.9313690000000001,-6.088756
3.373161,-3.736208
3.373161,-3.357814
3.373161,-2.792402
0.7746750000000002,-4.536517
0.7746750000000002,-4.481503
0.7746750000000002,-4.54439
2.6431,-4.557632
2.6431,-3.925959
0.214086,-5.487107
0.214086,-5.388993
5.30453,-3.796302
5.159069,-1.097851
0.9896760000000002,-4.357398
0.9896760000000002,-4.871569
0.9896760000000002,-5.190073
2.858101,-3.72106
2.858101,-4.774637
5.519531,-5.184364
5.519531,-3.644907
5.519531,-2.274681
5.37407,-3.25993
5.37407,-0.938395
3.835077,-2.676551
3.835077,-3.338658
3.835077,-4.279761
