average_dG,dGij,slope,r_squared
-5.629356,-6.138002,0.8410924415024891,0.5639181114394239
-5.629356,-6.274837,0.8410924415024891,0.5639181114394239
-5.629356,-6.432853,0.8410924415024891,0.5639181114394239
-5.629356,-6.425974,0.8410924415024891,0.5639181114394239
-5.629356,-5.286814,0.8410924415024891,0.5639181114394239
-6.187051,-6.278944,0.8410924415024891,0.5639181114394239
-6.187051,-6.278397,0.8410924415024891,0.5639181114394239
-6.187051,-6.275934,0.8410924415024891,0.5639181114394239
-6.187051,-6.426526,0.8410924415024891,0.5639181114394239
-6.187051,-6.61599,0.8410924415024891,0.5639181114394239
-5.7359995,-6.142659,0.8410924415024891,0.5639181114394239
-5.7359995,-6.022404,0.8410924415024891,0.5639181114394239
-5.7359995,-6.142659,0.8410924415024891,0.5639181114394239
-5.7359995,-5.912768,0.8410924415024891,0.5639181114394239
-5.7359995,-6.022131,0.8410924415024891,0.5639181114394239
-5.2470795,-5.913316,0.8410924415024891,0.5639181114394239
-5.2470795,-5.435672,0.8410924415024891,0.5639181114394239
-5.2470795,-4.894015,0.8410924415024891,0.5639181114394239
-5.2470795,-4.571644,0.8410924415024891,0.5639181114394239
-5.2470795,-4.38367,0.8410924415024891,0.5639181114394239
-4.695016,-4.804429,0.8410924415024891,0.5639181114394239
-4.695016,-4.263705,0.8410924415024891,0.5639181114394239
-4.695016,-3.56774,0.8410924415024891,0.5639181114394239
-5.1470345,-5.810978,0.8410924415024891,0.5639181114394239
-5.1470345,-5.080645,0.8410924415024891,0.5639181114394239
-5.1470345,-5.521448,0.8410924415024891,0.5639181114394239
-5.312143,-6.275385,0.8410924415024891,0.5639181114394239
-5.312143,-5.495729,0.8410924415024891,0.5639181114394239
-5.259971,-5.61868,0.8410924415024891,0.5639181114394239
-5.259971,-5.493789,0.8410924415024891,0.5639181114394239
-5.259971,-5.024604,0.8410924415024891,0.5639181114394239
-5.259971,-4.654956,0.8410924415024891,0.5639181114394239
-5.259971,-4.561932,0.8410924415024891,0.5639181114394239
-4.3257585,-5.1066,0.8410924415024891,0.5639181114394239
-4.3257585,-3.348598,0.8410924415024891,0.5639181114394239
-7.1492425,-6.604918,0.8410924415024891,0.5639181114394239
-7.1492425,-7.575797,0.8410924415024891,0.5639181114394239
-7.1492425,-6.429007,0.8410924415024891,0.5639181114394239
-7.1492425,-6.612958,0.8410924415024891,0.5639181114394239
-7.1492425,-7.580737,0.8410924415024891,0.5639181114394239
-5.818516,-6.01994,0.8410924415024891,0.5639181114394239
-5.818516,-6.265465,0.8410924415024891,0.5639181114394239
-5.818516,-6.42625,0.8410924415024891,0.5639181114394239
-5.818516,-6.850562,0.8410924415024891,0.5639181114394239
-5.818516,-6.442133,0.8410924415024891,0.5639181114394239
-5.0833375,-6.019666,0.8410924415024891,0.5639181114394239
-5.0833375,-5.436496,0.8410924415024891,0.5639181114394239
-5.0833375,-5.076495,0.8410924415024891,0.5639181114394239
-5.0833375,-4.625501,0.8410924415024891,0.5639181114394239
-5.0833375,-4.18119,0.8410924415024891,0.5639181114394239
-4.4741575,-5.730336,0.8410924415024891,0.5639181114394239
-4.4741575,-4.754501,0.8410924415024891,0.5639181114394239
-4.4741575,-4.038344,0.8410924415024891,0.5639181114394239
-4.4741575,-3.397789,0.8410924415024891,0.5639181114394239
-4.4741575,-3.033688,0.8410924415024891,0.5639181114394239
-4.406505,-5.820033,0.8410924415024891,0.5639181114394239
-4.406505,-5.313632,0.8410924415024891,0.5639181114394239
-4.406505,-4.64213,0.8410924415024891,0.5639181114394239
-4.406505,-3.848082,0.8410924415024891,0.5639181114394239
-4.406505,-3.265747,0.8410924415024891,0.5639181114394239
-3.0373295,-3.774764,0.8410924415024891,0.5639181114394239
-3.0373295,-1.630067,0.8410924415024891,0.5639181114394239
-3.0373295,-0.838003,0.8410924415024891,0.5639181114394239
-4.912582,-5.496102,0.8410924415024891,0.5639181114394239
-4.912582,-5.120183,0.8410924415024891,0.5639181114394239
-3.067774,-3.986746,0.8410924415024891,0.5639181114394239
-3.067774,-1.224379,0.8410924415024891,0.5639181114394239
-3.067774,-0.542412,0.8410924415024891,0.5639181114394239
-3.0773289999999998,-3.910653,0.8410924415024891,0.5639181114394239
-5.4228125,-5.810978,0.8410924415024891,0.5639181114394239
-5.4228125,-6.018019,0.8410924415024891,0.5639181114394239
-5.4228125,-6.140196,0.8410924415024891,0.5639181114394239
-5.4228125,-5.914686,0.8410924415024891,0.5639181114394239
-5.4228125,-6.14047,0.8410924415024891,0.5639181114394239
-4.933892500000001,-5.070211,0.8410924415024891,0.5639181114394239
-4.933892500000001,-4.769782,0.8410924415024891,0.5639181114394239
-4.933892500000001,-4.668873,0.8410924415024891,0.5639181114394239
-4.933892500000001,-4.453128,0.8410924415024891,0.5639181114394239
-4.933892500000001,-4.194827,0.8410924415024891,0.5639181114394239
-4.381829,-5.032372,0.8410924415024891,0.5639181114394239
-4.381829,-4.65641,0.8410924415024891,0.5639181114394239
-4.381829,-3.753021,0.8410924415024891,0.5639181114394239
-4.381829,-3.436479,0.8410924415024891,0.5639181114394239
-4.381829,-3.328726,0.8410924415024891,0.5639181114394239
-5.257491,-5.682993,0.8410924415024891,0.5639181114394239
-5.257491,-5.763852,0.8410924415024891,0.5639181114394239
-5.257491,-5.530066,0.8410924415024891,0.5639181114394239
-5.257491,-5.518558,0.8410924415024891,0.5639181114394239
-5.257491,-5.312489,0.8410924415024891,0.5639181114394239
-4.8338475,-5.265928,0.8410924415024891,0.5639181114394239
-4.8338475,-5.983368,0.8410924415024891,0.5639181114394239
-4.8338475,-5.781608,0.8410924415024891,0.5639181114394239
-4.8338475,-5.676951,0.8410924415024891,0.5639181114394239
-4.8338475,-5.290619,0.8410924415024891,0.5639181114394239
-4.998956,-5.77277,0.8410924415024891,0.5639181114394239
-4.998956,-5.738096,0.8410924415024891,0.5639181114394239
-4.998956,-5.711659,0.8410924415024891,0.5639181114394239
-4.998956,-5.482318,0.8410924415024891,0.5639181114394239
-4.368437,-6.001961,0.8410924415024891,0.5639181114394239
-4.368437,-6.001402,0.8410924415024891,0.5639181114394239
-4.368437,-5.109531,0.8410924415024891,0.5639181114394239
-4.946784,-5.112421,0.8410924415024891,0.5639181114394239
-4.946784,-4.913067,0.8410924415024891,0.5639181114394239
-4.946784,-4.681797,0.8410924415024891,0.5639181114394239
-4.946784,-4.605357,0.8410924415024891,0.5639181114394239
-4.946784,-4.726495,0.8410924415024891,0.5639181114394239
-4.0125715,-5.600057,0.8410924415024891,0.5639181114394239
-4.0125715,-5.025261,0.8410924415024891,0.5639181114394239
-4.0125715,-4.193403,0.8410924415024891,0.5639181114394239
-4.0125715,-3.813047,0.8410924415024891,0.5639181114394239
-4.0125715,-3.473173,0.8410924415024891,0.5639181114394239
-6.8360555000000005,-5.757184,0.8410924415024891,0.5639181114394239
-6.8360555000000005,-5.636908,0.8410924415024891,0.5639181114394239
-5.505329,-5.539178,0.8410924415024891,0.5639181114394239
-5.505329,-5.699777,0.8410924415024891,0.5639181114394239
-5.505329,-5.703156,0.8410924415024891,0.5639181114394239
-5.505329,-5.911121,0.8410924415024891,0.5639181114394239
-5.505329,-6.004618,0.8410924415024891,0.5639181114394239
-4.7701505,-5.211894,0.8410924415024891,0.5639181114394239
-4.7701505,-4.612745,0.8410924415024891,0.5639181114394239
-4.7701505,-4.482663,0.8410924415024891,0.5639181114394239
-4.7701505,-4.414917,0.8410924415024891,0.5639181114394239
-4.7701505,-4.064403,0.8410924415024891,0.5639181114394239
-4.1609705,-4.66109,0.8410924415024891,0.5639181114394239
-4.1609705,-3.98541,0.8410924415024891,0.5639181114394239
-4.1609705,-3.366257,0.8410924415024891,0.5639181114394239
-4.1609705,-2.871759,0.8410924415024891,0.5639181114394239
-5.441622000000001,-5.863304,0.8410924415024891,0.5639181114394239
-5.441622000000001,-5.698083,0.8410924415024891,0.5639181114394239
-5.441622000000001,-5.699777,0.8410924415024891,0.5639181114394239
-5.441622000000001,-5.470097,0.8410924415024891,0.5639181114394239
-5.441622000000001,-5.98819,0.8410924415024891,0.5639181114394239
-5.4411645,-5.604931,0.8410924415024891,0.5639181114394239
-5.4411645,-5.295553,0.8410924415024891,0.5639181114394239
-5.4411645,-5.630629,0.8410924415024891,0.5639181114394239
-5.4411645,-5.904231,0.8410924415024891,0.5639181114394239
-5.4411645,-5.813181,0.8410924415024891,0.5639181114394239
-4.093318,-4.228459,0.8410924415024891,0.5639181114394239
-4.093318,-3.84915,0.8410924415024891,0.5639181114394239
-4.093318,-2.986888,0.8410924415024891,0.5639181114394239
-2.7241425,-5.869336,0.8410924415024891,0.5639181114394239
-2.7241425,-4.220817,0.8410924415024891,0.5639181114394239
-4.599395,-5.400442,0.8410924415024891,0.5639181114394239
-4.599395,-5.227804,0.8410924415024891,0.5639181114394239
-4.599395,-5.264482,0.8410924415024891,0.5639181114394239
-4.599395,-4.882619,0.8410924415024891,0.5639181114394239
-4.599395,-4.952771,0.8410924415024891,0.5639181114394239
-2.7545870000000003,-3.680785,0.8410924415024891,0.5639181114394239
-2.7545870000000003,-1.5088,0.8410924415024891,0.5639181114394239
-2.7545870000000003,-0.568955,0.8410924415024891,0.5639181114394239
-2.764142,-3.662822,0.8410924415024891,0.5639181114394239
-2.764142,-0.71104,0.8410924415024891,0.5639181114394239
-4.558155,-4.652886,0.8410924415024891,0.5639181114394239
-4.558155,-4.972463,0.8410924415024891,0.5639181114394239
-4.558155,-5.109643,0.8410924415024891,0.5639181114394239
-4.558155,-5.496378,0.8410924415024891,0.5639181114394239
-4.558155,-6.136628,0.8410924415024891,0.5639181114394239
-4.069235,-4.312479,0.8410924415024891,0.5639181114394239
-4.069235,-4.287886,0.8410924415024891,0.5639181114394239
-4.069235,-4.489999,0.8410924415024891,0.5639181114394239
-4.069235,-4.291518,0.8410924415024891,0.5639181114394239
-3.5171715,-3.909227,0.8410924415024891,0.5639181114394239
-3.5171715,-3.775759,0.8410924415024891,0.5639181114394239
-3.5171715,-3.530416,0.8410924415024891,0.5639181114394239
-3.5171715,-3.464481,0.8410924415024891,0.5639181114394239
-3.5171715,-3.194053,0.8410924415024891,0.5639181114394239
-4.8021905,-4.647563,0.8410924415024891,0.5639181114394239
-4.8021905,-4.882481,0.8410924415024891,0.5639181114394239
-4.8021905,-5.635635,0.8410924415024891,0.5639181114394239
-4.8021905,-6.015544,0.8410924415024891,0.5639181114394239
-4.8021905,-5.814006,0.8410924415024891,0.5639181114394239
-4.0821265,-4.256695,0.8410924415024891,0.5639181114394239
-4.0821265,-4.438518,0.8410924415024891,0.5639181114394239
-4.0821265,-4.347355,0.8410924415024891,0.5639181114394239
-4.0821265,-4.479838,0.8410924415024891,0.5639181114394239
-4.0821265,-4.548158,0.8410924415024891,0.5639181114394239
-3.147914,-3.569774,0.8410924415024891,0.5639181114394239
-3.147914,-3.274962,0.8410924415024891,0.5639181114394239
-3.147914,-3.266794,0.8410924415024891,0.5639181114394239
-5.971398000000001,-4.558641,0.8410924415024891,0.5639181114394239
-5.971398000000001,-6.27566,0.8410924415024891,0.5639181114394239
-4.6406715,-4.431251,0.8410924415024891,0.5639181114394239
-4.6406715,-4.734039,0.8410924415024891,0.5639181114394239
-4.6406715,-5.069329,0.8410924415024891,0.5639181114394239
-4.6406715,-5.819487,0.8410924415024891,0.5639181114394239
-4.6406715,-6.134362,0.8410924415024891,0.5639181114394239
-3.905493,-4.356238,0.8410924415024891,0.5639181114394239
-3.905493,-4.323929,0.8410924415024891,0.5639181114394239
-3.905493,-4.22143,0.8410924415024891,0.5639181114394239
-3.905493,-4.198321,0.8410924415024891,0.5639181114394239
-3.905493,-4.324037,0.8410924415024891,0.5639181114394239
-3.296313,-3.699403,0.8410924415024891,0.5639181114394239
-3.296313,-3.809518,0.8410924415024891,0.5639181114394239
-3.296313,-3.401033,0.8410924415024891,0.5639181114394239
-3.296313,-2.855961,0.8410924415024891,0.5639181114394239
-3.296313,-2.587595,0.8410924415024891,0.5639181114394239
-3.2286605,-3.83724,0.8410924415024891,0.5639181114394239
-3.2286605,-3.556109,0.8410924415024891,0.5639181114394239
-3.2286605,-3.124431,0.8410924415024891,0.5639181114394239
-3.2286605,-3.123546,0.8410924415024891,0.5639181114394239
-3.2286605,-2.815855,0.8410924415024891,0.5639181114394239
-1.859485,-3.370068,0.8410924415024891,0.5639181114394239
-1.859485,-2.705664,0.8410924415024891,0.5639181114394239
-1.859485,0.0,0.8410924415024891,0.5639181114394239
-3.7347375,-4.210531,0.8410924415024891,0.5639181114394239
-3.7347375,-3.89514,0.8410924415024891,0.5639181114394239
-3.7347375,-4.38164,0.8410924415024891,0.5639181114394239
-1.8899295,-3.208842,0.8410924415024891,0.5639181114394239
-1.8899295,-0.98508,0.8410924415024891,0.5639181114394239
-1.8899295,-0.67952,0.8410924415024891,0.5639181114394239
-1.8994845,-3.235116,0.8410924415024891,0.5639181114394239
-1.8994845,-2.844988,0.8410924415024891,0.5639181114394239
-5.4915875,-5.205814,0.8410924415024891,0.5639181114394239
-5.4915875,-4.556132,0.8410924415024891,0.5639181114394239
-5.4915875,-4.572675,0.8410924415024891,0.5639181114394239
-5.504479,-5.646885,0.8410924415024891,0.5639181114394239
-5.504479,-5.24971,0.8410924415024891,0.5639181114394239
-5.504479,-5.155902,0.8410924415024891,0.5639181114394239
-5.504479,-4.525307,0.8410924415024891,0.5639181114394239
-5.504479,-4.690738,0.8410924415024891,0.5639181114394239
-4.5702665,-4.866316,0.8410924415024891,0.5639181114394239
-4.5702665,-3.426037,0.8410924415024891,0.5639181114394239
-6.063024,-6.277577,0.8410924415024891,0.5639181114394239
-6.063024,-5.901462,0.8410924415024891,0.5639181114394239
-6.063024,-5.900352,0.8410924415024891,0.5639181114394239
-6.063024,-6.123547,0.8410924415024891,0.5639181114394239
-6.063024,-6.438049,0.8410924415024891,0.5639181114394239
-5.3278455000000005,-5.34356,0.8410924415024891,0.5639181114394239
-5.3278455000000005,-4.878414,0.8410924415024891,0.5639181114394239
-5.3278455000000005,-4.349185,0.8410924415024891,0.5639181114394239
-4.7186655,-5.640521,0.8410924415024891,0.5639181114394239
-4.7186655,-4.718612,0.8410924415024891,0.5639181114394239
-4.7186655,-3.678502,0.8410924415024891,0.5639181114394239
-4.7186655,-3.050198,0.8410924415024891,0.5639181114394239
-4.7186655,-2.730969,0.8410924415024891,0.5639181114394239
-3.2818375,-3.916142,0.8410924415024891,0.5639181114394239
-3.2818375,-0.501261,0.8410924415024891,0.5639181114394239
-3.312282,-3.884366,0.8410924415024891,0.5639181114394239
-3.312282,-1.0465,0.8410924415024891,0.5639181114394239
-3.312282,-0.732349,0.8410924415024891,0.5639181114394239
-3.321837,-4.167412,0.8410924415024891,0.5639181114394239
-3.321837,-3.242278,0.8410924415024891,0.5639181114394239
-3.321837,-0.643868,0.8410924415024891,0.5639181114394239
-5.0405359999999995,-5.726667,0.8410924415024891,0.5639181114394239
-5.0405359999999995,-5.581162,0.8410924415024891,0.5639181114394239
-5.0405359999999995,-4.705456,0.8410924415024891,0.5639181114394239
-5.0405359999999995,-4.589148,0.8410924415024891,0.5639181114394239
-4.4884725,-5.527661,0.8410924415024891,0.5639181114394239
-4.4884725,-5.11041,0.8410924415024891,0.5639181114394239
-4.4884725,-4.171582,0.8410924415024891,0.5639181114394239
-4.4884725,-3.78978,0.8410924415024891,0.5639181114394239
-4.4884725,-3.259409,0.8410924415024891,0.5639181114394239
-4.940491,-5.645297,0.8410924415024891,0.5639181114394239
-4.940491,-5.679257,0.8410924415024891,0.5639181114394239
-5.7734915,-6.276756,0.8410924415024891,0.5639181114394239
-5.7734915,-6.141565,0.8410924415024891,0.5639181114394239
-5.7734915,-6.280855,0.8410924415024891,0.5639181114394239
-5.7734915,-6.02131,0.8410924415024891,0.5639181114394239
-5.7734915,-6.275934,0.8410924415024891,0.5639181114394239
-4.4750805,-6.12668,0.8410924415024891,0.5639181114394239
-4.4750805,-5.610067,0.8410924415024891,0.5639181114394239
-4.4750805,-5.280409,0.8410924415024891,0.5639181114394239
-4.4750805,-4.919842,0.8410924415024891,0.5639181114394239
-5.440765,-5.903124,0.8410924415024891,0.5639181114394239
-5.440765,-5.989886,0.8410924415024891,0.5639181114394239
-5.440765,-5.773535,0.8410924415024891,0.5639181114394239
-5.440765,-5.839985,0.8410924415024891,0.5639181114394239
-5.0534275,-5.816476,0.8410924415024891,0.5639181114394239
-5.0534275,-5.729789,0.8410924415024891,0.5639181114394239
-5.0534275,-5.37759,0.8410924415024891,0.5639181114394239
-5.0534275,-4.724655,0.8410924415024891,0.5639181114394239
-5.0534275,-4.523162,0.8410924415024891,0.5639181114394239
-4.119215,-5.158943,0.8410924415024891,0.5639181114394239
-4.119215,-4.552305,0.8410924415024891,0.5639181114394239
-4.119215,-3.487682,0.8410924415024891,0.5639181114394239
-6.942699,-6.417935,0.8410924415024891,0.5639181114394239
-6.942699,-7.141547,0.8410924415024891,0.5639181114394239
-6.942699,-6.28249,0.8410924415024891,0.5639181114394239
-6.942699,-7.153635,0.8410924415024891,0.5639181114394239
-6.942699,-7.582378,0.8410924415024891,0.5639181114394239
-5.6119725,-6.139099,0.8410924415024891,0.5639181114394239
-5.6119725,-6.845617,0.8410924415024891,0.5639181114394239
-5.6119725,-6.845617,0.8410924415024891,0.5639181114394239
-5.6119725,-6.621754,0.8410924415024891,0.5639181114394239
-5.6119725,-6.28548,0.8410924415024891,0.5639181114394239
-4.876794,-5.817846,0.8410924415024891,0.5639181114394239
-4.876794,-5.36524,0.8410924415024891,0.5639181114394239
-4.876794,-4.853373,0.8410924415024891,0.5639181114394239
-4.876794,-4.517036,0.8410924415024891,0.5639181114394239
-4.876794,-4.33572,0.8410924415024891,0.5639181114394239
-4.267614,-5.649957,0.8410924415024891,0.5639181114394239
-4.267614,-5.17965,0.8410924415024891,0.5639181114394239
-4.267614,-4.15412,0.8410924415024891,0.5639181114394239
-4.267614,-3.360768,0.8410924415024891,0.5639181114394239
-4.267614,-2.800297,0.8410924415024891,0.5639181114394239
-5.548265499999999,-5.715729,0.8410924415024891,0.5639181114394239
-5.548265499999999,-6.389707,0.8410924415024891,0.5639181114394239
-5.548265499999999,-5.540312,0.8410924415024891,0.5639181114394239
-5.547808,-6.143205,0.8410924415024891,0.5639181114394239
-5.547808,-5.913316,0.8410924415024891,0.5639181114394239
-5.547808,-5.64034,0.8410924415024891,0.5639181114394239
-5.547808,-5.645846,0.8410924415024891,0.5639181114394239
-4.1999615,-5.816202,0.8410924415024891,0.5639181114394239
-4.1999615,-5.729241,0.8410924415024891,0.5639181114394239
-4.1999615,-4.858826,0.8410924415024891,0.5639181114394239
-4.1999615,-3.741216,0.8410924415024891,0.5639181114394239
-4.1999615,-3.235178,0.8410924415024891,0.5639181114394239
-2.7885,-5.430715,0.8410924415024891,0.5639181114394239
-2.7885,-4.363534,0.8410924415024891,0.5639181114394239
-2.7885,-2.360545,0.8410924415024891,0.5639181114394239
-2.830786,-3.946229,0.8410924415024891,0.5639181114394239
-2.830786,-1.089964,0.8410924415024891,0.5639181114394239
-4.7060385,-5.643922,0.8410924415024891,0.5639181114394239
-4.7060385,-5.062088,0.8410924415024891,0.5639181114394239
-4.7060385,-4.881352,0.8410924415024891,0.5639181114394239
-2.8612305,-3.903468,0.8410924415024891,0.5639181114394239
-2.8612305,-1.155587,0.8410924415024891,0.5639181114394239
-2.8612305,-0.612287,0.8410924415024891,0.5639181114394239
-2.8707854999999998,-4.029634,0.8410924415024891,0.5639181114394239
-3.9995525,-4.287044,0.8410924415024891,0.5639181114394239
-3.9995525,-4.148319,0.8410924415024891,0.5639181114394239
-3.9995525,-3.862523,0.8410924415024891,0.5639181114394239
-3.9995525,-3.261645,0.8410924415024891,0.5639181114394239
-4.905355500000001,-4.480968,0.8410924415024891,0.5639181114394239
-4.905355500000001,-4.553984,0.8410924415024891,0.5639181114394239
-4.905355500000001,-4.690312,0.8410924415024891,0.5639181114394239
-4.905355500000001,-5.329129,0.8410924415024891,0.5639181114394239
-4.8752145,-4.445554,0.8410924415024891,0.5639181114394239
-4.8752145,-4.394394,0.8410924415024891,0.5639181114394239
-4.8752145,-4.499743,0.8410924415024891,0.5639181114394239
-4.8752145,-4.907785,0.8410924415024891,0.5639181114394239
-4.8752145,-4.937311,0.8410924415024891,0.5639181114394239
-5.192251000000001,-4.23871,0.8410924415024891,0.5639181114394239
-5.192251000000001,-4.574934,0.8410924415024891,0.5639181114394239
-5.192251000000001,-4.520704,0.8410924415024891,0.5639181114394239
-5.192251000000001,-4.87077,0.8410924415024891,0.5639181114394239
-4.4515709999999995,-4.360309,0.8410924415024891,0.5639181114394239
-4.4515709999999995,-4.554309,0.8410924415024891,0.5639181114394239
-4.4515709999999995,-4.910068,0.8410924415024891,0.5639181114394239
-4.4515709999999995,-5.27835,0.8410924415024891,0.5639181114394239
-4.4515709999999995,-5.456118,0.8410924415024891,0.5639181114394239
-3.3433545000000002,-4.406677,0.8410924415024891,0.5639181114394239
-3.3433545000000002,-4.29172,0.8410924415024891,0.5639181114394239
-3.3433545000000002,-4.00232,0.8410924415024891,0.5639181114394239
-4.645261,-4.303362,0.8410924415024891,0.5639181114394239
-4.645261,-4.189545,0.8410924415024891,0.5639181114394239
-4.645261,-4.45384,0.8410924415024891,0.5639181114394239
-5.2845715,-4.57745,0.8410924415024891,0.5639181114394239
-5.2845715,-4.841918,0.8410924415024891,0.5639181114394239
-5.2845715,-4.987014,0.8410924415024891,0.5639181114394239
-5.2845715,-5.726224,0.8410924415024891,0.5639181114394239
-5.2845715,-5.908749,0.8410924415024891,0.5639181114394239
-4.9909995,-4.585031,0.8410924415024891,0.5639181114394239
-4.9909995,-4.564656,0.8410924415024891,0.5639181114394239
-4.9909995,-5.030002,0.8410924415024891,0.5639181114394239
-4.9909995,-5.355839,0.8410924415024891,0.5639181114394239
-4.9909995,-5.583828,0.8410924415024891,0.5639181114394239
-4.6166795,-4.443549,0.8410924415024891,0.5639181114394239
-4.6166795,-4.425197,0.8410924415024891,0.5639181114394239
-4.6166795,-4.496521,0.8410924415024891,0.5639181114394239
-4.6166795,-4.592017,0.8410924415024891,0.5639181114394239
-4.6166795,-4.865272,0.8410924415024891,0.5639181114394239
-3.9861605,-4.261899,0.8410924415024891,0.5639181114394239
-3.9861605,-4.494188,0.8410924415024891,0.5639181114394239
-3.9861605,-4.877865,0.8410924415024891,0.5639181114394239
-3.9861605,-4.776383,0.8410924415024891,0.5639181114394239
-3.9861605,-5.100517,0.8410924415024891,0.5639181114394239
-4.9518450000000005,-4.189654,0.8410924415024891,0.5639181114394239
-4.9518450000000005,-4.295117,0.8410924415024891,0.5639181114394239
-4.9518450000000005,-4.459648,0.8410924415024891,0.5639181114394239
-4.9518450000000005,-4.44691,0.8410924415024891,0.5639181114394239
-4.9518450000000005,-4.745989,0.8410924415024891,0.5639181114394239
-4.5645074999999995,-4.456642,0.8410924415024891,0.5639181114394239
-4.5645074999999995,-4.418013,0.8410924415024891,0.5639181114394239
-4.5645074999999995,-4.391561,0.8410924415024891,0.5639181114394239
-4.5645074999999995,-4.543582,0.8410924415024891,0.5639181114394239
-3.6302950000000003,-4.327033,0.8410924415024891,0.5639181114394239
-3.6302950000000003,-4.320228,0.8410924415024891,0.5639181114394239
-3.6302950000000003,-3.99694,0.8410924415024891,0.5639181114394239
-3.6302950000000003,-3.368482,0.8410924415024891,0.5639181114394239
-3.6302950000000003,-3.356046,0.8410924415024891,0.5639181114394239
-6.453779000000001,-4.899876,0.8410924415024891,0.5639181114394239
-6.453779000000001,-5.00408,0.8410924415024891,0.5639181114394239
-6.453779000000001,-5.912494,0.8410924415024891,0.5639181114394239
-6.453779000000001,-6.625306,0.8410924415024891,0.5639181114394239
-5.1230525,-4.618498,0.8410924415024891,0.5639181114394239
-5.1230525,-4.647048,0.8410924415024891,0.5639181114394239
-5.1230525,-4.854087,0.8410924415024891,0.5639181114394239
-5.1230525,-5.437648,0.8410924415024891,0.5639181114394239
-5.1230525,-5.913811,0.8410924415024891,0.5639181114394239
-4.387874,-4.220139,0.8410924415024891,0.5639181114394239
-4.387874,-4.158902,0.8410924415024891,0.5639181114394239
-4.387874,-4.188629,0.8410924415024891,0.5639181114394239
-3.7786939999999998,-4.14131,0.8410924415024891,0.5639181114394239
-3.7786939999999998,-3.770774,0.8410924415024891,0.5639181114394239
-3.7786939999999998,-3.579984,0.8410924415024891,0.5639181114394239
-3.7786939999999998,-2.984739,0.8410924415024891,0.5639181114394239
-3.7786939999999998,-2.652627,0.8410924415024891,0.5639181114394239
-5.0593455,-4.288867,0.8410924415024891,0.5639181114394239
-5.0593455,-4.323022,0.8410924415024891,0.5639181114394239
-5.0593455,-4.670684,0.8410924415024891,0.5639181114394239
-5.0593455,-4.991524,0.8410924415024891,0.5639181114394239
-5.0593455,-5.711556,0.8410924415024891,0.5639181114394239
-5.058888,-4.47701,0.8410924415024891,0.5639181114394239
-5.058888,-4.487878,0.8410924415024891,0.5639181114394239
-5.058888,-4.683969,0.8410924415024891,0.5639181114394239
-5.058888,-5.035907,0.8410924415024891,0.5639181114394239
-5.058888,-5.326458,0.8410924415024891,0.5639181114394239
-3.7110415000000003,-4.111874,0.8410924415024891,0.5639181114394239
-3.7110415000000003,-3.990175,0.8410924415024891,0.5639181114394239
-3.7110415000000003,-3.526898,0.8410924415024891,0.5639181114394239
-3.7110415000000003,-3.027969,0.8410924415024891,0.5639181114394239
-3.7110415000000003,-3.203793,0.8410924415024891,0.5639181114394239
-2.29958,-4.380268,0.8410924415024891,0.5639181114394239
-2.29958,-4.498909,0.8410924415024891,0.5639181114394239
-2.29958,-3.983865,0.8410924415024891,0.5639181114394239
-2.29958,-3.042058,0.8410924415024891,0.5639181114394239
-2.29958,-2.738473,0.8410924415024891,0.5639181114394239
-2.341866,-4.634846,0.8410924415024891,0.5639181114394239
-2.341866,-3.317542,0.8410924415024891,0.5639181114394239
-4.2171185,-4.546886,0.8410924415024891,0.5639181114394239
-4.2171185,-4.176848,0.8410924415024891,0.5639181114394239
-2.3723105,-0.802277,0.8410924415024891,0.5639181114394239
-2.3818655,-3.438156,0.8410924415024891,0.5639181114394239
-2.3818655,-0.235337,0.8410924415024891,0.5639181114394239
-4.353292,-3.296983,0.8410924415024891,0.5639181114394239
-4.353292,-3.49841,0.8410924415024891,0.5639181114394239
-4.353292,-3.821132,0.8410924415024891,0.5639181114394239
-4.353292,-4.453917,0.8410924415024891,0.5639181114394239
-4.353292,-4.854245,0.8410924415024891,0.5639181114394239
-4.323151,-3.223936,0.8410924415024891,0.5639181114394239
-4.323151,-3.504354,0.8410924415024891,0.5639181114394239
-4.323151,-3.795755,0.8410924415024891,0.5639181114394239
-4.323151,-4.230189,0.8410924415024891,0.5639181114394239
-4.323151,-5.054221,0.8410924415024891,0.5639181114394239
-4.6401875,-3.190749,0.8410924415024891,0.5639181114394239
-4.6401875,-3.320894,0.8410924415024891,0.5639181114394239
-4.6401875,-3.4852,0.8410924415024891,0.5639181114394239
-4.6401875,-4.100709,0.8410924415024891,0.5639181114394239
-4.6401875,-5.008008,0.8410924415024891,0.5639181114394239
-3.8995075,-3.329889,0.8410924415024891,0.5639181114394239
-3.8995075,-3.538505,0.8410924415024891,0.5639181114394239
-3.8995075,-3.859207,0.8410924415024891,0.5639181114394239
-3.8995075,-4.67649,0.8410924415024891,0.5639181114394239
-3.8995075,-4.758536,0.8410924415024891,0.5639181114394239
-2.791291,-3.326758,0.8410924415024891,0.5639181114394239
-2.791291,-3.497312,0.8410924415024891,0.5639181114394239
-2.791291,-3.874682,0.8410924415024891,0.5639181114394239
-4.0931975000000005,-3.093569,0.8410924415024891,0.5639181114394239
-4.0931975000000005,-3.226688,0.8410924415024891,0.5639181114394239
-4.0931975000000005,-3.488054,0.8410924415024891,0.5639181114394239
-4.0931975000000005,-3.962375,0.8410924415024891,0.5639181114394239
-4.732508,-3.290273,0.8410924415024891,0.5639181114394239
-4.732508,-3.758899,0.8410924415024891,0.5639181114394239
-4.732508,-4.296017,0.8410924415024891,0.5639181114394239
-4.732508,-5.083837,0.8410924415024891,0.5639181114394239
-4.732508,-5.817846,0.8410924415024891,0.5639181114394239
-4.438936,-3.24397,0.8410924415024891,0.5639181114394239
-4.438936,-3.711303,0.8410924415024891,0.5639181114394239
-4.438936,-4.074699,0.8410924415024891,0.5639181114394239
-4.438936,-4.820934,0.8410924415024891,0.5639181114394239
-4.438936,-5.249147,0.8410924415024891,0.5639181114394239
-4.064616,-3.241366,0.8410924415024891,0.5639181114394239
-4.064616,-3.296647,0.8410924415024891,0.5639181114394239
-4.064616,-3.619432,0.8410924415024891,0.5639181114394239
-4.064616,-4.290411,0.8410924415024891,0.5639181114394239
-4.064616,-4.747334,0.8410924415024891,0.5639181114394239
-3.434097,-3.343472,0.8410924415024891,0.5639181114394239
-3.434097,-3.642265,0.8410924415024891,0.5639181114394239
-3.434097,-4.052692,0.8410924415024891,0.5639181114394239
-3.434097,-4.606452,0.8410924415024891,0.5639181114394239
-3.434097,-4.598569,0.8410924415024891,0.5639181114394239
-4.3997815,-3.16964,0.8410924415024891,0.5639181114394239
-4.3997815,-3.440401,0.8410924415024891,0.5639181114394239
-4.3997815,-3.877324,0.8410924415024891,0.5639181114394239
-4.012444,-3.290671,0.8410924415024891,0.5639181114394239
-4.012444,-3.355411,0.8410924415024891,0.5639181114394239
-4.012444,-3.703779,0.8410924415024891,0.5639181114394239
-4.012444,-4.134644,0.8410924415024891,0.5639181114394239
-4.012444,-4.135125,0.8410924415024891,0.5639181114394239
-3.0782315000000002,-3.18944,0.8410924415024891,0.5639181114394239
-3.0782315000000002,-3.240556,0.8410924415024891,0.5639181114394239
-3.0782315000000002,-3.145779,0.8410924415024891,0.5639181114394239
-3.0782315000000002,-3.248018,0.8410924415024891,0.5639181114394239
-3.0782315000000002,-3.282485,0.8410924415024891,0.5639181114394239
-5.9017155,-3.441505,0.8410924415024891,0.5639181114394239
-5.9017155,-3.791483,0.8410924415024891,0.5639181114394239
-5.9017155,-4.809527,0.8410924415024891,0.5639181114394239
-4.570989,-3.349429,0.8410924415024891,0.5639181114394239
-4.570989,-3.721374,0.8410924415024891,0.5639181114394239
-4.570989,-4.219689,0.8410924415024891,0.5639181114394239
-4.570989,-5.110388,0.8410924415024891,0.5639181114394239
-4.570989,-5.338589,0.8410924415024891,0.5639181114394239
-3.8358105,-3.203639,0.8410924415024891,0.5639181114394239
-3.8358105,-3.375047,0.8410924415024891,0.5639181114394239
-3.8358105,-3.6052,0.8410924415024891,0.5639181114394239
-3.8358105,-3.694649,0.8410924415024891,0.5639181114394239
-3.8358105,-4.039523,0.8410924415024891,0.5639181114394239
-3.2266304999999997,-3.182553,0.8410924415024891,0.5639181114394239
-3.2266304999999997,-2.960218,0.8410924415024891,0.5639181114394239
-3.2266304999999997,-2.809988,0.8410924415024891,0.5639181114394239
-3.2266304999999997,-2.516883,0.8410924415024891,0.5639181114394239
-3.2266304999999997,-2.472747,0.8410924415024891,0.5639181114394239
-4.507282,-3.24242,0.8410924415024891,0.5639181114394239
-4.507282,-3.371031,0.8410924415024891,0.5639181114394239
-4.507282,-3.840378,0.8410924415024891,0.5639181114394239
-4.507282,-4.566446,0.8410924415024891,0.5639181114394239
-4.507282,-5.291658,0.8410924415024891,0.5639181114394239
-4.5068245000000005,-3.190964,0.8410924415024891,0.5639181114394239
-4.5068245000000005,-3.500459,0.8410924415024891,0.5639181114394239
-4.5068245000000005,-3.891466,0.8410924415024891,0.5639181114394239
-4.5068245000000005,-4.558855,0.8410924415024891,0.5639181114394239
-3.1589780000000003,-3.045951,0.8410924415024891,0.5639181114394239
-3.1589780000000003,-2.894523,0.8410924415024891,0.5639181114394239
-3.1589780000000003,-2.856641,0.8410924415024891,0.5639181114394239
-3.1589780000000003,-2.766228,0.8410924415024891,0.5639181114394239
-3.1589780000000003,-2.625475,0.8410924415024891,0.5639181114394239
-1.7475165,-3.280388,0.8410924415024891,0.5639181114394239
-1.7475165,-3.501534,0.8410924415024891,0.5639181114394239
-1.7475165,-3.540294,0.8410924415024891,0.5639181114394239
-1.7475165,-3.092895,0.8410924415024891,0.5639181114394239
-1.7475165,-2.413907,0.8410924415024891,0.5639181114394239
-1.7898025,-3.410891,0.8410924415024891,0.5639181114394239
-3.6650549999999997,-3.219162,0.8410924415024891,0.5639181114394239
-3.6650549999999997,-3.362293,0.8410924415024891,0.5639181114394239
-3.6650549999999997,-3.635117,0.8410924415024891,0.5639181114394239
-3.6650549999999997,-3.993262,0.8410924415024891,0.5639181114394239
-3.6650549999999997,-4.35463,0.8410924415024891,0.5639181114394239
-1.820247,-2.830684,0.8410924415024891,0.5639181114394239
-1.829802,-2.67535,0.8410924415024891,0.5639181114394239
-1.829802,-0.234045,0.8410924415024891,0.5639181114394239
-5.228954,-5.524041,0.8410924415024891,0.5639181114394239
-5.228954,-5.220081,0.8410924415024891,0.5639181114394239
-5.228954,-5.842047,0.8410924415024891,0.5639181114394239
-5.228954,-5.977379,0.8410924415024891,0.5639181114394239
-4.918247,-5.980235,0.8410924415024891,0.5639181114394239
-4.918247,-5.232345,0.8410924415024891,0.5639181114394239
-4.918247,-4.863616,0.8410924415024891,0.5639181114394239
-4.918247,-4.496936,0.8410924415024891,0.5639181114394239
-4.918247,-4.468591,0.8410924415024891,0.5639181114394239
-3.9840345,-5.375955,0.8410924415024891,0.5639181114394239
-3.9840345,-4.627586,0.8410924415024891,0.5639181114394239
-3.9840345,-3.918073,0.8410924415024891,0.5639181114394239
-3.9840345,-3.703546,0.8410924415024891,0.5639181114394239
-3.9840345,-3.528395,0.8410924415024891,0.5639181114394239
-6.8075185000000005,-5.998436,0.8410924415024891,0.5639181114394239
-6.8075185000000005,-6.860923,0.8410924415024891,0.5639181114394239
-5.476792,-5.883836,0.8410924415024891,0.5639181114394239
-5.476792,-5.6426,0.8410924415024891,0.5639181114394239
-5.476792,-6.145266,0.8410924415024891,0.5639181114394239
-4.7416135,-4.90524,0.8410924415024891,0.5639181114394239
-4.7416135,-4.789616,0.8410924415024891,0.5639181114394239
-4.7416135,-4.302038,0.8410924415024891,0.5639181114394239
-4.7416135,-4.348725,0.8410924415024891,0.5639181114394239
-4.7416135,-4.144626,0.8410924415024891,0.5639181114394239
-4.1324335,-4.330079,0.8410924415024891,0.5639181114394239
-4.1324335,-3.967902,0.8410924415024891,0.5639181114394239
-4.1324335,-3.3042,0.8410924415024891,0.5639181114394239
-4.1324335,-3.09582,0.8410924415024891,0.5639181114394239
-4.1324335,-2.735198,0.8410924415024891,0.5639181114394239
-5.413085000000001,-6.094222,0.8410924415024891,0.5639181114394239
-5.413085000000001,-5.878175,0.8410924415024891,0.5639181114394239
-5.413085000000001,-5.277141,0.8410924415024891,0.5639181114394239
-5.413085000000001,-6.236525,0.8410924415024891,0.5639181114394239
-5.413085000000001,-5.885528,0.8410924415024891,0.5639181114394239
-5.4126275,-5.322957,0.8410924415024891,0.5639181114394239
-5.4126275,-5.850838,0.8410924415024891,0.5639181114394239
-5.4126275,-5.412324,0.8410924415024891,0.5639181114394239
-2.6956055,-4.910896,0.8410924415024891,0.5639181114394239
-2.6956055,-2.886281,0.8410924415024891,0.5639181114394239
-2.6956055,-0.557327,0.8410924415024891,0.5639181114394239
-4.570858,-5.699777,0.8410924415024891,0.5639181114394239
-4.570858,-5.524617,0.8410924415024891,0.5639181114394239
-4.570858,-5.322957,0.8410924415024891,0.5639181114394239
-4.570858,-4.670396,0.8410924415024891,0.5639181114394239
-2.7260500000000003,-3.991532,0.8410924415024891,0.5639181114394239
-2.7260500000000003,-1.120721,0.8410924415024891,0.5639181114394239
-2.735605,-3.662639,0.8410924415024891,0.5639181114394239
-2.735605,-0.848584,0.8410924415024891,0.5639181114394239
-4.309759,-5.616874,0.8410924415024891,0.5639181114394239
-4.309759,-5.467544,0.8410924415024891,0.5639181114394239
-4.309759,-5.785292,0.8410924415024891,0.5639181114394239
-4.309759,-4.84339,0.8410924415024891,0.5639181114394239
-4.309759,-4.945214,0.8410924415024891,0.5639181114394239
-4.8881060000000005,-5.472361,0.8410924415024891,0.5639181114394239
-4.8881060000000005,-4.778082,0.8410924415024891,0.5639181114394239
-4.8881060000000005,-4.783768,0.8410924415024891,0.5639181114394239
-4.8881060000000005,-4.769292,0.8410924415024891,0.5639181114394239
-4.8881060000000005,-4.772124,0.8410924415024891,0.5639181114394239
-3.9538935000000004,-4.808863,0.8410924415024891,0.5639181114394239
-3.9538935000000004,-4.026678,0.8410924415024891,0.5639181114394239
-3.9538935000000004,-4.412684,0.8410924415024891,0.5639181114394239
-3.9538935000000004,-3.769067,0.8410924415024891,0.5639181114394239
-3.9538935000000004,-3.629939,0.8410924415024891,0.5639181114394239
-6.7773775,-5.67435,0.8410924415024891,0.5639181114394239
-6.7773775,-5.851712,0.8410924415024891,0.5639181114394239
-6.7773775,-6.004191,0.8410924415024891,0.5639181114394239
-6.7773775,-7.148982,0.8410924415024891,0.5639181114394239
-5.446651,-5.616308,0.8410924415024891,0.5639181114394239
-5.446651,-6.254325,0.8410924415024891,0.5639181114394239
-5.446651,-5.419051,0.8410924415024891,0.5639181114394239
-5.446651,-5.803795,0.8410924415024891,0.5639181114394239
-5.446651,-6.438322,0.8410924415024891,0.5639181114394239
-4.7114725,-4.626039,0.8410924415024891,0.5639181114394239
-4.7114725,-4.278142,0.8410924415024891,0.5639181114394239
-4.7114725,-4.114349,0.8410924415024891,0.5639181114394239
-4.1022925,-4.891131,0.8410924415024891,0.5639181114394239
-4.1022925,-4.071595,0.8410924415024891,0.5639181114394239
-4.1022925,-3.404113,0.8410924415024891,0.5639181114394239
-4.1022925,-2.823256,0.8410924415024891,0.5639181114394239
-4.1022925,-2.570028,0.8410924415024891,0.5639181114394239
-5.382944,-5.782743,0.8410924415024891,0.5639181114394239
-5.382944,-5.775344,0.8410924415024891,0.5639181114394239
-5.382944,-5.545395,0.8410924415024891,0.5639181114394239
-5.382944,-5.785009,0.8410924415024891,0.5639181114394239
-5.382944,-6.256004,0.8410924415024891,0.5639181114394239
-5.382486500000001,-5.687001,0.8410924415024891,0.5639181114394239
-5.382486500000001,-5.612909,0.8410924415024891,0.5639181114394239
-5.382486500000001,-5.557714,0.8410924415024891,0.5639181114394239
-5.382486500000001,-5.711834,0.8410924415024891,0.5639181114394239
-5.382486500000001,-5.371791,0.8410924415024891,0.5639181114394239
-2.6231785000000003,-4.871133,0.8410924415024891,0.5639181114394239
-2.6231785000000003,-4.066021,0.8410924415024891,0.5639181114394239
-2.6654645,-5.452088,0.8410924415024891,0.5639181114394239
-2.6654645,-3.635201,0.8410924415024891,0.5639181114394239
-4.540717,-5.017701,0.8410924415024891,0.5639181114394239
-4.540717,-5.381481,0.8410924415024891,0.5639181114394239
-4.540717,-4.718249,0.8410924415024891,0.5639181114394239
-4.540717,-4.71448,0.8410924415024891,0.5639181114394239
-2.6959090000000003,-3.907451,0.8410924415024891,0.5639181114394239
-2.6959090000000003,-1.555532,0.8410924415024891,0.5639181114394239
-2.705464,-3.738746,0.8410924415024891,0.5639181114394239
-5.2051425,-4.677671,0.8410924415024891,0.5639181114394239
-5.2051425,-4.560364,0.8410924415024891,0.5639181114394239
-5.2051425,-4.606311,0.8410924415024891,0.5639181114394239
-4.27093,-4.422214,0.8410924415024891,0.5639181114394239
-5.7636875,-5.356519,0.8410924415024891,0.5639181114394239
-5.7636875,-5.592059,0.8410924415024891,0.5639181114394239
-5.7636875,-6.433401,0.8410924415024891,0.5639181114394239
-5.028509,-4.898029,0.8410924415024891,0.5639181114394239
-5.028509,-4.369911,0.8410924415024891,0.5639181114394239
-4.419329,-4.43103,0.8410924415024891,0.5639181114394239
-4.419329,-3.194968,0.8410924415024891,0.5639181114394239
-4.419329,-2.928761,0.8410924415024891,0.5639181114394239
-4.419329,-2.726268,0.8410924415024891,0.5639181114394239
-2.982501,-2.884084,0.8410924415024891,0.5639181114394239
-4.8577535,-5.552973,0.8410924415024891,0.5639181114394239
-4.8577535,-5.5174,0.8410924415024891,0.5639181114394239
-4.8577535,-4.910779,0.8410924415024891,0.5639181114394239
-4.8577535,-5.11961,0.8410924415024891,0.5639181114394239
-3.0129455000000003,-1.493303,0.8410924415024891,0.5639181114394239
-3.0225005,-3.255665,0.8410924415024891,0.5639181114394239
-3.0225005,-0.636237,0.8410924415024891,0.5639181114394239
-3.0225005,-0.186422,0.8410924415024891,0.5639181114394239
-4.4644625,-5.615743,0.8410924415024891,0.5639181114394239
-4.4644625,-5.066755,0.8410924415024891,0.5639181114394239
-4.4644625,-4.980907,0.8410924415024891,0.5639181114394239
-4.4644625,-4.786788,0.8410924415024891,0.5639181114394239
-4.4644625,-4.613343,0.8410924415024891,0.5639181114394239
-3.5302499999999997,-4.957368,0.8410924415024891,0.5639181114394239
-3.5302499999999997,-4.741591,0.8410924415024891,0.5639181114394239
-3.5302499999999997,-4.15615,0.8410924415024891,0.5639181114394239
-3.5302499999999997,-3.881705,0.8410924415024891,0.5639181114394239
-3.5302499999999997,-3.890439,0.8410924415024891,0.5639181114394239
-6.353734,-5.392643,0.8410924415024891,0.5639181114394239
-6.353734,-7.157723,0.8410924415024891,0.5639181114394239
-5.0230075,-5.614327,0.8410924415024891,0.5639181114394239
-5.0230075,-5.777611,0.8410924415024891,0.5639181114394239
-4.287829,-4.897043,0.8410924415024891,0.5639181114394239
-4.287829,-4.702417,0.8410924415024891,0.5639181114394239
-4.287829,-4.406877,0.8410924415024891,0.5639181114394239
-4.287829,-4.361538,0.8410924415024891,0.5639181114394239
-4.287829,-4.164193,0.8410924415024891,0.5639181114394239
-3.678649,-5.07648,0.8410924415024891,0.5639181114394239
-3.678649,-4.542795,0.8410924415024891,0.5639181114394239
-3.678649,-3.842816,0.8410924415024891,0.5639181114394239
-3.678649,-3.340518,0.8410924415024891,0.5639181114394239
-3.678649,-2.672556,0.8410924415024891,0.5639181114394239
-4.958843,-5.755438,0.8410924415024891,0.5639181114394239
-4.958843,-5.513045,0.8410924415024891,0.5639181114394239
-4.958843,-5.309854,0.8410924415024891,0.5639181114394239
-4.958843,-5.605503,0.8410924415024891,0.5639181114394239
-4.958843,-5.887498,0.8410924415024891,0.5639181114394239
-3.6109964999999997,-5.395306,0.8410924415024891,0.5639181114394239
-3.6109964999999997,-5.526054,0.8410924415024891,0.5639181114394239
-3.6109964999999997,-5.100702,0.8410924415024891,0.5639181114394239
-3.6109964999999997,-3.879248,0.8410924415024891,0.5639181114394239
-3.6109964999999997,-2.807421,0.8410924415024891,0.5639181114394239
-2.241821,-3.570057,0.8410924415024891,0.5639181114394239
-2.241821,-2.609741,0.8410924415024891,0.5639181114394239
-2.241821,-0.553131,0.8410924415024891,0.5639181114394239
-2.241821,-0.474275,0.8410924415024891,0.5639181114394239
-4.1170735,-5.09642,0.8410924415024891,0.5639181114394239
-4.1170735,-5.114727,0.8410924415024891,0.5639181114394239
-4.1170735,-4.856475,0.8410924415024891,0.5639181114394239
-4.1170735,-4.937888,0.8410924415024891,0.5639181114394239
-4.1170735,-4.802458,0.8410924415024891,0.5639181114394239
-2.2722655,-3.778263,0.8410924415024891,0.5639181114394239
-2.2722655,-2.673103,0.8410924415024891,0.5639181114394239
-2.2818205,-3.281704,0.8410924415024891,0.5639181114394239
-3.3562459999999996,-4.774449,0.8410924415024891,0.5639181114394239
-3.3562459999999996,-4.256784,0.8410924415024891,0.5639181114394239
-3.3562459999999996,-4.641113,0.8410924415024891,0.5639181114394239
-3.3562459999999996,-4.448853,0.8410924415024891,0.5639181114394239
-3.3562459999999996,-4.658646,0.8410924415024891,0.5639181114394239
-3.914791,-4.301732,0.8410924415024891,0.5639181114394239
-3.914791,-5.465892,0.8410924415024891,0.5639181114394239
-3.1796125,-3.914747,0.8410924415024891,0.5639181114394239
-3.1796125,-4.037993,0.8410924415024891,0.5639181114394239
-2.5704325,-4.343374,0.8410924415024891,0.5639181114394239
-2.5704325,-3.931484,0.8410924415024891,0.5639181114394239
-2.5704325,-3.359289,0.8410924415024891,0.5639181114394239
-2.5704325,-2.995566,0.8410924415024891,0.5639181114394239
-2.5704325,-2.677699,0.8410924415024891,0.5639181114394239
-1.1336045,-2.727915,0.8410924415024891,0.5639181114394239
-1.1336045,-0.098503,0.8410924415024891,0.5639181114394239
-1.164049,-2.864605,0.8410924415024891,0.5639181114394239
-1.164049,-0.333625,0.8410924415024891,0.5639181114394239
-1.1736039999999999,-3.035909,0.8410924415024891,0.5639181114394239
-1.1736039999999999,-1.043221,0.8410924415024891,0.5639181114394239
-4.6581525,-4.903844,0.8410924415024891,0.5639181114394239
-4.6581525,-4.461682,0.8410924415024891,0.5639181114394239
-4.6581525,-4.590836,0.8410924415024891,0.5639181114394239
-3.72394,-5.238175,0.8410924415024891,0.5639181114394239
-3.72394,-4.177024,0.8410924415024891,0.5639181114394239
-3.72394,-4.026739,0.8410924415024891,0.5639181114394239
-5.2166975,-4.749538,0.8410924415024891,0.5639181114394239
-5.2166975,-5.819487,0.8410924415024891,0.5639181114394239
-4.4815190000000005,-4.261968,0.8410924415024891,0.5639181114394239
-4.4815190000000005,-3.839407,0.8410924415024891,0.5639181114394239
-4.4815190000000005,-4.029228,0.8410924415024891,0.5639181114394239
-3.872339,-3.726791,0.8410924415024891,0.5639181114394239
-3.872339,-3.22403,0.8410924415024891,0.5639181114394239
-3.872339,-2.537228,0.8410924415024891,0.5639181114394239
-2.435511,-4.992269,0.8410924415024891,0.5639181114394239
-2.435511,-2.536013,0.8410924415024891,0.5639181114394239
-2.435511,-0.335164,0.8410924415024891,0.5639181114394239
-4.3107635,-4.937129,0.8410924415024891,0.5639181114394239
-4.3107635,-4.975472,0.8410924415024891,0.5639181114394239
-2.4659555,-3.479462,0.8410924415024891,0.5639181114394239
-2.4659555,-0.790388,0.8410924415024891,0.5639181114394239
-2.4659555,-0.306428,0.8410924415024891,0.5639181114394239
-2.4755105,-3.332306,0.8410924415024891,0.5639181114394239
-2.4755105,-0.283835,0.8410924415024891,0.5639181114394239
-5.2974630000000005,-5.73143,0.8410924415024891,0.5639181114394239
-5.2974630000000005,-5.813731,0.8410924415024891,0.5639181114394239
-5.2974630000000005,-5.212189,0.8410924415024891,0.5639181114394239
-5.2974630000000005,-4.673475,0.8410924415024891,0.5639181114394239
-5.2974630000000005,-4.637914,0.8410924415024891,0.5639181114394239
-4.3632505,-4.68483,0.8410924415024891,0.5639181114394239
-4.3632505,-3.817899,0.8410924415024891,0.5639181114394239
-7.1867345,-7.556632,0.8410924415024891,0.5639181114394239
-7.1867345,-7.56501,0.8410924415024891,0.5639181114394239
-7.1867345,-6.420159,0.8410924415024891,0.5639181114394239
-7.1867345,-6.614888,0.8410924415024891,0.5639181114394239
-5.856008,-6.432304,0.8410924415024891,0.5639181114394239
-5.856008,-6.61819,0.8410924415024891,0.5639181114394239
-5.856008,-6.425698,0.8410924415024891,0.5639181114394239
-5.856008,-6.619562,0.8410924415024891,0.5639181114394239
-5.856008,-6.283578,0.8410924415024891,0.5639181114394239
-5.1208295,-5.914959,0.8410924415024891,0.5639181114394239
-5.1208295,-5.26025,0.8410924415024891,0.5639181114394239
-5.1208295,-4.853142,0.8410924415024891,0.5639181114394239
-5.1208295,-4.516978,0.8410924415024891,0.5639181114394239
-5.1208295,-4.216912,0.8410924415024891,0.5639181114394239
-4.5116495,-5.543304,0.8410924415024891,0.5639181114394239
-4.5116495,-5.208131,0.8410924415024891,0.5639181114394239
-4.5116495,-4.056968,0.8410924415024891,0.5639181114394239
-4.5116495,-3.257472,0.8410924415024891,0.5639181114394239
-4.5116495,-2.941647,0.8410924415024891,0.5639181114394239
-4.443997,-6.141018,0.8410924415024891,0.5639181114394239
-4.443997,-5.569058,0.8410924415024891,0.5639181114394239
-4.443997,-4.796477,0.8410924415024891,0.5639181114394239
-4.443997,-4.111994,0.8410924415024891,0.5639181114394239
-4.443997,-3.218791,0.8410924415024891,0.5639181114394239
-3.0748215,-3.720763,0.8410924415024891,0.5639181114394239
-3.0748215,-1.880013,0.8410924415024891,0.5639181114394239
-3.0748215,-1.030128,0.8410924415024891,0.5639181114394239
-4.950074,-5.807112,0.8410924415024891,0.5639181114394239
-4.950074,-5.520202,0.8410924415024891,0.5639181114394239
-4.950074,-5.053992,0.8410924415024891,0.5639181114394239
-3.1052660000000003,-3.779598,0.8410924415024891,0.5639181114394239
-3.1052660000000003,-1.220569,0.8410924415024891,0.5639181114394239
-3.114821,-3.805851,0.8410924415024891,0.5639181114394239
-3.114821,-1.470966,0.8410924415024891,0.5639181114394239
-3.114821,-0.708058,0.8410924415024891,0.5639181114394239
-5.003890999999999,-5.474619,0.8410924415024891,0.5639181114394239
-5.003890999999999,-5.25234,0.8410924415024891,0.5639181114394239
-5.003890999999999,-4.827876,0.8410924415024891,0.5639181114394239
-5.562436,-5.972791,0.8410924415024891,0.5639181114394239
-5.562436,-5.761248,0.8410924415024891,0.5639181114394239
-5.562436,-5.662708,0.8410924415024891,0.5639181114394239
-5.562436,-6.109877,0.8410924415024891,0.5639181114394239
-5.562436,-6.618739,0.8410924415024891,0.5639181114394239
-4.8272575,-5.054301,0.8410924415024891,0.5639181114394239
-4.8272575,-4.833139,0.8410924415024891,0.5639181114394239
-4.8272575,-4.677156,0.8410924415024891,0.5639181114394239
-4.8272575,-4.396999,0.8410924415024891,0.5639181114394239
-4.8272575,-4.133254,0.8410924415024891,0.5639181114394239
-4.2180775,-5.515601,0.8410924415024891,0.5639181114394239
-4.2180775,-4.583799,0.8410924415024891,0.5639181114394239
-4.2180775,-4.134568,0.8410924415024891,0.5639181114394239
-4.2180775,-3.621923,0.8410924415024891,0.5639181114394239
-4.2180775,-3.006205,0.8410924415024891,0.5639181114394239
-5.498729,-5.942449,0.8410924415024891,0.5639181114394239
-5.498729,-6.091924,0.8410924415024891,0.5639181114394239
-5.498729,-5.695253,0.8410924415024891,0.5639181114394239
-5.498729,-5.993552,0.8410924415024891,0.5639181114394239
-5.498729,-5.993271,0.8410924415024891,0.5639181114394239
-2.7812495,-3.550265,0.8410924415024891,0.5639181114394239
-2.7812495,-2.698801,0.8410924415024891,0.5639181114394239
-2.7812495,-0.388917,0.8410924415024891,0.5639181114394239
-2.7812495,-0.190676,0.8410924415024891,0.5639181114394239
-4.656502,-5.735722,0.8410924415024891,0.5639181114394239
-4.656502,-5.421036,0.8410924415024891,0.5639181114394239
-4.656502,-5.055451,0.8410924415024891,0.5639181114394239
-4.656502,-4.852414,0.8410924415024891,0.5639181114394239
-4.656502,-4.956458,0.8410924415024891,0.5639181114394239
-2.811694,-2.836056,0.8410924415024891,0.5639181114394239
-2.821249,-3.260468,0.8410924415024891,0.5639181114394239
-2.821249,-0.906135,0.8410924415024891,0.5639181114394239
-4.629571,-5.101366,0.8410924415024891,0.5639181114394239
-4.629571,-4.947374,0.8410924415024891,0.5639181114394239
-4.629571,-4.683926,0.8410924415024891,0.5639181114394239
-4.629571,-4.687375,0.8410924415024891,0.5639181114394239
-4.629571,-4.645348,0.8410924415024891,0.5639181114394239
-3.6953585,-5.201581,0.8410924415024891,0.5639181114394239
-3.6953585,-4.214225,0.8410924415024891,0.5639181114394239
-3.6953585,-3.774975,0.8410924415024891,0.5639181114394239
-3.6953585,-3.382374,0.8410924415024891,0.5639181114394239
-6.5188425,-5.303888,0.8410924415024891,0.5639181114394239
-4.4529375,-4.516223,0.8410924415024891,0.5639181114394239
-4.4529375,-4.365125,0.8410924415024891,0.5639181114394239
-4.4529375,-4.303583,0.8410924415024891,0.5639181114394239
-4.4529375,-4.161225,0.8410924415024891,0.5639181114394239
-4.4529375,-4.149346,0.8410924415024891,0.5639181114394239
-2.4069295,-3.919441,0.8410924415024891,0.5639181114394239
-2.4069295,-2.352785,0.8410924415024891,0.5639181114394239
-2.4069295,-0.384517,0.8410924415024891,0.5639181114394239
-4.282182,-5.442815,0.8410924415024891,0.5639181114394239
-4.282182,-5.108951,0.8410924415024891,0.5639181114394239
-4.282182,-4.669255,0.8410924415024891,0.5639181114394239
-4.282182,-4.613027,0.8410924415024891,0.5639181114394239
-2.437374,-3.393097,0.8410924415024891,0.5639181114394239
-2.437374,-2.713408,0.8410924415024891,0.5639181114394239
-2.437374,-1.3278,0.8410924415024891,0.5639181114394239
-2.437374,-0.64316,0.8410924415024891,0.5639181114394239
-2.446929,-3.669833,0.8410924415024891,0.5639181114394239
-3.999052,-4.985549,0.8410924415024891,0.5639181114394239
-3.999052,-4.815176,0.8410924415024891,0.5639181114394239
-3.999052,-5.171045,0.8410924415024891,0.5639181114394239
-3.999052,-4.736625,0.8410924415024891,0.5639181114394239
-3.999052,-4.496607,0.8410924415024891,0.5639181114394239
-3.0648394999999997,-4.621019,0.8410924415024891,0.5639181114394239
-3.0648394999999997,-4.599395,0.8410924415024891,0.5639181114394239
-3.0648394999999997,-4.145329,0.8410924415024891,0.5639181114394239
-3.0648394999999997,-3.800215,0.8410924415024891,0.5639181114394239
-3.0648394999999997,-3.780001,0.8410924415024891,0.5639181114394239
-5.8883235,-4.622674,0.8410924415024891,0.5639181114394239
-5.8883235,-7.152542,0.8410924415024891,0.5639181114394239
-4.5575969999999995,-4.972574,0.8410924415024891,0.5639181114394239
-4.5575969999999995,-5.328151,0.8410924415024891,0.5639181114394239
-4.5575969999999995,-5.513336,0.8410924415024891,0.5639181114394239
-4.5575969999999995,-6.003634,0.8410924415024891,0.5639181114394239
-4.5575969999999995,-6.436138,0.8410924415024891,0.5639181114394239
-3.8224185,-4.891802,0.8410924415024891,0.5639181114394239
-3.8224185,-4.584174,0.8410924415024891,0.5639181114394239
-3.8224185,-4.540458,0.8410924415024891,0.5639181114394239
-3.8224185,-4.465337,0.8410924415024891,0.5639181114394239
-3.8224185,-4.242346,0.8410924415024891,0.5639181114394239
-3.2132385,-4.799749,0.8410924415024891,0.5639181114394239
-3.2132385,-4.767495,0.8410924415024891,0.5639181114394239
-3.2132385,-4.044532,0.8410924415024891,0.5639181114394239
-3.2132385,-3.214602,0.8410924415024891,0.5639181114394239
-3.2132385,-2.941485,0.8410924415024891,0.5639181114394239
-4.49389,-4.859649,0.8410924415024891,0.5639181114394239
-4.49389,-5.438438,0.8410924415024891,0.5639181114394239
-4.49389,-6.11157,0.8410924415024891,0.5639181114394239
-4.4934325,-5.374787,0.8410924415024891,0.5639181114394239
-4.4934325,-5.523177,0.8410924415024891,0.5639181114394239
-4.4934325,-5.978522,0.8410924415024891,0.5639181114394239
-4.4934325,-5.627837,0.8410924415024891,0.5639181114394239
-4.4934325,-5.56354,0.8410924415024891,0.5639181114394239
-3.1455859999999998,-5.526341,0.8410924415024891,0.5639181114394239
-3.1455859999999998,-5.889465,0.8410924415024891,0.5639181114394239
-3.1455859999999998,-5.187181,0.8410924415024891,0.5639181114394239
-3.1455859999999998,-4.497609,0.8410924415024891,0.5639181114394239
-3.1455859999999998,-3.581587,0.8410924415024891,0.5639181114394239
-1.7764105,-2.978373,0.8410924415024891,0.5639181114394239
-1.7764105,-0.142689,0.8410924415024891,0.5639181114394239
-3.651663,-4.323718,0.8410924415024891,0.5639181114394239
-3.651663,-5.005466,0.8410924415024891,0.5639181114394239
-3.651663,-4.144152,0.8410924415024891,0.5639181114394239
-3.651663,-4.875404,0.8410924415024891,0.5639181114394239
-3.651663,-4.80075,0.8410924415024891,0.5639181114394239
-1.8068549999999999,-3.133491,0.8410924415024891,0.5639181114394239
-1.8068549999999999,-2.556724,0.8410924415024891,0.5639181114394239
-1.8164099999999999,-3.305782,0.8410924415024891,0.5639181114394239
-6.854008,-7.163148,0.8410924415024891,0.5639181114394239
-5.5232814999999995,-5.497209,0.8410924415024891,0.5639181114394239
-5.5232814999999995,-5.078198,0.8410924415024891,0.5639181114394239
-5.5232814999999995,-6.145388,0.8410924415024891,0.5639181114394239
-4.7881029999999996,-4.421474,0.8410924415024891,0.5639181114394239
-4.178923,-4.489404,0.8410924415024891,0.5639181114394239
-4.178923,-3.651856,0.8410924415024891,0.5639181114394239
-4.178923,-2.123699,0.8410924415024891,0.5639181114394239
-5.4595745,-5.955399,0.8410924415024891,0.5639181114394239
-4.1112705,-5.090537,0.8410924415024891,0.5639181114394239
-4.1112705,-4.492676,0.8410924415024891,0.5639181114394239
-4.1112705,-3.79339,0.8410924415024891,0.5639181114394239
-4.1112705,-3.433273,0.8410924415024891,0.5639181114394239
-4.1112705,-2.957046,0.8410924415024891,0.5639181114394239
-2.742095,-4.716993,0.8410924415024891,0.5639181114394239
-2.742095,-3.23172,0.8410924415024891,0.5639181114394239
-4.6173475,-5.565846,0.8410924415024891,0.5639181114394239
-4.6173475,-5.279995,0.8410924415024891,0.5639181114394239
-4.6173475,-4.91646,0.8410924415024891,0.5639181114394239
-2.7820945,-3.422149,0.8410924415024891,0.5639181114394239
-2.7820945,-2.800013,0.8410924415024891,0.5639181114394239
-2.7820945,-0.158473,0.8410924415024891,0.5639181114394239
-3.6431864999999997,-4.505568,0.8410924415024891,0.5639181114394239
-3.6431864999999997,-4.131699,0.8410924415024891,0.5639181114394239
-3.6431864999999997,-4.113842,0.8410924415024891,0.5639181114394239
-3.6431864999999997,-3.655868,0.8410924415024891,0.5639181114394239
-3.6431864999999997,-3.527267,0.8410924415024891,0.5639181114394239
-6.4666705,-4.607395,0.8410924415024891,0.5639181114394239
-6.4666705,-4.95248,0.8410924415024891,0.5639181114394239
-6.4666705,-5.538941,0.8410924415024891,0.5639181114394239
-6.4666705,-6.855756,0.8410924415024891,0.5639181114394239
-5.135944,-4.525139,0.8410924415024891,0.5639181114394239
-5.135944,-5.136514,0.8410924415024891,0.5639181114394239
-5.135944,-5.373779,0.8410924415024891,0.5639181114394239
-5.135944,-5.628636,0.8410924415024891,0.5639181114394239
-4.4007655,-4.551382,0.8410924415024891,0.5639181114394239
-4.4007655,-4.367573,0.8410924415024891,0.5639181114394239
-4.4007655,-4.348001,0.8410924415024891,0.5639181114394239
-4.4007655,-4.291687,0.8410924415024891,0.5639181114394239
-4.4007655,-4.312725,0.8410924415024891,0.5639181114394239
-3.7915855,-4.345895,0.8410924415024891,0.5639181114394239
-3.7915855,-3.957608,0.8410924415024891,0.5639181114394239
-3.7915855,-3.499056,0.8410924415024891,0.5639181114394239
-3.7915855,-2.656844,0.8410924415024891,0.5639181114394239
-5.0717795,-4.401021,0.8410924415024891,0.5639181114394239
-5.0717795,-4.649692,0.8410924415024891,0.5639181114394239
-5.0717795,-4.844622,0.8410924415024891,0.5639181114394239
-5.0717795,-5.307061,0.8410924415024891,0.5639181114394239
-5.0717795,-5.435947,0.8410924415024891,0.5639181114394239
-3.7239329999999997,-4.704349,0.8410924415024891,0.5639181114394239
-3.7239329999999997,-4.304112,0.8410924415024891,0.5639181114394239
-3.7239329999999997,-3.839839,0.8410924415024891,0.5639181114394239
-3.7239329999999997,-3.151135,0.8410924415024891,0.5639181114394239
-3.7239329999999997,-2.926225,0.8410924415024891,0.5639181114394239
-2.3124715,-4.350273,0.8410924415024891,0.5639181114394239
-2.3124715,-4.744485,0.8410924415024891,0.5639181114394239
-2.3124715,-4.226235,0.8410924415024891,0.5639181114394239
-2.3124715,-2.941214,0.8410924415024891,0.5639181114394239
-2.3124715,-2.735454,0.8410924415024891,0.5639181114394239
-2.3547575,-4.6257,0.8410924415024891,0.5639181114394239
-2.3547575,-3.050986,0.8410924415024891,0.5639181114394239
-4.23001,-4.503356,0.8410924415024891,0.5639181114394239
-4.23001,-4.461521,0.8410924415024891,0.5639181114394239
-4.23001,-4.600711,0.8410924415024891,0.5639181114394239
-4.23001,-4.602238,0.8410924415024891,0.5639181114394239
-4.23001,-4.565294,0.8410924415024891,0.5639181114394239
-2.385202,-3.570072,0.8410924415024891,0.5639181114394239
-2.385202,-0.856936,0.8410924415024891,0.5639181114394239
-2.394757,-3.569065,0.8410924415024891,0.5639181114394239
-2.394757,-0.223768,0.8410924415024891,0.5639181114394239
-5.532458,-3.45211,0.8410924415024891,0.5639181114394239
-5.532458,-6.27949,0.8410924415024891,0.5639181114394239
-4.2017315,-3.619044,0.8410924415024891,0.5639181114394239
-4.2017315,-5.01392,0.8410924415024891,0.5639181114394239
-3.466553,-3.258954,0.8410924415024891,0.5639181114394239
-3.466553,-3.539997,0.8410924415024891,0.5639181114394239
-3.466553,-3.61628,0.8410924415024891,0.5639181114394239
-3.466553,-3.746283,0.8410924415024891,0.5639181114394239
-2.857373,-3.395327,0.8410924415024891,0.5639181114394239
-2.857373,-2.943898,0.8410924415024891,0.5639181114394239
-2.857373,-2.98309,0.8410924415024891,0.5639181114394239
-2.857373,-2.695677,0.8410924415024891,0.5639181114394239
-2.857373,-2.501313,0.8410924415024891,0.5639181114394239
-4.137567,-3.562566,0.8410924415024891,0.5639181114394239
-4.137567,-3.643451,0.8410924415024891,0.5639181114394239
-4.137567,-3.838131,0.8410924415024891,0.5639181114394239
-4.137567,-4.881917,0.8410924415024891,0.5639181114394239
-4.137567,-5.096578,0.8410924415024891,0.5639181114394239
-2.7897205,-3.465233,0.8410924415024891,0.5639181114394239
-2.7897205,-3.514777,0.8410924415024891,0.5639181114394239
-2.7897205,-3.747529,0.8410924415024891,0.5639181114394239
-2.7897205,-3.127208,0.8410924415024891,0.5639181114394239
-2.7897205,-3.134117,0.8410924415024891,0.5639181114394239
-1.378259,-3.451887,0.8410924415024891,0.5639181114394239
-1.378259,-3.467156,0.8410924415024891,0.5639181114394239
-1.378259,-3.448844,0.8410924415024891,0.5639181114394239
-1.378259,-2.7504,0.8410924415024891,0.5639181114394239
-1.378259,-2.148823,0.8410924415024891,0.5639181114394239
-1.420545,-3.010936,0.8410924415024891,0.5639181114394239
-1.420545,-2.215204,0.8410924415024891,0.5639181114394239
-3.2957975,-3.420335,0.8410924415024891,0.5639181114394239
-3.2957975,-3.641113,0.8410924415024891,0.5639181114394239
-3.2957975,-3.800912,0.8410924415024891,0.5639181114394239
-3.2957975,-4.231097,0.8410924415024891,0.5639181114394239
-3.2957975,-4.378822,0.8410924415024891,0.5639181114394239
-1.4509895,-2.712501,0.8410924415024891,0.5639181114394239
-1.4605445,-2.80373,0.8410924415024891,0.5639181114394239
-7.0252155,-7.588101,0.8410924415024891,0.5639181114394239
-7.0252155,-7.587014,0.8410924415024891,0.5639181114394239
-7.0252155,-6.441317,0.8410924415024891,0.5639181114394239
-7.0252155,-5.919327,0.8410924415024891,0.5639181114394239
-7.0252155,-6.02813,0.8410924415024891,0.5639181114394239
-6.290037,-6.624214,0.8410924415024891,0.5639181114394239
-6.290037,-5.669335,0.8410924415024891,0.5639181114394239
-6.290037,-5.078484,0.8410924415024891,0.5639181114394239
-5.6808570000000005,-5.813531,0.8410924415024891,0.5639181114394239
-5.6808570000000005,-4.75655,0.8410924415024891,0.5639181114394239
-5.6808570000000005,-3.10651,0.8410924415024891,0.5639181114394239
-6.961508500000001,-7.155545,0.8410924415024891,0.5639181114394239
-6.961508500000001,-6.092787,0.8410924415024891,0.5639181114394239
-6.961051,-7.149531,0.8410924415024891,0.5639181114394239
-6.961051,-6.263247,0.8410924415024891,0.5639181114394239
-6.961051,-5.941857,0.8410924415024891,0.5639181114394239
-6.961051,-5.889465,0.8410924415024891,0.5639181114394239
-5.6132045,-5.348374,0.8410924415024891,0.5639181114394239
-5.6132045,-4.727809,0.8410924415024891,0.5639181114394239
-4.2017430000000004,-6.622028,0.8410924415024891,0.5639181114394239
-4.2017430000000004,-5.205025,0.8410924415024891,0.5639181114394239
-4.244029,-5.317876,0.8410924415024891,0.5639181114394239
-4.244029,-3.781086,0.8410924415024891,0.5639181114394239
-4.244029,-1.131965,0.8410924415024891,0.5639181114394239
-6.1192815000000005,-6.620111,0.8410924415024891,0.5639181114394239
-4.2744735,-4.731809,0.8410924415024891,0.5639181114394239
-4.2744735,-1.112783,0.8410924415024891,0.5639181114394239
-4.2744735,-0.754442,0.8410924415024891,0.5639181114394239
-4.284028500000001,-4.474043,0.8410924415024891,0.5639181114394239
-4.284028500000001,-1.290049,0.8410924415024891,0.5639181114394239
-4.9593105,-6.284937,0.8410924415024891,0.5639181114394239
-4.9593105,-5.562325,0.8410924415024891,0.5639181114394239
-4.9593105,-4.857483,0.8410924415024891,0.5639181114394239
-4.9593105,-4.504239,0.8410924415024891,0.5639181114394239
-4.3501305,-5.653153,0.8410924415024891,0.5639181114394239
-4.3501305,-3.889049,0.8410924415024891,0.5639181114394239
-4.3501305,-3.220104,0.8410924415024891,0.5639181114394239
-4.3501305,-2.724347,0.8410924415024891,0.5639181114394239
-5.630782,-6.138823,0.8410924415024891,0.5639181114394239
-5.630782,-5.983368,0.8410924415024891,0.5639181114394239
-5.630782,-5.608358,0.8410924415024891,0.5639181114394239
-5.630782,-6.254885,0.8410924415024891,0.5639181114394239
-5.630782,-5.706244,0.8410924415024891,0.5639181114394239
-5.6303245,-6.141018,0.8410924415024891,0.5639181114394239
-5.6303245,-6.131666,0.8410924415024891,0.5639181114394239
-5.6303245,-5.557992,0.8410924415024891,0.5639181114394239
-5.6303245,-5.902293,0.8410924415024891,0.5639181114394239
-5.6303245,-6.018568,0.8410924415024891,0.5639181114394239
-4.282478,-5.556589,0.8410924415024891,0.5639181114394239
-4.282478,-4.32395,0.8410924415024891,0.5639181114394239
-4.282478,-2.934097,0.8410924415024891,0.5639181114394239
-4.282478,-2.72536,0.8410924415024891,0.5639181114394239
-2.8710165,-5.738239,0.8410924415024891,0.5639181114394239
-2.8710165,-4.858266,0.8410924415024891,0.5639181114394239
-2.8710165,-2.625888,0.8410924415024891,0.5639181114394239
-2.9133025,-4.503042,0.8410924415024891,0.5639181114394239
-2.9133025,-3.513288,0.8410924415024891,0.5639181114394239
-2.9133025,-0.450771,0.8410924415024891,0.5639181114394239
-4.788555,-5.733614,0.8410924415024891,0.5639181114394239
-4.788555,-4.653311,0.8410924415024891,0.5639181114394239
-4.788555,-4.587174,0.8410924415024891,0.5639181114394239
-2.943747,-3.956318,0.8410924415024891,0.5639181114394239
-2.943747,-1.217088,0.8410924415024891,0.5639181114394239
-2.943747,-0.797968,0.8410924415024891,0.5639181114394239
-2.953302,-4.171151,0.8410924415024891,0.5639181114394239
-3.6149519999999997,-4.119316,0.8410924415024891,0.5639181114394239
-3.6149519999999997,-3.251239,0.8410924415024891,0.5639181114394239
-3.6149519999999997,-2.775059,0.8410924415024891,0.5639181114394239
-4.8956035,-4.198578,0.8410924415024891,0.5639181114394239
-4.8956035,-4.256527,0.8410924415024891,0.5639181114394239
-4.8956035,-4.461216,0.8410924415024891,0.5639181114394239
-4.8956035,-4.943894,0.8410924415024891,0.5639181114394239
-4.8956035,-5.705964,0.8410924415024891,0.5639181114394239
-4.895146,-4.042548,0.8410924415024891,0.5639181114394239
-4.895146,-4.38959,0.8410924415024891,0.5639181114394239
-4.895146,-4.569605,0.8410924415024891,0.5639181114394239
-4.895146,-5.195134,0.8410924415024891,0.5639181114394239
-4.895146,-5.718501,0.8410924415024891,0.5639181114394239
-3.5472995000000003,-3.687592,0.8410924415024891,0.5639181114394239
-3.5472995000000003,-3.71583,0.8410924415024891,0.5639181114394239
-3.5472995000000003,-3.024444,0.8410924415024891,0.5639181114394239
-3.5472995000000003,-3.162313,0.8410924415024891,0.5639181114394239
-3.5472995000000003,-2.843331,0.8410924415024891,0.5639181114394239
-2.135838,-4.017249,0.8410924415024891,0.5639181114394239
-2.135838,-4.313568,0.8410924415024891,0.5639181114394239
-2.135838,-2.512268,0.8410924415024891,0.5639181114394239
-2.135838,-2.454541,0.8410924415024891,0.5639181114394239
-2.178124,-3.970645,0.8410924415024891,0.5639181114394239
-2.178124,-2.93057,0.8410924415024891,0.5639181114394239
-4.0533765,-4.003081,0.8410924415024891,0.5639181114394239
-4.0533765,-4.186305,0.8410924415024891,0.5639181114394239
-4.0533765,-4.155543,0.8410924415024891,0.5639181114394239
-4.0533765,-4.125518,0.8410924415024891,0.5639181114394239
-4.0533765,-4.51274,0.8410924415024891,0.5639181114394239
-2.2085685,-0.843547,0.8410924415024891,0.5639181114394239
-2.2181235,-3.257986,0.8410924415024891,0.5639181114394239
-2.2181235,-0.134085,0.8410924415024891,0.5639181114394239
-4.2864235,-2.723955,0.8410924415024891,0.5639181114394239
-4.2864235,-3.031952,0.8410924415024891,0.5639181114394239
-4.2864235,-4.346655,0.8410924415024891,0.5639181114394239
-4.2864235,-4.851967,0.8410924415024891,0.5639181114394239
-4.285966,-2.911813,0.8410924415024891,0.5639181114394239
-4.285966,-3.173086,0.8410924415024891,0.5639181114394239
-4.285966,-3.759618,0.8410924415024891,0.5639181114394239
-4.285966,-4.260423,0.8410924415024891,0.5639181114394239
-4.285966,-4.936758,0.8410924415024891,0.5639181114394239
-2.9381195,-2.431325,0.8410924415024891,0.5639181114394239
-2.9381195,-2.302148,0.8410924415024891,0.5639181114394239
-2.9381195,-2.403682,0.8410924415024891,0.5639181114394239
-2.9381195,-2.541588,0.8410924415024891,0.5639181114394239
-1.5266579999999998,-2.979089,0.8410924415024891,0.5639181114394239
-1.5266579999999998,-3.382144,0.8410924415024891,0.5639181114394239
-1.5266579999999998,-3.803008,0.8410924415024891,0.5639181114394239
-1.5266579999999998,-3.151313,0.8410924415024891,0.5639181114394239
-1.5266579999999998,-2.852349,0.8410924415024891,0.5639181114394239
-1.568944,-3.544425,0.8410924415024891,0.5639181114394239
-1.568944,-3.462515,0.8410924415024891,0.5639181114394239
-3.4441965,-2.76323,0.8410924415024891,0.5639181114394239
-3.4441965,-3.071021,0.8410924415024891,0.5639181114394239
-3.4441965,-3.621936,0.8410924415024891,0.5639181114394239
-3.4441965,-4.087979,0.8410924415024891,0.5639181114394239
-3.4441965,-4.390792,0.8410924415024891,0.5639181114394239
-1.5993884999999999,-2.078882,0.8410924415024891,0.5639181114394239
-1.6089434999999999,-2.159563,0.8410924415024891,0.5639181114394239
-1.6089434999999999,-1.71114,0.8410924415024891,0.5639181114394239
-1.6089434999999999,-0.138916,0.8410924415024891,0.5639181114394239
-5.5666174999999996,-5.623635,0.8410924415024891,0.5639181114394239
-5.5666174999999996,-5.472361,0.8410924415024891,0.5639181114394239
-5.5666174999999996,-5.546803,0.8410924415024891,0.5639181114394239
-5.5666174999999996,-5.633413,0.8410924415024891,0.5639181114394239
-5.5666174999999996,-6.014993,0.8410924415024891,0.5639181114394239
-4.218771,-4.891188,0.8410924415024891,0.5639181114394239
-4.218771,-4.014826,0.8410924415024891,0.5639181114394239
-4.218771,-3.44942,0.8410924415024891,0.5639181114394239
-2.8495955,-4.087795,0.8410924415024891,0.5639181114394239
-2.8495955,-2.892316,0.8410924415024891,0.5639181114394239
-2.8495955,-0.137543,0.8410924415024891,0.5639181114394239
-4.724848,-5.352599,0.8410924415024891,0.5639181114394239
-4.724848,-5.276855,0.8410924415024891,0.5639181114394239
-4.724848,-4.619682,0.8410924415024891,0.5639181114394239
-4.724848,-4.501094,0.8410924415024891,0.5639181114394239
-2.889595,-3.578181,0.8410924415024891,0.5639181114394239
-4.2183135,-5.25585,0.8410924415024891,0.5639181114394239
-4.2183135,-4.793398,0.8410924415024891,0.5639181114394239
-4.2183135,-3.884279,0.8410924415024891,0.5639181114394239
-4.2183135,-3.462243,0.8410924415024891,0.5639181114394239
-4.2183135,-2.948353,0.8410924415024891,0.5639181114394239
-2.806852,-5.724574,0.8410924415024891,0.5639181114394239
-2.806852,-5.610067,0.8410924415024891,0.5639181114394239
-2.806852,-4.046415,0.8410924415024891,0.5639181114394239
-2.806852,-3.260218,0.8410924415024891,0.5639181114394239
-2.806852,-2.028588,0.8410924415024891,0.5639181114394239
-2.849138,-4.99041,0.8410924415024891,0.5639181114394239
-2.849138,-3.141879,0.8410924415024891,0.5639181114394239
-2.849138,-0.092992,0.8410924415024891,0.5639181114394239
-4.7243905,-5.710719,0.8410924415024891,0.5639181114394239
-4.7243905,-5.291334,0.8410924415024891,0.5639181114394239
-4.7243905,-5.46413,0.8410924415024891,0.5639181114394239
-4.7243905,-4.870563,0.8410924415024891,0.5639181114394239
-4.7243905,-4.762122,0.8410924415024891,0.5639181114394239
-2.8795825,-3.547751,0.8410924415024891,0.5639181114394239
-2.8795825,-3.112528,0.8410924415024891,0.5639181114394239
-2.8795825,-1.082496,0.8410924415024891,0.5639181114394239
-2.8795825,-0.492003,0.8410924415024891,0.5639181114394239
-2.8891375,-3.782844,0.8410924415024891,0.5639181114394239
-1.4590055,-2.954063,0.8410924415024891,0.5639181114394239
-1.4590055,-3.870981,0.8410924415024891,0.5639181114394239
-1.4590055,-4.942778,0.8410924415024891,0.5639181114394239
-1.4590055,-3.279372,0.8410924415024891,0.5639181114394239
-1.4590055,-2.725895,0.8410924415024891,0.5639181114394239
-1.5012915,-4.220374,0.8410924415024891,0.5639181114394239
-1.5012915,-3.597061,0.8410924415024891,0.5639181114394239
-3.376544,-2.996828,0.8410924415024891,0.5639181114394239
-3.376544,-3.708734,0.8410924415024891,0.5639181114394239
-3.376544,-4.606146,0.8410924415024891,0.5639181114394239
-3.376544,-5.193071,0.8410924415024891,0.5639181114394239
-3.376544,-4.95924,0.8410924415024891,0.5639181114394239
-1.531736,-2.253375,0.8410924415024891,0.5639181114394239
-1.531736,0.0,0.8410924415024891,0.5639181114394239
-1.541291,-2.21885,0.8410924415024891,0.5639181114394239
-0.08983000000000001,-1.554497,0.8410924415024891,0.5639181114394239
-0.08983000000000001,-1.30446,0.8410924415024891,0.5639181114394239
-0.08983000000000001,-0.24816,0.8410924415024891,0.5639181114394239
-0.08983000000000001,-0.081923,0.8410924415024891,0.5639181114394239
-0.1202745,-2.111578,0.8410924415024891,0.5639181114394239
-0.1202745,-2.173103,0.8410924415024891,0.5639181114394239
-0.1298295,-1.826387,0.8410924415024891,0.5639181114394239
-2.0073685,-0.109544,0.8410924415024891,0.5639181114394239
-2.0073685,-1.749597,0.8410924415024891,0.5639181114394239
-2.0073685,-3.095903,0.8410924415024891,0.5639181114394239
-0.1721155,-0.120007,0.8410924415024891,0.5639181114394239
-0.1721155,-0.185005,0.8410924415024891,0.5639181114394239
-2.037813,-3.38606,0.8410924415024891,0.5639181114394239
-2.037813,-0.8907,0.8410924415024891,0.5639181114394239
-2.047368,-3.388447,0.8410924415024891,0.5639181114394239
-2.047368,-1.315828,0.8410924415024891,0.5639181114394239
-0.20256000000000002,-0.115142,0.8410924415024891,0.5639181114394239
-7.094414,-7.159897,0.8410924415024891,0.5639181114394239
-4.7646985,-6.137178,0.8410924415024891,0.5639181114394239
-4.7646985,-5.368756,0.8410924415024891,0.5639181114394239
-4.7646985,-4.464029,0.8410924415024891,0.5639181114394239
-5.570678,-6.273464,0.8410924415024891,0.5639181114394239
-5.570678,-6.431206,0.8410924415024891,0.5639181114394239
-5.570678,-5.549051,0.8410924415024891,0.5639181114394239
-5.980035,-6.018843,0.8410924415024891,0.5639181114394239
-5.980035,-6.277303,0.8410924415024891,0.5639181114394239
-5.980035,-6.277577,0.8410924415024891,0.5639181114394239
-4.681623999999999,-6.261858,0.8410924415024891,0.5639181114394239
-4.681623999999999,-4.989513,0.8410924415024891,0.5639181114394239
-5.7543515,-6.018568,0.8410924415024891,0.5639181114394239
-5.7543515,-5.725949,0.8410924415024891,0.5639181114394239
-5.7543515,-5.908646,0.8410924415024891,0.5639181114394239
-2.9950435,-4.137483,0.8410924415024891,0.5639181114394239
-4.4515115000000005,-5.086171,0.8410924415024891,0.5639181114394239
-4.4515115000000005,-4.997791,0.8410924415024891,0.5639181114394239
-4.4515115000000005,-4.595785,0.8410924415024891,0.5639181114394239
-5.873864,-5.482765,0.8410924415024891,0.5639181114394239
-5.287632,-5.338743,0.8410924415024891,0.5639181114394239
-5.287632,-5.836736,0.8410924415024891,0.5639181114394239
-5.287632,-5.735722,0.8410924415024891,0.5639181114394239
-5.5745275,-5.858973,0.8410924415024891,0.5639181114394239
-5.5745275,-5.670645,0.8410924415024891,0.5639181114394239
-3.725631,-5.688251,0.8410924415024891,0.5639181114394239
-5.666848,-6.006138,0.8410924415024891,0.5639181114394239
-5.666848,-6.278124,0.8410924415024891,0.5639181114394239
-5.666848,-6.142112,0.8410924415024891,0.5639181114394239
-5.373276000000001,-6.249835,0.8410924415024891,0.5639181114394239
-5.3341215,-5.256925,0.8410924415024891,0.5639181114394239
-5.3341215,-5.711659,0.8410924415024891,0.5639181114394239
-2.6818565000000003,-5.992144,0.8410924415024891,0.5639181114394239
-2.6818565000000003,-4.384524,0.8410924415024891,0.5639181114394239
-2.6818565000000003,-3.233277,0.8410924415024891,0.5639181114394239
-5.0092065,-4.89426,0.8410924415024891,0.5639181114394239
-4.3928335,-4.31609,0.8410924415024891,0.5639181114394239
-4.3928335,-5.273991,0.8410924415024891,0.5639181114394239
-4.3928335,-4.98268,0.8410924415024891,0.5639181114394239
-3.96919,-4.262261,0.8410924415024891,0.5639181114394239
-3.96919,-4.320417,0.8410924415024891,0.5639181114394239
-3.96919,-5.161826,0.8410924415024891,0.5639181114394239
-4.5086185,-4.98898,0.8410924415024891,0.5639181114394239
-3.5037795000000003,-4.55753,0.8410924415024891,0.5639181114394239
-3.5037795000000003,-4.552236,0.8410924415024891,0.5639181114394239
-3.5037795000000003,-4.683174,0.8410924415024891,0.5639181114394239
-4.5769645,-4.888108,0.8410924415024891,0.5639181114394239
-4.576507,-4.334235,0.8410924415024891,0.5639181114394239
-4.576507,-5.055207,0.8410924415024891,0.5639181114394239
-4.576507,-5.159769,0.8410924415024891,0.5639181114394239
-1.817199,-3.896567,0.8410924415024891,0.5639181114394239
-1.817199,-3.526031,0.8410924415024891,0.5639181114394239
-1.817199,-2.970128,0.8410924415024891,0.5639181114394239
-5.9805075,-6.277029,0.8410924415024891,0.5639181114394239
-5.9805075,-5.914138,0.8410924415024891,0.5639181114394239
-5.9805075,-6.017195,0.8410924415024891,0.5639181114394239
-4.9395240000000005,-4.903586,0.8410924415024891,0.5639181114394239
-4.9395240000000005,-3.982815,0.8410924415024891,0.5639181114394239
-4.9395240000000005,-3.401577,0.8410924415024891,0.5639181114394239
-5.815186000000001,-6.119992,0.8410924415024891,0.5639181114394239
-6.224543000000001,-6.269059,0.8410924415024891,0.5639181114394239
-5.9309709999999995,-6.201717,0.8410924415024891,0.5639181114394239
-7.3937505,-6.814285,0.8410924415024891,0.5639181114394239
-7.3937505,-6.838985,0.8410924415024891,0.5639181114394239
-5.999317,-6.240508,0.8410924415024891,0.5639181114394239
-5.9988595,-6.843411,0.8410924415024891,0.5639181114394239
-5.9988595,-6.011405,0.8410924415024891,0.5639181114394239
-5.9988595,-6.271539,0.8410924415024891,0.5639181114394239
-4.651013,-4.588157,0.8410924415024891,0.5639181114394239
-3.2395515,-5.631186,0.8410924415024891,0.5639181114394239
-3.2395515,-2.521186,0.8410924415024891,0.5639181114394239
-5.3942755,-6.122505,0.8410924415024891,0.5639181114394239
-5.3942755,-5.679545,0.8410924415024891,0.5639181114394239
-5.3641345000000005,-6.021857,0.8410924415024891,0.5639181114394239
-5.3641345000000005,-5.910572,0.8410924415024891,0.5639181114394239
-5.3641345000000005,-5.472361,0.8410924415024891,0.5639181114394239
-5.681171,-6.00586,0.8410924415024891,0.5639181114394239
-5.681171,-5.92933,0.8410924415024891,0.5639181114394239
-5.479919499999999,-6.00586,0.8410924415024891,0.5639181114394239
-5.479919499999999,-5.749006,0.8410924415024891,0.5639181114394239
-5.1055995,-5.299839,0.8410924415024891,0.5639181114394239
-5.5459905,-6.044224,0.8410924415024891,0.5639181114394239
-4.8053105,-5.755146,0.8410924415024891,0.5639181114394239
-3.697094,-5.456791,0.8410924415024891,0.5639181114394239
-4.9990005,-5.451545,0.8410924415024891,0.5639181114394239
-5.344739000000001,-6.585527,0.8410924415024891,0.5639181114394239
-4.970419,-5.680983,0.8410924415024891,0.5639181114394239
-4.3399,-6.23681,0.8410924415024891,0.5639181114394239
-4.3399,-5.167293,0.8410924415024891,0.5639181114394239
-4.3399,-5.219235,0.8410924415024891,0.5639181114394239
-5.3055845,-5.847623,0.8410924415024891,0.5639181114394239
-5.3055845,-5.940077,0.8410924415024891,0.5639181114394239
-5.3055845,-5.642898,0.8410924415024891,0.5639181114394239
-4.064781,-5.485912,0.8410924415024891,0.5639181114394239
-4.064781,-4.167563,0.8410924415024891,0.5639181114394239
-4.064781,-3.110795,0.8410924415024891,0.5639181114394239
-5.5158495,-5.665339,0.8410924415024891,0.5639181114394239
-5.5158495,-5.555381,0.8410924415024891,0.5639181114394239
-4.7751695000000005,-5.983368,0.8410924415024891,0.5639181114394239
-5.60817,-5.496654,0.8410924415024891,0.5639181114394239
-5.60817,-6.278397,0.8410924415024891,0.5639181114394239
-5.60817,-6.141018,0.8410924415024891,0.5639181114394239
-5.314598,-5.869336,0.8410924415024891,0.5639181114394239
-5.2754435,-5.67435,0.8410924415024891,0.5639181114394239
-5.2754435,-5.319566,0.8410924415024891,0.5639181114394239
-4.0346400000000004,-4.254124,0.8410924415024891,0.5639181114394239
-4.0346400000000004,-2.795694,0.8410924415024891,0.5639181114394239
-5.6316345000000005,-6.059191,0.8410924415024891,0.5639181114394239
-4.6267955,-5.487704,0.8410924415024891,0.5639181114394239
-4.6267955,-4.809346,0.8410924415024891,0.5639181114394239
-5.699523,-5.742238,0.8410924415024891,0.5639181114394239
-5.699523,-5.755729,0.8410924415024891,0.5639181114394239
-4.3516765,-5.087879,0.8410924415024891,0.5639181114394239
-4.3516765,-3.66404,0.8410924415024891,0.5639181114394239
-4.3516765,-3.38745,0.8410924415024891,0.5639181114394239
-2.9402150000000002,-4.010779,0.8410924415024891,0.5639181114394239
-3.2433094999999996,-5.007537,0.8410924415024891,0.5639181114394239
-5.1845265000000005,-5.497504,0.8410924415024891,0.5639181114394239
-5.1845265000000005,-6.010852,0.8410924415024891,0.5639181114394239
-4.890954499999999,-5.720449,0.8410924415024891,0.5639181114394239
-3.8861155,-4.720272,0.8410924415024891,0.5639181114394239
-3.8861155,-4.979335,0.8410924415024891,0.5639181114394239
-2.199535,-4.380426,0.8410924415024891,0.5639181114394239
-2.199535,-3.012925,0.8410924415024891,0.5639181114394239
-3.782738,-4.891007,0.8410924415024891,0.5639181114394239
-2.4220335,-3.787348,0.8410924415024891,0.5639181114394239
-2.4220335,-3.740525,0.8410924415024891,0.5639181114394239
-2.4220335,-3.666995,0.8410924415024891,0.5639181114394239
-3.8506264999999997,-4.330805,0.8410924415024891,0.5639181114394239
-3.8506264999999997,-5.888903,0.8410924415024891,0.5639181114394239
-2.50278,-4.808436,0.8410924415024891,0.5639181114394239
-2.50278,-4.506759,0.8410924415024891,0.5639181114394239
-2.50278,-3.783953,0.8410924415024891,0.5639181114394239
-1.0913184999999999,-4.307513,0.8410924415024891,0.5639181114394239
-1.0913184999999999,-2.640054,0.8410924415024891,0.5639181114394239
-3.008857,-4.426506,0.8410924415024891,0.5639181114394239
-3.008857,-4.492894,0.8410924415024891,0.5639181114394239
-5.0846445,-5.723161,0.8410924415024891,0.5639181114394239
-4.7103245000000005,-5.642301,0.8410924415024891,0.5639181114394239
-4.0798055,-4.903495,0.8410924415024891,0.5639181114394239
-4.0798055,-4.843067,0.8410924415024891,0.5639181114394239
-5.1529905,-5.538405,0.8410924415024891,0.5639181114394239
-5.1529905,-5.993834,0.8410924415024891,0.5639181114394239
-3.8046865,-4.75411,0.8410924415024891,0.5639181114394239
-3.8046865,-3.92191,0.8410924415024891,0.5639181114394239
-3.8046865,-3.369272,0.8410924415024891,0.5639181114394239
-4.719116,-6.4171,0.8410924415024891,0.5639181114394239
-4.719116,-5.080784,0.8410924415024891,0.5639181114394239
-4.719116,-4.944618,0.8410924415024891,0.5639181114394239
-5.792301,-6.584959,0.8410924415024891,0.5639181114394239
-5.791843500000001,-6.272914,0.8410924415024891,0.5639181114394239
-5.791843500000001,-6.276482,0.8410924415024891,0.5639181114394239
-5.791843500000001,-5.90506,0.8410924415024891,0.5639181114394239
-3.0325355000000003,-4.473677,0.8410924415024891,0.5639181114394239
-5.056063,-5.444851,0.8410924415024891,0.5639181114394239
-4.425544,-5.167426,0.8410924415024891,0.5639181114394239
-5.3912285,-5.864743,0.8410924415024891,0.5639181114394239
-4.0696785,-4.111494,0.8410924415024891,0.5639181114394239
-6.893162500000001,-6.116635,0.8410924415024891,0.5639181114394239
-6.893162500000001,-7.155,0.8410924415024891,0.5639181114394239
-5.4982714999999995,-5.989604,0.8410924415024891,0.5639181114394239
-4.150425,-6.231953,0.8410924415024891,0.5639181114394239
-4.150425,-5.350068,0.8410924415024891,0.5639181114394239
-4.150425,-3.309571,0.8410924415024891,0.5639181114394239
-3.8437574999999997,-4.108226,0.8410924415024891,0.5639181114394239
-3.8437574999999997,-3.356674,0.8410924415024891,0.5639181114394239
-3.8437574999999997,-2.710418,0.8410924415024891,0.5639181114394239
-5.124409,-5.637809,0.8410924415024891,0.5639181114394239
-3.7761050000000003,-5.303385,0.8410924415024891,0.5639181114394239
-3.7761050000000003,-4.215064,0.8410924415024891,0.5639181114394239
-3.7761050000000003,-3.408974,0.8410924415024891,0.5639181114394239
-4.3863895,-5.225213,0.8410924415024891,0.5639181114394239
-4.3863895,-5.460418,0.8410924415024891,0.5639181114394239
-4.3863895,-6.088756,0.8410924415024891,0.5639181114394239
-1.7341244999999998,-3.736208,0.8410924415024891,0.5639181114394239
-1.7341244999999998,-3.357814,0.8410924415024891,0.5639181114394239
-1.7341244999999998,-2.792402,0.8410924415024891,0.5639181114394239
-4.9647365,-4.536517,0.8410924415024891,0.5639181114394239
-4.9647365,-4.481503,0.8410924415024891,0.5639181114394239
-4.9647365,-4.54439,0.8410924415024891,0.5639181114394239
-4.030524,-4.557632,0.8410924415024891,0.5639181114394239
-4.030524,-3.925959,0.8410924415024891,0.5639181114394239
-5.459117,-5.487107,0.8410924415024891,0.5639181114394239
-5.459117,-5.388993,0.8410924415024891,0.5639181114394239
-2.699809,-3.796302,0.8410924415024891,0.5639181114394239
-2.7725395,-1.097851,0.8410924415024891,0.5639181114394239
-5.072236999999999,-4.357398,0.8410924415024891,0.5639181114394239
-5.072236999999999,-4.871569,0.8410924415024891,0.5639181114394239
-5.072236999999999,-5.190073,0.8410924415024891,0.5639181114394239
-4.1380245,-3.72106,0.8410924415024891,0.5639181114394239
-4.1380245,-4.774637,0.8410924415024891,0.5639181114394239
-2.8073095,-5.184364,0.8410924415024891,0.5639181114394239
-2.8073095,-3.644907,0.8410924415024891,0.5639181114394239
-2.8073095,-2.274681,0.8410924415024891,0.5639181114394239
-2.88004,-3.25993,0.8410924415024891,0.5639181114394239
-2.88004,-0.938395,0.8410924415024891,0.5639181114394239
-1.9650824999999998,-2.676551,0.8410924415024891,0.5639181114394239
-1.9650824999999998,-3.338658,0.8410924415024891,0.5639181114394239
-1.9650824999999998,-4.279761,0.8410924415024891,0.5639181114394239
