abs_net_charge,dGij,total_charged,pair_id
440,-6.138002,4400,Q86U02_1_117_Q5QFB9_1_102
242,-6.274837,4774,Q86U02_1_117_Q5QFB9_1_102
924,-6.432853,5148,Q86U02_1_117_Q5QFB9_1_102
1606,-6.425974,5522,Q86U02_1_117_Q5QFB9_1_102
2288,-5.286814,5896,Q86U02_1_117_Q5QFB9_1_102
483,-6.278944,4265,Q86U02_1_117_P30536_1_169
199,-6.278397,4149,Q86U02_1_117_P30536_1_169
227,-6.275934,3975,Q86U02_1_117_P30536_1_169
653,-6.426526,3801,Q86U02_1_117_P30536_1_169
866,-6.61599,3714,Q86U02_1_117_P30536_1_169
615,-6.142659,4447,Q86U02_1_117_Q96K19_200_258
614,-6.022404,4674,Q86U02_1_117_Q96K19_200_258
613,-6.142659,4901,Q86U02_1_117_Q96K19_200_258
612,-5.912768,5128,Q86U02_1_117_Q96K19_200_258
611,-6.022131,5355,Q86U02_1_117_Q96K19_200_258
434,-5.913316,4430,Q86U02_1_117_Q9Y5I1_1_33
190,-5.435672,4594,Q86U02_1_117_Q9Y5I1_1_33
237,-4.894015,4881,Q86U02_1_117_Q9Y5I1_1_33
664,-4.571644,5168,Q86U02_1_117_Q9Y5I1_1_33
908,-4.38367,5332,Q86U02_1_117_Q9Y5I1_1_33
168,-4.804429,4536,Q86U02_1_117_O96024_1_35
206,-4.263705,4726,Q86U02_1_117_O96024_1_35
580,-3.56774,4916,Q86U02_1_117_O96024_1_35
704,-5.810978,5112,Q86U02_1_117_Q9P2N5_932_1060
1444,-5.080645,11852,Q86U02_1_117_Q9P2N5_932_1060
1592,-5.521448,13200,Q86U02_1_117_Q9P2N5_932_1060
560,-6.275385,4872,Q86U02_1_117_Q6P158_1_189
56,-5.495729,10080,Q86U02_1_117_Q6P158_1_189
461,-5.61868,5273,Q86U02_1_117_Q08462_1_39
231,-5.493789,6699,Q86U02_1_117_Q08462_1_39
154,-5.024604,9086,Q86U02_1_117_Q08462_1_39
539,-4.654956,11473,Q86U02_1_117_Q08462_1_39
769,-4.561932,12899,Q86U02_1_117_Q08462_1_39
556,-5.1066,5422,Q86U02_1_117_Q9NXX6_1_78
60,-3.348598,14598,Q86U02_1_117_Q9NXX6_1_78
358,-6.604918,3898,Q86U02_1_117_Q3LI63_1_56
12,-7.575797,3348,Q86U02_1_117_Q3LI63_1_56
334,-6.429007,2798,Q86U02_1_117_Q3LI63_1_56
680,-6.612958,2248,Q86U02_1_117_Q3LI63_1_56
1026,-7.580737,1698,Q86U02_1_117_Q3LI63_1_56
514,-6.01994,4294,Q86U02_1_117_Q3LI60_1_44
309,-6.265465,4263,Q86U02_1_117_Q3LI60_1_44
101,-6.42625,4201,Q86U02_1_117_Q3LI60_1_44
511,-6.850562,4139,Q86U02_1_117_Q3LI60_1_44
716,-6.442133,4108,Q86U02_1_117_Q3LI60_1_44
519,-6.019666,4731,Q86U02_1_117_O60229_1_34
149,-5.436496,6353,Q86U02_1_117_O60229_1_34
221,-5.076495,7975,Q86U02_1_117_O60229_1_34
591,-4.625501,9597,Q86U02_1_117_O60229_1_34
961,-4.18119,11219,Q86U02_1_117_O60229_1_34
330,-5.730336,4570,Q86U02_1_117_Q2TAZ0_1_31
262,-4.754501,5106,Q86U02_1_117_Q2TAZ0_1_31
854,-4.038344,5642,Q86U02_1_117_Q2TAZ0_1_31
1446,-3.397789,6178,Q86U02_1_117_Q2TAZ0_1_31
2038,-3.033688,6714,Q86U02_1_117_Q2TAZ0_1_31
189,-5.820033,5015,Q86U02_1_117_Q92581_1_59
514,-5.313632,6178,Q86U02_1_117_Q92581_1_59
1217,-4.64213,7341,Q86U02_1_117_Q92581_1_59
1920,-3.848082,8504,Q86U02_1_117_Q92581_1_59
2623,-3.265747,9667,Q86U02_1_117_Q92581_1_59
2381,-3.774764,5843,Q86U02_1_117_P31268_193_230
10776,-1.630067,13128,Q86U02_1_117_P31268_193_230
12455,-0.838003,14585,Q86U02_1_117_P31268_193_230
650,-5.496102,5096,Q86U02_1_117_Q96AA8_412_477
1058,-5.120183,14504,Q86U02_1_117_Q96AA8_412_477
89,-3.986746,4529,Q86U02_1_117_P37108_98_136
3311,-1.224379,5929,Q86U02_1_117_P37108_98_136
4093,-0.542412,6251,Q86U02_1_117_P37108_98_136
1957,-5.810978,5907,Q5QFB9_1_102_Q96K19_200_258
1442,-6.018019,5822,Q5QFB9_1_102_Q96K19_200_258
927,-6.140196,5737,Q5QFB9_1_102_Q96K19_200_258
412,-5.914686,5652,Q5QFB9_1_102_Q96K19_200_258
103,-6.14047,5567,Q5QFB9_1_102_Q96K19_200_258
2336,-5.070211,5938,Q5QFB9_1_102_Q9Y5I1_1_33
2121,-4.769782,5853,Q5QFB9_1_102_Q9Y5I1_1_33
1777,-4.668873,5717,Q5QFB9_1_102_Q9Y5I1_1_33
1433,-4.453128,5581,Q5QFB9_1_102_Q9Y5I1_1_33
1218,-4.194827,5496,Q5QFB9_1_102_Q9Y5I1_1_33
2318,-5.032372,5902,Q5QFB9_1_102_O96024_1_35
2175,-4.65641,5817,Q5QFB9_1_102_O96024_1_35
1746,-3.753021,5562,Q5QFB9_1_102_O96024_1_35
1317,-3.436479,5307,Q5QFB9_1_102_O96024_1_35
1174,-3.328726,5222,Q5QFB9_1_102_O96024_1_35
2417,-5.682993,6001,Q5QFB9_1_102_Q9H902_1_100
2322,-5.763852,6018,Q5QFB9_1_102_Q9H902_1_100
2132,-5.530066,6052,Q5QFB9_1_102_Q9H902_1_100
1942,-5.518558,6086,Q5QFB9_1_102_Q9H902_1_100
1847,-5.312489,6103,Q5QFB9_1_102_Q9H902_1_100
1907,-5.265928,7085,Q5QFB9_1_102_Q9P2N5_932_1060
1402,-5.983368,8054,Q5QFB9_1_102_Q9P2N5_932_1060
392,-5.781608,9992,Q5QFB9_1_102_Q9P2N5_932_1060
618,-5.676951,11930,Q5QFB9_1_102_Q9P2N5_932_1060
1123,-5.290619,12899,Q5QFB9_1_102_Q9P2N5_932_1060
2114,-5.77277,6646,Q5QFB9_1_102_Q6P158_1_189
1673,-5.738096,7479,Q5QFB9_1_102_Q6P158_1_189
791,-5.711659,9145,Q5QFB9_1_102_Q6P158_1_189
350,-5.482318,9978,Q5QFB9_1_102_Q6P158_1_189
1566,-6.001961,6970,Q5QFB9_1_102_Q96M69_1_106
212,-6.001402,8432,Q5QFB9_1_102_Q96M69_1_106
1142,-5.109531,9894,Q5QFB9_1_102_Q96M69_1_106
2321,-5.112421,6743,Q5QFB9_1_102_Q08462_1_39
2093,-4.913067,7899,Q5QFB9_1_102_Q08462_1_39
1694,-4.681797,9922,Q5QFB9_1_102_Q08462_1_39
1295,-4.605357,11945,Q5QFB9_1_102_Q08462_1_39
1067,-4.726495,13101,Q5QFB9_1_102_Q08462_1_39
2233,-5.600057,6919,Q5QFB9_1_102_Q9NXX6_1_78
1869,-5.025261,8347,Q5QFB9_1_102_Q9NXX6_1_78
1232,-4.193403,10846,Q5QFB9_1_102_Q9NXX6_1_78
595,-3.813047,13345,Q5QFB9_1_102_Q9NXX6_1_78
231,-3.473173,14773,Q5QFB9_1_102_Q9NXX6_1_78
2344,-5.757184,5504,Q5QFB9_1_102_Q3LI63_1_56
2156,-5.636908,4756,Q5QFB9_1_102_Q3LI63_1_56
2259,-5.539178,5751,Q5QFB9_1_102_Q3LI60_1_44
2053,-5.699777,5513,Q5QFB9_1_102_Q3LI60_1_44
1641,-5.703156,5037,Q5QFB9_1_102_Q3LI60_1_44
1229,-5.911121,4561,Q5QFB9_1_102_Q3LI60_1_44
1023,-6.004618,4323,Q5QFB9_1_102_Q3LI60_1_44
2325,-5.211894,6555,Q5QFB9_1_102_O60229_1_34
2113,-4.612745,7403,Q5QFB9_1_102_O60229_1_34
1761,-4.482663,8811,Q5QFB9_1_102_O60229_1_34
1409,-4.414917,10219,Q5QFB9_1_102_O60229_1_34
1197,-4.064403,11067,Q5QFB9_1_102_O60229_1_34
2459,-4.66109,6053,Q5QFB9_1_102_Q2TAZ0_1_31
2433,-3.98541,6223,Q5QFB9_1_102_Q2TAZ0_1_31
2394,-3.366257,6478,Q5QFB9_1_102_Q2TAZ0_1_31
2355,-2.871759,6733,Q5QFB9_1_102_Q2TAZ0_1_31
2328,-5.863304,6152,Q5QFB9_1_102_Q96RR1_1_152
1898,-5.698083,6696,Q5QFB9_1_102_Q96RR1_1_152
1468,-5.699777,7240,Q5QFB9_1_102_Q96RR1_1_152
1038,-5.470097,7784,Q5QFB9_1_102_Q96RR1_1_152
608,-5.98819,8328,Q5QFB9_1_102_Q96RR1_1_152
2247,-5.604931,5969,Q5QFB9_1_102_Q92935_1_86
2048,-5.295553,5952,Q5QFB9_1_102_Q92935_1_86
1650,-5.630629,5918,Q5QFB9_1_102_Q92935_1_86
1252,-5.904231,5884,Q5QFB9_1_102_Q92935_1_86
1053,-5.813181,5867,Q5QFB9_1_102_Q92935_1_86
2563,-4.228459,6715,Q5QFB9_1_102_Q92581_1_59
2660,-3.84915,7446,Q5QFB9_1_102_Q92581_1_59
2951,-2.986888,9639,Q5QFB9_1_102_Q92581_1_59
408,-5.869336,7242,Q5QFB9_1_102_P31268_193_230
1388,-4.220817,8330,Q5QFB9_1_102_P31268_193_230
2129,-5.400442,6879,Q5QFB9_1_102_Q96AA8_412_477
1574,-5.227804,8324,Q5QFB9_1_102_Q96AA8_412_477
686,-5.264482,10636,Q5QFB9_1_102_Q96AA8_412_477
202,-4.882619,12948,Q5QFB9_1_102_Q96AA8_412_477
757,-4.952771,14393,Q5QFB9_1_102_Q96AA8_412_477
2673,-3.680785,6039,Q5QFB9_1_102_P37108_98_136
4095,-1.5088,6345,Q5QFB9_1_102_P37108_98_136
4411,-0.568955,6413,Q5QFB9_1_102_P37108_98_136
2212,-3.662822,6116,Q5QFB9_1_102_Q96I15_1_30
602,-0.71104,6898,Q5QFB9_1_102_Q96I15_1_30
762,-4.652886,2764,P19012_1_109_Q96K19_200_258
476,-4.972463,3332,P19012_1_109_Q96K19_200_258
190,-5.109643,3900,P19012_1_109_Q96K19_200_258
96,-5.496378,4468,P19012_1_109_Q96K19_200_258
382,-6.136628,5036,P19012_1_109_Q96K19_200_258
1000,-4.312479,2624,P19012_1_109_Q9Y5I1_1_33
1020,-4.287886,3252,P19012_1_109_Q9Y5I1_1_33
1040,-4.489999,3880,P19012_1_109_Q9Y5I1_1_33
1070,-4.291518,4822,P19012_1_109_Q9Y5I1_1_33
993,-3.909227,2525,P19012_1_109_O96024_1_35
1001,-3.775759,3125,P19012_1_109_O96024_1_35
1009,-3.530416,3725,P19012_1_109_O96024_1_35
1017,-3.464481,4325,P19012_1_109_O96024_1_35
1025,-3.194053,4925,P19012_1_109_O96024_1_35
825,-4.647563,2871,P19012_1_109_Q9H497_1_109
575,-4.882481,3721,P19012_1_109_Q9H497_1_109
165,-5.635635,5115,P19012_1_109_Q9H497_1_109
250,-6.015544,6526,P19012_1_109_Q9H497_1_109
495,-5.814006,7359,P19012_1_109_Q9H497_1_109
981,-4.256695,3999,P19012_1_109_Q08462_1_39
973,-4.438518,5361,P19012_1_109_Q08462_1_39
957,-4.347355,8085,P19012_1_109_Q08462_1_39
941,-4.479838,10809,P19012_1_109_Q08462_1_39
933,-4.548158,12171,P19012_1_109_Q08462_1_39
729,-3.569774,5849,P19012_1_109_Q9NXX6_1_78
495,-3.274962,9009,P19012_1_109_Q9NXX6_1_78
261,-3.266794,12169,P19012_1_109_Q9NXX6_1_78
1037,-4.558641,2145,P19012_1_109_Q3LI63_1_56
1237,-6.27566,1449,P19012_1_109_Q3LI63_1_56
973,-4.431251,2489,P19012_1_109_Q3LI60_1_44
950,-4.734039,2726,P19012_1_109_Q3LI60_1_44
904,-5.069329,3200,P19012_1_109_Q3LI60_1_44
858,-5.819487,3674,P19012_1_109_Q3LI60_1_44
835,-6.134362,3911,P19012_1_109_Q3LI60_1_44
996,-4.356238,3130,P19012_1_109_O60229_1_34
1010,-4.323929,5052,P19012_1_109_O60229_1_34
1024,-4.22143,6974,P19012_1_109_O60229_1_34
1038,-4.198321,8896,P19012_1_109_O60229_1_34
1052,-4.324037,10818,P19012_1_109_O60229_1_34
1157,-3.699403,2893,P19012_1_109_Q2TAZ0_1_31
1282,-3.809518,3330,P19012_1_109_Q2TAZ0_1_31
1657,-3.401033,4641,P19012_1_109_Q2TAZ0_1_31
2032,-2.855961,5952,P19012_1_109_Q2TAZ0_1_31
2157,-2.587595,6389,P19012_1_109_Q2TAZ0_1_31
1284,-3.83724,3460,P19012_1_109_Q92581_1_59
1652,-3.556109,4900,P19012_1_109_Q92581_1_59
2020,-3.124431,6340,P19012_1_109_Q92581_1_59
2388,-3.123546,7780,P19012_1_109_Q92581_1_59
2756,-2.815855,9220,P19012_1_109_Q92581_1_59
1368,-3.370068,4452,P19012_1_109_P31268_193_230
3117,-2.705664,6039,P19012_1_109_P31268_193_230
11862,0.0,13974,P19012_1_109_P31268_193_230
781,-4.210531,3619,P19012_1_109_Q96AA8_412_477
467,-3.89514,11389,P19012_1_109_Q96AA8_412_477
883,-4.38164,13979,P19012_1_109_Q96AA8_412_477
1521,-3.208842,2919,P19012_1_109_P37108_98_136
3661,-0.98508,5369,P19012_1_109_P37108_98_136
4089,-0.67952,5859,P19012_1_109_P37108_98_136
855,-3.235116,2979,P19012_1_109_Q96I15_1_30
765,-2.844988,3423,P19012_1_109_Q96I15_1_30
1072,-5.205814,3976,P30536_1_169_Q9Y5I1_1_33
1080,-4.556132,4544,P30536_1_169_Q9Y5I1_1_33
1088,-4.572675,5112,P30536_1_169_Q9Y5I1_1_33
1053,-5.646885,4717,P30536_1_169_Q08462_1_39
1033,-5.24971,6157,P30536_1_169_Q08462_1_39
997,-5.155902,8749,P30536_1_169_Q08462_1_39
961,-4.525307,11341,P30536_1_169_Q08462_1_39
939,-4.690738,12925,P30536_1_169_Q08462_1_39
955,-4.866316,4913,P30536_1_169_Q9NXX6_1_78
115,-3.426037,14433,P30536_1_169_Q9NXX6_1_78
1046,-6.277577,3670,P30536_1_169_Q3LI60_1_44
995,-5.901462,3767,P30536_1_169_Q3LI60_1_44
944,-5.900352,3864,P30536_1_169_Q3LI60_1_44
893,-6.123547,3961,P30536_1_169_Q3LI60_1_44
842,-6.438049,4058,P30536_1_169_Q3LI60_1_44
1066,-5.34356,5076,P30536_1_169_O60229_1_34
1064,-4.878414,7638,P30536_1_169_O60229_1_34
1062,-4.349185,10200,P30536_1_169_O60229_1_34
1148,-5.640521,3844,P30536_1_169_Q2TAZ0_1_31
1331,-4.718612,4331,P30536_1_169_Q2TAZ0_1_31
1697,-3.678502,5305,P30536_1_169_Q2TAZ0_1_31
2063,-3.050198,6279,P30536_1_169_Q2TAZ0_1_31
2246,-2.730969,6766,P30536_1_169_Q2TAZ0_1_31
1125,-3.916142,5423,P30536_1_169_P31268_193_230
12025,-0.501261,14331,P30536_1_169_P31268_193_230
1445,-3.884366,3933,P30536_1_169_P37108_98_136
3745,-1.0465,5773,P30536_1_169_P37108_98_136
4295,-0.732349,6213,P30536_1_169_P37108_98_136
985,-4.167412,3907,P30536_1_169_Q96I15_1_30
835,-3.242278,4411,P30536_1_169_Q96I15_1_30
85,-0.643868,6931,P30536_1_169_Q96I15_1_30
404,-5.726667,5484,Q96K19_200_258_Q9Y5I1_1_33
220,-5.581162,5480,Q96K19_200_258_Q9Y5I1_1_33
700,-4.705456,5460,Q96K19_200_258_Q9Y5I1_1_33
884,-4.589148,5456,Q96K19_200_258_Q9Y5I1_1_33
449,-5.527661,5455,Q96K19_200_258_O96024_1_35
167,-5.11041,5395,Q96K19_200_258_O96024_1_35
209,-4.171582,5315,Q96K19_200_258_O96024_1_35
585,-3.78978,5235,Q96K19_200_258_O96024_1_35
867,-3.259409,5175,Q96K19_200_258_O96024_1_35
695,-5.645297,6167,Q96K19_200_258_Q9P2N5_932_1060
1595,-5.679257,13323,Q96K19_200_258_Q9P2N5_932_1060
617,-6.276756,5835,Q96K19_200_258_Q9H497_1_109
626,-6.141565,6270,Q96K19_200_258_Q9H497_1_109
635,-6.280855,6705,Q96K19_200_258_Q9H497_1_109
644,-6.02131,7140,Q96K19_200_258_Q9H497_1_109
653,-6.275934,7575,Q96K19_200_258_Q9H497_1_109
829,-6.12668,6317,Q96K19_200_258_Q96M69_1_106
1077,-5.610067,7251,Q96K19_200_258_Q96M69_1_106
1573,-5.280409,9119,Q96K19_200_258_Q96M69_1_106
1821,-4.919842,10053,Q96K19_200_258_Q96M69_1_106
414,-5.903124,6996,Q96K19_200_258_P08621_202_437
115,-5.989886,9319,Q96K19_200_258_P08621_202_437
873,-5.773535,16995,Q96K19_200_258_P08621_202_437
1172,-5.839985,19318,Q96K19_200_258_P08621_202_437
431,-5.816476,6471,Q96K19_200_258_Q08462_1_39
235,-5.729789,7539,Q96K19_200_258_Q08462_1_39
157,-5.37759,9675,Q96K19_200_258_Q08462_1_39
549,-4.724655,11811,Q96K19_200_258_Q08462_1_39
745,-4.523162,12879,Q96K19_200_258_Q08462_1_39
539,-5.158943,6687,Q96K19_200_258_Q9NXX6_1_78
461,-4.552305,7991,Q96K19_200_258_Q9NXX6_1_78
71,-3.487682,14511,Q96K19_200_258_Q9NXX6_1_78
359,-6.417935,4931,Q96K19_200_258_Q3LI63_1_56
185,-7.141547,4545,Q96K19_200_258_Q3LI63_1_56
337,-6.28249,3387,Q96K19_200_258_Q3LI63_1_56
859,-7.153635,2229,Q96K19_200_258_Q3LI63_1_56
1033,-7.582378,1843,Q96K19_200_258_Q3LI63_1_56
514,-6.139099,5396,Q96K19_200_258_Q3LI60_1_44
205,-6.845617,5093,Q96K19_200_258_Q3LI60_1_44
104,-6.845617,4790,Q96K19_200_258_Q3LI60_1_44
413,-6.621754,4487,Q96K19_200_258_Q3LI60_1_44
722,-6.28548,4184,Q96K19_200_258_Q3LI60_1_44
427,-5.817846,6163,Q96K19_200_258_O60229_1_34
148,-5.36524,7192,Q96K19_200_258_O60229_1_34
224,-4.853373,8564,Q96K19_200_258_O60229_1_34
596,-4.517036,9936,Q96K19_200_258_O60229_1_34
875,-4.33572,10965,Q96K19_200_258_O60229_1_34
335,-5.649957,5631,Q96K19_200_258_Q2TAZ0_1_31
112,-5.17965,5856,Q96K19_200_258_Q2TAZ0_1_31
857,-4.15412,6231,Q96K19_200_258_Q2TAZ0_1_31
1602,-3.360768,6606,Q96K19_200_258_Q2TAZ0_1_31
2049,-2.800297,6831,Q96K19_200_258_Q2TAZ0_1_31
339,-5.715729,6237,Q96K19_200_258_Q96RR1_1_152
69,-6.389707,6993,Q96K19_200_258_Q96RR1_1_152
201,-5.540312,7749,Q96K19_200_258_Q96RR1_1_152
499,-6.143205,5515,Q96K19_200_258_Q92935_1_86
295,-5.913316,5567,Q96K19_200_258_Q92935_1_86
521,-5.64034,5775,Q96K19_200_258_Q92935_1_86
725,-5.645846,5827,Q96K19_200_258_Q92935_1_86
244,-5.816202,5978,Q96K19_200_258_Q92581_1_59
308,-5.729241,6714,Q96K19_200_258_Q92581_1_59
1220,-4.858826,7930,Q96K19_200_258_Q92581_1_59
2138,-3.741216,9154,Q96K19_200_258_Q92581_1_59
2684,-3.235178,9882,Q96K19_200_258_Q92581_1_59
797,-5.430715,5923,Q96K19_200_258_P51784_641_729
1239,-4.363534,6951,Q96K19_200_258_P51784_641_729
3449,-2.360545,12091,Q96K19_200_258_P51784_641_729
2333,-3.946229,6837,Q96K19_200_258_P31268_193_230
10803,-1.089964,13447,Q96K19_200_258_P31268_193_230
643,-5.643922,6157,Q96K19_200_258_Q96AA8_412_477
955,-5.062088,12505,Q96K19_200_258_Q96AA8_412_477
1059,-4.881352,14621,Q96K19_200_258_Q96AA8_412_477
1,-3.903468,5607,Q96K19_200_258_P37108_98_136
3341,-1.155587,6227,Q96K19_200_258_P37108_98_136
4009,-0.612287,6351,Q96K19_200_258_P37108_98_136
1083,-4.287044,5415,Q9Y5I1_1_33_O96024_1_35
1075,-4.148319,5375,Q9Y5I1_1_33_O96024_1_35
1059,-3.862523,5295,Q9Y5I1_1_33_O96024_1_35
1035,-3.261645,5175,Q9Y5I1_1_33_O96024_1_35
1041,-4.480968,6069,Q9Y5I1_1_33_P0DMR3_1_200
973,-4.553984,6917,Q9Y5I1_1_33_P0DMR3_1_200
837,-4.690312,8613,Q9Y5I1_1_33_P0DMR3_1_200
769,-5.329129,9461,Q9Y5I1_1_33_P0DMR3_1_200
1185,-4.445554,5541,Q9Y5I1_1_33_Q9H902_1_100
1250,-4.394394,5602,Q9Y5I1_1_33_Q9H902_1_100
1445,-4.499743,5785,Q9Y5I1_1_33_Q9H902_1_100
1640,-4.907785,5968,Q9Y5I1_1_33_Q9H902_1_100
1705,-4.937311,6029,Q9Y5I1_1_33_Q9H902_1_100
1099,-4.23871,6395,Q9Y5I1_1_33_Q13402_787_1000
1116,-4.574934,8130,Q9Y5I1_1_33_Q13402_787_1000
1133,-4.520704,9865,Q9Y5I1_1_33_Q13402_787_1000
1167,-4.87077,13335,Q9Y5I1_1_33_Q13402_787_1000
795,-4.360309,6375,Q9Y5I1_1_33_Q9P2N5_932_1060
359,-4.554309,7715,Q9Y5I1_1_33_Q9P2N5_932_1060
295,-4.910068,9725,Q9Y5I1_1_33_Q9P2N5_932_1060
949,-5.27835,11735,Q9Y5I1_1_33_Q9P2N5_932_1060
1385,-5.456118,13075,Q9Y5I1_1_33_Q9P2N5_932_1060
607,-4.406677,6379,Q9Y5I1_1_33_P18089_200_362
115,-4.29172,7785,Q9Y5I1_1_33_P18089_200_362
837,-4.00232,9191,Q9Y5I1_1_33_P18089_200_362
1018,-4.303362,6884,Q9Y5I1_1_33_Q8WTT2_1_202
709,-4.189545,13061,Q9Y5I1_1_33_Q8WTT2_1_202
606,-4.45384,15120,Q9Y5I1_1_33_Q8WTT2_1_202
915,-4.57745,5697,Q9Y5I1_1_33_Q9H497_1_109
565,-4.841918,6191,Q9Y5I1_1_33_Q9H497_1_109
215,-4.987014,6685,Q9Y5I1_1_33_Q9H497_1_109
310,-5.726224,7426,Q9Y5I1_1_33_Q9H497_1_109
485,-5.908749,7673,Q9Y5I1_1_33_Q9H497_1_109
812,-4.585031,5998,Q9Y5I1_1_33_Q8WYR1_306_514
371,-4.564656,6871,Q9Y5I1_1_33_Q8WYR1_306_514
315,-5.030002,8229,Q9Y5I1_1_33_Q8WYR1_306_514
1001,-5.355839,9587,Q9Y5I1_1_33_Q8WYR1_306_514
1442,-5.583828,10460,Q9Y5I1_1_33_Q8WYR1_306_514
986,-4.443549,5938,Q9Y5I1_1_33_Q6P158_1_189
797,-4.425197,6841,Q9Y5I1_1_33_Q6P158_1_189
545,-4.496521,8045,Q9Y5I1_1_33_Q6P158_1_189
293,-4.592017,9249,Q9Y5I1_1_33_Q6P158_1_189
104,-4.865272,10152,Q9Y5I1_1_33_Q6P158_1_189
741,-4.261899,6061,Q9Y5I1_1_33_Q96M69_1_106
437,-4.494188,6587,Q9Y5I1_1_33_Q96M69_1_106
475,-4.877865,8165,Q9Y5I1_1_33_Q96M69_1_106
1387,-4.776383,9743,Q9Y5I1_1_33_Q96M69_1_106
1691,-5.100517,10269,Q9Y5I1_1_33_Q96M69_1_106
1107,-4.189654,6455,Q9Y5I1_1_33_P08621_202_437
1168,-4.295117,9796,Q9Y5I1_1_33_P08621_202_437
1229,-4.459648,13137,Q9Y5I1_1_33_P08621_202_437
1290,-4.44691,16478,Q9Y5I1_1_33_P08621_202_437
1351,-4.745989,19819,Q9Y5I1_1_33_P08621_202_437
1075,-4.456642,6255,Q9Y5I1_1_33_Q08462_1_39
1007,-4.418013,9655,Q9Y5I1_1_33_Q08462_1_39
965,-4.391561,11755,Q9Y5I1_1_33_Q08462_1_39
939,-4.543582,13055,Q9Y5I1_1_33_Q08462_1_39
987,-4.327033,6431,Q9Y5I1_1_33_Q9NXX6_1_78
831,-4.320228,7895,Q9Y5I1_1_33_Q9NXX6_1_78
545,-3.99694,10579,Q9Y5I1_1_33_Q9NXX6_1_78
285,-3.368482,13019,Q9Y5I1_1_33_Q9NXX6_1_78
103,-3.356046,14727,Q9Y5I1_1_33_Q9NXX6_1_78
1137,-4.899876,4437,Q9Y5I1_1_33_Q3LI63_1_56
1187,-5.00408,3367,Q9Y5I1_1_33_Q3LI63_1_56
1237,-5.912494,2297,Q9Y5I1_1_33_Q3LI63_1_56
1267,-6.625306,1655,Q9Y5I1_1_33_Q3LI63_1_56
1063,-4.618498,5315,Q9Y5I1_1_33_Q3LI60_1_44
1022,-4.647048,5110,Q9Y5I1_1_33_Q3LI60_1_44
954,-4.854087,4770,Q9Y5I1_1_33_Q3LI60_1_44
886,-5.437648,4430,Q9Y5I1_1_33_Q3LI60_1_44
845,-5.913811,4225,Q9Y5I1_1_33_Q3LI60_1_44
1087,-4.220139,6035,Q9Y5I1_1_33_O60229_1_34
1074,-4.158902,8544,Q9Y5I1_1_33_O60229_1_34
1066,-4.188629,10088,Q9Y5I1_1_33_O60229_1_34
1217,-4.14131,5609,Q9Y5I1_1_33_Q2TAZ0_1_31
1392,-3.770774,5824,Q9Y5I1_1_33_Q2TAZ0_1_31
1707,-3.579984,6211,Q9Y5I1_1_33_Q2TAZ0_1_31
2022,-2.984739,6598,Q9Y5I1_1_33_Q2TAZ0_1_31
2197,-2.652627,6813,Q9Y5I1_1_33_Q2TAZ0_1_31
1039,-4.288867,5689,Q9Y5I1_1_33_Q96RR1_1_152
953,-4.323022,6117,Q9Y5I1_1_33_Q96RR1_1_152
781,-4.670684,6973,Q9Y5I1_1_33_Q96RR1_1_152
609,-4.991524,7829,Q9Y5I1_1_33_Q96RR1_1_152
523,-5.711556,8257,Q9Y5I1_1_33_Q96RR1_1_152
1063,-4.47701,5491,Q9Y5I1_1_33_Q92935_1_86
1023,-4.487878,5555,Q9Y5I1_1_33_Q92935_1_86
963,-4.683969,5651,Q9Y5I1_1_33_Q92935_1_86
903,-5.035907,5747,Q9Y5I1_1_33_Q92935_1_86
863,-5.326458,5811,Q9Y5I1_1_33_Q92935_1_86
1328,-4.111874,6048,Q9Y5I1_1_33_Q92581_1_59
1540,-3.990175,6580,Q9Y5I1_1_33_Q92581_1_59
2070,-3.526898,7910,Q9Y5I1_1_33_Q92581_1_59
2600,-3.027969,9240,Q9Y5I1_1_33_Q92581_1_59
2812,-3.203793,9772,Q9Y5I1_1_33_Q92581_1_59
657,-4.380268,6097,Q9Y5I1_1_33_P51784_641_729
115,-4.498909,7253,Q9Y5I1_1_33_P51784_641_729
1273,-3.983865,8987,Q9Y5I1_1_33_P51784_641_729
2431,-3.042058,10721,Q9Y5I1_1_33_P51784_641_729
3203,-2.738473,11877,Q9Y5I1_1_33_P51784_641_729
702,-4.634846,6702,Q9Y5I1_1_33_P31268_193_230
2834,-3.317542,8186,Q9Y5I1_1_33_P31268_193_230
871,-4.546886,6445,Q9Y5I1_1_33_Q96AA8_412_477
547,-4.176848,7903,Q9Y5I1_1_33_Q96AA8_412_477
985,-3.438156,5621,Q9Y5I1_1_33_Q96I15_1_30
105,-0.235337,7029,Q9Y5I1_1_33_Q96I15_1_30
994,-3.296983,5690,O96024_1_35_P0DMR3_1_200
946,-3.49841,6458,O96024_1_35_P0DMR3_1_200
874,-3.821132,7610,O96024_1_35_P0DMR3_1_200
802,-4.453917,8762,O96024_1_35_P0DMR3_1_200
754,-4.854245,9530,O96024_1_35_P0DMR3_1_200
1099,-3.223936,5231,O96024_1_35_Q9H902_1_100
1219,-3.504354,5383,O96024_1_35_Q9H902_1_100
1414,-3.795755,5630,O96024_1_35_Q9H902_1_100
1609,-4.230189,5877,O96024_1_35_Q9H902_1_100
1729,-5.054221,6029,O96024_1_35_Q9H902_1_100
1040,-3.190749,5900,O96024_1_35_Q13402_787_1000
1071,-3.320894,7805,O96024_1_35_Q13402_787_1000
1102,-3.4852,9710,O96024_1_35_Q13402_787_1000
1133,-4.100709,11615,O96024_1_35_Q13402_787_1000
1164,-5.008008,13520,O96024_1_35_Q13402_787_1000
691,-3.329889,6255,O96024_1_35_Q9P2N5_932_1060
352,-3.538505,7360,O96024_1_35_Q9P2N5_932_1060
326,-3.859207,9570,O96024_1_35_Q9P2N5_932_1060
1004,-4.67649,11780,O96024_1_35_Q9P2N5_932_1060
1343,-4.758536,12885,O96024_1_35_Q9P2N5_932_1060
600,-3.326758,6040,O96024_1_35_P18089_200_362
146,-3.497312,7630,O96024_1_35_P18089_200_362
892,-3.874682,9220,O96024_1_35_P18089_200_362
975,-3.093569,6357,O96024_1_35_Q8WTT2_1_202
878,-3.226688,8602,O96024_1_35_Q8WTT2_1_202
684,-3.488054,13092,O96024_1_35_Q8WTT2_1_202
587,-3.962375,15337,O96024_1_35_Q8WTT2_1_202
900,-3.290273,5350,O96024_1_35_Q9H497_1_109
542,-3.758899,5940,O96024_1_35_Q9H497_1_109
184,-4.296017,6530,O96024_1_35_Q9H497_1_109
174,-5.083837,7120,O96024_1_35_Q9H497_1_109
532,-5.817846,7710,O96024_1_35_Q9H497_1_109
772,-3.24397,5684,O96024_1_35_Q8WYR1_306_514
213,-3.711303,6879,O96024_1_35_Q8WYR1_306_514
346,-4.074699,8074,O96024_1_35_Q8WYR1_306_514
905,-4.820934,9269,O96024_1_35_Q8WYR1_306_514
1464,-5.249147,10464,O96024_1_35_Q8WYR1_306_514
919,-3.241366,5715,O96024_1_35_Q6P158_1_189
757,-3.296647,6585,O96024_1_35_Q6P158_1_189
514,-3.619432,7890,O96024_1_35_Q6P158_1_189
244,-4.290411,9340,O96024_1_35_Q6P158_1_189
109,-4.747334,10065,O96024_1_35_Q6P158_1_189
758,-3.343472,5650,O96024_1_35_Q96M69_1_106
126,-3.642265,6830,O96024_1_35_Q96M69_1_106
506,-4.052692,8010,O96024_1_35_Q96M69_1_106
1138,-4.606452,9190,O96024_1_35_Q96M69_1_106
1770,-4.598569,10370,O96024_1_35_Q96M69_1_106
1119,-3.16964,9367,O96024_1_35_P08621_202_437
1198,-3.440401,12982,O96024_1_35_P08621_202_437
1277,-3.877324,16597,O96024_1_35_P08621_202_437
1020,-3.290671,5870,O96024_1_35_Q08462_1_39
1004,-3.355411,7190,O96024_1_35_Q08462_1_39
976,-3.703779,9500,O96024_1_35_Q08462_1_39
948,-4.134644,11810,O96024_1_35_Q08462_1_39
932,-4.135125,13130,O96024_1_35_Q08462_1_39
904,-3.18944,6424,O96024_1_35_Q9NXX6_1_78
748,-3.240556,8024,O96024_1_35_Q9NXX6_1_78
514,-3.145779,10424,O96024_1_35_Q9NXX6_1_78
280,-3.248018,12824,O96024_1_35_Q9NXX6_1_78
124,-3.282485,14424,O96024_1_35_Q9NXX6_1_78
1054,-3.441505,4742,O96024_1_35_Q3LI63_1_56
1092,-3.791483,4172,O96024_1_35_Q3LI63_1_56
1220,-4.809527,2252,O96024_1_35_Q3LI63_1_56
1004,-3.349429,5020,O96024_1_35_Q3LI60_1_44
977,-3.721374,4885,O96024_1_35_Q3LI60_1_44
923,-4.219689,4615,O96024_1_35_Q3LI60_1_44
869,-5.110388,4345,O96024_1_35_Q3LI60_1_44
842,-5.338589,4210,O96024_1_35_Q3LI60_1_44
1031,-3.203639,5809,O96024_1_35_O60229_1_34
1035,-3.375047,6669,O96024_1_35_O60229_1_34
1043,-3.6052,8389,O96024_1_35_O60229_1_34
1051,-3.694649,10109,O96024_1_35_O60229_1_34
1055,-4.039523,10969,O96024_1_35_O60229_1_34
1169,-3.182553,5341,O96024_1_35_Q2TAZ0_1_31
1364,-2.960218,5616,O96024_1_35_Q2TAZ0_1_31
1676,-2.809988,6056,O96024_1_35_Q2TAZ0_1_31
1988,-2.516883,6496,O96024_1_35_Q2TAZ0_1_31
2183,-2.472747,6771,O96024_1_35_Q2TAZ0_1_31
996,-3.24242,5318,O96024_1_35_Q96RR1_1_152
914,-3.371031,5818,O96024_1_35_Q96RR1_1_152
750,-3.840378,6818,O96024_1_35_Q96RR1_1_152
586,-4.566446,7818,O96024_1_35_Q96RR1_1_152
504,-5.291658,8318,O96024_1_35_Q96RR1_1_152
1012,-3.190964,5196,O96024_1_35_Q92935_1_86
980,-3.500459,5316,O96024_1_35_Q92935_1_86
932,-3.891466,5496,O96024_1_35_Q92935_1_86
884,-4.558855,5676,O96024_1_35_Q92935_1_86
1227,-3.045951,5655,O96024_1_35_Q92581_1_59
1575,-2.894523,6555,O96024_1_35_Q92581_1_59
2039,-2.856641,7755,O96024_1_35_Q92581_1_59
2503,-2.766228,8955,O96024_1_35_Q92581_1_59
2851,-2.625475,9855,O96024_1_35_Q92581_1_59
716,-3.280388,5632,O96024_1_35_P51784_641_729
92,-3.501534,6912,O96024_1_35_P51784_641_729
1304,-3.540294,8832,O96024_1_35_P51784_641_729
2516,-3.092895,10752,O96024_1_35_P51784_641_729
3324,-2.413907,12032,O96024_1_35_P51784_641_729
784,-3.219162,6314,O96024_1_35_Q96AA8_412_477
512,-3.362293,7614,O96024_1_35_Q96AA8_412_477
32,-3.635117,10214,O96024_1_35_Q96AA8_412_477
576,-3.993262,12814,O96024_1_35_Q96AA8_412_477
848,-4.35463,14114,O96024_1_35_Q96AA8_412_477
928,-2.67535,5342,O96024_1_35_Q96I15_1_30
100,-0.234045,6998,O96024_1_35_Q96I15_1_30
828,-5.524041,9684,P0DMR3_1_200_Q9H902_1_100
990,-5.220081,9090,P0DMR3_1_200_Q9H902_1_100
1530,-5.842047,7110,P0DMR3_1_200_Q9H902_1_100
1692,-5.977379,6516,P0DMR3_1_200_Q9H902_1_100
734,-5.980235,10338,P0DMR3_1_200_Q08462_1_39
778,-5.232345,11154,P0DMR3_1_200_Q08462_1_39
822,-4.863616,11970,P0DMR3_1_200_Q08462_1_39
866,-4.496936,12786,P0DMR3_1_200_Q08462_1_39
910,-4.468591,13602,P0DMR3_1_200_Q08462_1_39
672,-5.375955,10462,P0DMR3_1_200_Q9NXX6_1_78
516,-4.627586,11678,P0DMR3_1_200_Q9NXX6_1_78
360,-3.918073,12894,P0DMR3_1_200_Q9NXX6_1_78
204,-3.703546,14110,P0DMR3_1_200_Q9NXX6_1_78
48,-3.528395,15326,P0DMR3_1_200_Q9NXX6_1_78
782,-5.998436,9102,P0DMR3_1_200_Q3LI63_1_56
1222,-6.860923,2262,P0DMR3_1_200_Q3LI63_1_56
727,-5.883836,9647,P0DMR3_1_200_Q3LI60_1_44
745,-5.6426,8549,P0DMR3_1_200_Q3LI60_1_44
811,-6.145266,4523,P0DMR3_1_200_Q3LI60_1_44
761,-4.90524,10267,P0DMR3_1_200_O60229_1_34
793,-4.789616,10415,P0DMR3_1_200_O60229_1_34
889,-4.302038,10859,P0DMR3_1_200_O60229_1_34
985,-4.348725,11303,P0DMR3_1_200_O60229_1_34
1017,-4.144626,11451,P0DMR3_1_200_O60229_1_34
970,-4.330079,9598,P0DMR3_1_200_Q2TAZ0_1_31
1246,-3.967902,9062,P0DMR3_1_200_Q2TAZ0_1_31
1522,-3.3042,8526,P0DMR3_1_200_Q2TAZ0_1_31
1798,-3.09582,7990,P0DMR3_1_200_Q2TAZ0_1_31
2074,-2.735198,7454,P0DMR3_1_200_Q2TAZ0_1_31
700,-6.094222,9944,P0DMR3_1_200_Q96RR1_1_152
648,-5.878175,9616,P0DMR3_1_200_Q96RR1_1_152
596,-5.277141,9288,P0DMR3_1_200_Q96RR1_1_152
544,-6.236525,8960,P0DMR3_1_200_Q96RR1_1_152
492,-5.885528,8632,P0DMR3_1_200_Q96RR1_1_152
750,-5.322957,8974,P0DMR3_1_200_Q92935_1_86
778,-5.850838,7966,P0DMR3_1_200_Q92935_1_86
806,-5.412324,6958,P0DMR3_1_200_Q92935_1_86
446,-4.910896,10554,P0DMR3_1_200_P31268_193_230
3598,-2.886281,11826,P0DMR3_1_200_P31268_193_230
13054,-0.557327,15642,P0DMR3_1_200_P31268_193_230
478,-5.699777,10780,P0DMR3_1_200_Q96AA8_412_477
146,-5.524617,11732,P0DMR3_1_200_Q96AA8_412_477
186,-5.322957,12684,P0DMR3_1_200_Q96AA8_412_477
850,-4.670396,14588,P0DMR3_1_200_Q96AA8_412_477
982,-3.991532,9842,P0DMR3_1_200_P37108_98_136
3514,-1.120721,7490,P0DMR3_1_200_P37108_98_136
648,-3.662639,9792,P0DMR3_1_200_Q96I15_1_30
180,-0.848584,7920,P0DMR3_1_200_Q96I15_1_30
1575,-5.616874,6403,Q9H902_1_100_Q96M69_1_106
1010,-5.467544,7102,Q9H902_1_100_Q96M69_1_106
120,-5.785292,8500,Q9H902_1_100_Q96M69_1_106
1250,-4.84339,9898,Q9H902_1_100_Q96M69_1_106
1815,-4.945214,10597,Q9H902_1_100_Q96M69_1_106
1742,-5.472361,6642,Q9H902_1_100_Q08462_1_39
1552,-4.778082,8316,Q9H902_1_100_Q08462_1_39
1362,-4.783768,9990,Q9H902_1_100_Q08462_1_39
1172,-4.769292,11664,Q9H902_1_100_Q08462_1_39
982,-4.772124,13338,Q9H902_1_100_Q08462_1_39
1680,-4.808863,6766,Q9H902_1_100_Q9NXX6_1_78
1290,-4.026678,8840,Q9H902_1_100_Q9NXX6_1_78
900,-4.412684,10914,Q9H902_1_100_Q9NXX6_1_78
510,-3.769067,12988,Q9H902_1_100_Q9NXX6_1_78
120,-3.629939,15062,Q9H902_1_100_Q9NXX6_1_78
1742,-5.67435,5582,Q9H902_1_100_Q3LI63_1_56
1662,-5.851712,4830,Q9H902_1_100_Q3LI63_1_56
1422,-6.004191,2574,Q9H902_1_100_Q3LI63_1_56
1342,-7.148982,1822,Q9H902_1_100_Q3LI63_1_56
1699,-5.616308,5911,Q9H902_1_100_Q3LI60_1_44
1549,-6.254325,5601,Q9H902_1_100_Q3LI60_1_44
1309,-5.419051,5105,Q9H902_1_100_Q3LI60_1_44
1069,-5.803795,4609,Q9H902_1_100_Q3LI60_1_44
919,-6.438322,4299,Q9H902_1_100_Q3LI60_1_44
1604,-4.626039,7574,Q9H902_1_100_O60229_1_34
1254,-4.278142,10184,Q9H902_1_100_O60229_1_34
1149,-4.114349,10967,Q9H902_1_100_O60229_1_34
1837,-4.891131,6181,Q9H902_1_100_Q2TAZ0_1_31
1927,-4.071595,6327,Q9H902_1_100_Q2TAZ0_1_31
2062,-3.404113,6546,Q9H902_1_100_Q2TAZ0_1_31
2197,-2.823256,6765,Q9H902_1_100_Q2TAZ0_1_31
2287,-2.570028,6911,Q9H902_1_100_Q2TAZ0_1_31
1696,-5.782743,6292,Q9H902_1_100_Q96RR1_1_152
1416,-5.775344,6800,Q9H902_1_100_Q96RR1_1_152
1136,-5.545395,7308,Q9H902_1_100_Q96RR1_1_152
856,-5.785009,7816,Q9H902_1_100_Q96RR1_1_152
576,-6.256004,8324,Q9H902_1_100_Q96RR1_1_152
1663,-5.687001,6079,Q9H902_1_100_Q92935_1_86
1548,-5.612909,6048,Q9H902_1_100_Q92935_1_86
1318,-5.557714,5986,Q9H902_1_100_Q92935_1_86
1088,-5.711834,5924,Q9H902_1_100_Q92935_1_86
973,-5.371791,5893,Q9H902_1_100_Q92935_1_86
427,-4.871133,7735,Q9H902_1_100_P51784_641_729
918,-4.066021,9322,Q9H902_1_100_P51784_641_729
550,-5.452088,6902,Q9H902_1_100_P31268_193_230
1985,-3.635201,8483,Q9H902_1_100_P31268_193_230
1414,-5.017701,7348,Q9H902_1_100_Q96AA8_412_477
1149,-5.381481,8187,Q9H902_1_100_Q96AA8_412_477
441,-4.718249,13221,Q9H902_1_100_Q96AA8_412_477
706,-4.71448,14060,Q9H902_1_100_Q96AA8_412_477
1990,-3.907451,6146,Q9H902_1_100_P37108_98_136
3820,-1.555532,6368,Q9H902_1_100_P37108_98_136
1109,-4.677671,14175,Q13402_787_1000_Q08462_1_39
1050,-4.560364,14070,Q13402_787_1000_Q08462_1_39
991,-4.606311,13965,Q13402_787_1000_Q08462_1_39
1138,-5.356519,13190,Q13402_787_1000_Q3LI60_1_44
1091,-5.592059,11855,Q13402_787_1000_Q3LI60_1_44
856,-6.433401,5180,Q13402_787_1000_Q3LI60_1_44
1165,-4.898029,14031,Q13402_787_1000_O60229_1_34
1141,-4.369911,13495,Q13402_787_1000_O60229_1_34
1328,-4.43103,13328,Q13402_787_1000_Q2TAZ0_1_31
1750,-3.194968,10626,Q13402_787_1000_Q2TAZ0_1_31
1961,-2.928761,9275,Q13402_787_1000_Q2TAZ0_1_31
2172,-2.726268,7924,Q13402_787_1000_Q2TAZ0_1_31
932,-5.552973,14402,Q13402_787_1000_Q96AA8_412_477
487,-5.5174,14593,Q13402_787_1000_Q96AA8_412_477
403,-4.910779,14975,Q13402_787_1000_Q96AA8_412_477
848,-5.11961,15166,Q13402_787_1000_Q96AA8_412_477
1008,-3.255665,13272,Q13402_787_1000_Q96I15_1_30
273,-0.636237,8841,Q13402_787_1000_Q96I15_1_30
168,-0.186422,8208,Q13402_787_1000_Q96I15_1_30
1467,-5.615743,13975,Q9P2N5_932_1060_Q08462_1_39
983,-5.066755,13955,Q9P2N5_932_1060_Q08462_1_39
378,-4.980907,13930,Q9P2N5_932_1060_Q08462_1_39
227,-4.786788,13905,Q9P2N5_932_1060_Q08462_1_39
711,-4.613343,13885,Q9P2N5_932_1060_Q08462_1_39
1464,-4.957368,14206,Q9P2N5_932_1060_Q9NXX6_1_78
1308,-4.741591,14368,Q9P2N5_932_1060_Q9NXX6_1_78
840,-4.15615,14854,Q9P2N5_932_1060_Q9NXX6_1_78
372,-3.881705,15340,Q9P2N5_932_1060_Q9NXX6_1_78
216,-3.890439,15502,Q9P2N5_932_1060_Q9NXX6_1_78
1386,-5.392643,12726,Q9P2N5_932_1060_Q3LI63_1_56
990,-7.157723,2558,Q9P2N5_932_1060_Q3LI63_1_56
1217,-5.614327,12155,Q9P2N5_932_1060_Q3LI60_1_44
355,-5.777611,5935,Q9P2N5_932_1060_Q3LI60_1_44
1310,-4.897043,13662,Q9P2N5_932_1060_O60229_1_34
977,-4.702417,13381,Q9P2N5_932_1060_O60229_1_34
311,-4.406877,12819,Q9P2N5_932_1060_O60229_1_34
355,-4.361538,12257,Q9P2N5_932_1060_O60229_1_34
688,-4.164193,11976,Q9P2N5_932_1060_O60229_1_34
1454,-5.07648,13590,Q9P2N5_932_1060_Q2TAZ0_1_31
566,-4.542795,12038,Q9P2N5_932_1060_Q2TAZ0_1_31
322,-3.842816,10486,Q9P2N5_932_1060_Q2TAZ0_1_31
1210,-3.340518,8934,Q9P2N5_932_1060_Q2TAZ0_1_31
2098,-2.672556,7382,Q9P2N5_932_1060_Q2TAZ0_1_31
1430,-5.755438,13174,Q9P2N5_932_1060_Q92935_1_86
1052,-5.513045,11956,Q9P2N5_932_1060_Q92935_1_86
422,-5.309854,9926,Q9P2N5_932_1060_Q92935_1_86
208,-5.605503,7896,Q9P2N5_932_1060_Q92935_1_86
586,-5.887498,6678,Q9P2N5_932_1060_Q92935_1_86
1313,-5.395306,13699,Q9P2N5_932_1060_Q92581_1_59
314,-5.526054,12942,Q9P2N5_932_1060_Q92581_1_59
685,-5.100702,12185,Q9P2N5_932_1060_Q92581_1_59
1684,-3.879248,11428,Q9P2N5_932_1060_Q92581_1_59
2683,-2.807421,10671,Q9P2N5_932_1060_Q92581_1_59
2829,-3.570057,14179,Q9P2N5_932_1060_P31268_193_230
4536,-2.609741,14472,Q9P2N5_932_1060_P31268_193_230
11364,-0.553131,15644,Q9P2N5_932_1060_P31268_193_230
13071,-0.474275,15937,Q9P2N5_932_1060_P31268_193_230
1616,-5.09642,14124,Q9P2N5_932_1060_Q96AA8_412_477
1524,-5.114727,14332,Q9P2N5_932_1060_Q96AA8_412_477
1386,-4.856475,14644,Q9P2N5_932_1060_Q96AA8_412_477
1248,-4.937888,14956,Q9P2N5_932_1060_Q96AA8_412_477
1156,-4.802458,15164,Q9P2N5_932_1060_Q96AA8_412_477
1167,-3.778263,13375,Q9P2N5_932_1060_P37108_98_136
5,-2.673103,11979,Q9P2N5_932_1060_P37108_98_136
992,-4.774449,10688,P18089_200_362_Q08462_1_39
595,-4.256784,11339,P18089_200_362_Q08462_1_39
198,-4.641113,11990,P18089_200_362_Q08462_1_39
199,-4.448853,12641,P18089_200_362_Q08462_1_39
596,-4.658646,13292,P18089_200_362_Q08462_1_39
1105,-4.301732,9523,P18089_200_362_Q3LI60_1_44
603,-5.465892,4687,P18089_200_362_Q3LI60_1_44
865,-3.914747,10421,P18089_200_362_O60229_1_34
603,-4.037993,11337,P18089_200_362_O60229_1_34
1034,-4.343374,9890,P18089_200_362_Q2TAZ0_1_31
522,-3.931484,9442,P18089_200_362_Q2TAZ0_1_31
502,-3.359289,8546,P18089_200_362_Q2TAZ0_1_31
1526,-2.995566,7650,P18089_200_362_Q2TAZ0_1_31
2038,-2.677699,7202,P18089_200_362_Q2TAZ0_1_31
3336,-2.727915,11072,P18089_200_362_P31268_193_230
12204,-0.098503,15164,P18089_200_362_P31268_193_230
448,-2.864605,9600,P18089_200_362_P37108_98_136
3748,-0.333625,6988,P18089_200_362_P37108_98_136
1200,-3.035909,9866,P18089_200_362_Q96I15_1_30
300,-1.043221,7856,P18089_200_362_Q96I15_1_30
559,-4.903844,16401,Q8WTT2_1_202_Q08462_1_39
644,-4.461682,15804,Q8WTT2_1_202_Q08462_1_39
899,-4.590836,14013,Q8WTT2_1_202_Q08462_1_39
501,-5.238175,16517,Q8WTT2_1_202_Q9NXX6_1_78
384,-4.177024,16324,Q8WTT2_1_202_Q9NXX6_1_78
33,-4.026739,15745,Q8WTT2_1_202_Q9NXX6_1_78
571,-4.749538,14945,Q8WTT2_1_202_Q3LI60_1_44
781,-5.819487,5699,Q8WTT2_1_202_Q3LI60_1_44
596,-4.261968,15976,Q8WTT2_1_202_O60229_1_34
646,-3.839407,15506,Q8WTT2_1_202_O60229_1_34
996,-4.029228,12216,Q8WTT2_1_202_O60229_1_34
807,-3.726791,15105,Q8WTT2_1_202_Q2TAZ0_1_31
1118,-3.22403,13434,Q8WTT2_1_202_Q2TAZ0_1_31
2051,-2.537228,8421,Q8WTT2_1_202_Q2TAZ0_1_31
555,-4.992269,16535,Q8WTT2_1_202_P31268_193_230
3699,-2.536013,16435,Q8WTT2_1_202_P31268_193_230
13131,-0.335164,16135,Q8WTT2_1_202_P31268_193_230
323,-4.937129,16403,Q8WTT2_1_202_Q96AA8_412_477
881,-4.975472,15439,Q8WTT2_1_202_Q96AA8_412_477
791,-3.479462,15937,Q8WTT2_1_202_P37108_98_136
3470,-0.790388,9298,Q8WTT2_1_202_P37108_98_136
4363,-0.306428,7085,Q8WTT2_1_202_P37108_98_136
492,-3.332306,15822,Q8WTT2_1_202_Q96I15_1_30
132,-0.283835,9510,Q8WTT2_1_202_Q96I15_1_30
429,-5.73143,8793,Q9H497_1_109_Q08462_1_39
242,-5.813731,9492,Q9H497_1_109_Q08462_1_39
132,-5.212189,10890,Q9H497_1_109_Q08462_1_39
506,-4.673475,12288,Q9H497_1_109_Q08462_1_39
693,-4.637914,12987,Q9H497_1_109_Q08462_1_39
486,-4.68483,9980,Q9H497_1_109_Q9NXX6_1_78
174,-3.817899,13648,Q9H497_1_109_Q9NXX6_1_78
348,-7.556632,6854,Q9H497_1_109_Q3LI63_1_56
18,-7.56501,5728,Q9H497_1_109_Q3LI63_1_56
312,-6.420159,4602,Q9H497_1_109_Q3LI63_1_56
642,-6.614888,3476,Q9H497_1_109_Q3LI63_1_56
512,-6.432304,7538,Q9H497_1_109_Q3LI60_1_44
315,-6.61819,7027,Q9H497_1_109_Q3LI60_1_44
79,-6.425698,6005,Q9H497_1_109_Q3LI60_1_44
473,-6.619562,4983,Q9H497_1_109_Q3LI60_1_44
670,-6.283578,4472,Q9H497_1_109_Q3LI60_1_44
509,-5.914959,8247,Q9H497_1_109_O60229_1_34
155,-5.26025,9013,Q9H497_1_109_O60229_1_34
199,-4.853142,9779,Q9H497_1_109_O60229_1_34
553,-4.516978,10545,Q9H497_1_109_O60229_1_34
907,-4.216912,11311,Q9H497_1_109_O60229_1_34
288,-5.543304,7806,Q9H497_1_109_Q2TAZ0_1_31
8,-5.208131,7716,Q9H497_1_109_Q2TAZ0_1_31
832,-4.056968,7446,Q9H497_1_109_Q2TAZ0_1_31
1672,-3.257472,7176,Q9H497_1_109_Q2TAZ0_1_31
1952,-2.941647,7086,Q9H497_1_109_Q2TAZ0_1_31
131,-6.141018,8271,Q9H497_1_109_Q92581_1_59
532,-5.569058,8708,Q9H497_1_109_Q92581_1_59
1195,-4.796477,9145,Q9H497_1_109_Q92581_1_59
1858,-4.111994,9582,Q9H497_1_109_Q92581_1_59
2521,-3.218791,10019,Q9H497_1_109_Q92581_1_59
2763,-3.720763,9195,Q9H497_1_109_P31268_193_230
10558,-1.880013,13900,Q9H497_1_109_P31268_193_230
12117,-1.030128,14841,Q9H497_1_109_P31268_193_230
704,-5.807112,8668,Q9H497_1_109_Q96AA8_412_477
962,-5.520202,13072,Q9H497_1_109_Q96AA8_412_477
1048,-5.053992,14540,Q9H497_1_109_Q96AA8_412_477
111,-3.779598,7713,Q9H497_1_109_P37108_98_136
3849,-1.220569,6675,Q9H497_1_109_P37108_98_136
570,-3.805851,7824,Q9H497_1_109_Q96I15_1_30
150,-1.470966,7362,Q9H497_1_109_Q96I15_1_30
90,-0.708058,7296,Q9H497_1_109_Q96I15_1_30
997,-5.474619,11795,Q8WYR1_306_514_Q08462_1_39
398,-5.25234,12434,Q8WYR1_306_514_Q08462_1_39
201,-4.827876,13073,Q8WYR1_306_514_Q08462_1_39
1454,-5.972791,10286,Q8WYR1_306_514_Q3LI60_1_44
1100,-5.761248,9320,Q8WYR1_306_514_Q3LI60_1_44
451,-5.662708,7549,Q8WYR1_306_514_Q3LI60_1_44
198,-6.109877,5778,Q8WYR1_306_514_Q3LI60_1_44
552,-6.618739,4812,Q8WYR1_306_514_Q3LI60_1_44
1429,-5.054301,11077,Q8WYR1_306_514_O60229_1_34
880,-4.833139,11200,Q8WYR1_306_514_O60229_1_34
331,-4.677156,11323,Q8WYR1_306_514_O60229_1_34
218,-4.396999,11446,Q8WYR1_306_514_O60229_1_34
767,-4.133254,11569,Q8WYR1_306_514_O60229_1_34
1154,-5.515601,10450,Q8WYR1_306_514_Q2TAZ0_1_31
426,-4.583799,9720,Q8WYR1_306_514_Q2TAZ0_1_31
302,-4.134568,8990,Q8WYR1_306_514_Q2TAZ0_1_31
1030,-3.621923,8260,Q8WYR1_306_514_Q2TAZ0_1_31
1758,-3.006205,7530,Q8WYR1_306_514_Q2TAZ0_1_31
1542,-5.942449,10796,Q8WYR1_306_514_Q96RR1_1_152
1134,-6.091924,10332,Q8WYR1_306_514_Q96RR1_1_152
624,-5.695253,9752,Q8WYR1_306_514_Q96RR1_1_152
114,-5.993552,9172,Q8WYR1_306_514_Q96RR1_1_152
294,-5.993271,8708,Q8WYR1_306_514_Q96RR1_1_152
3040,-3.550265,11556,Q8WYR1_306_514_P31268_193_230
4780,-2.698801,12264,Q8WYR1_306_514_P31268_193_230
11015,-0.388917,14801,Q8WYR1_306_514_P31268_193_230
12900,-0.190676,15568,Q8WYR1_306_514_P31268_193_230
1648,-5.735722,11520,Q8WYR1_306_514_Q96AA8_412_477
1560,-5.421036,12112,Q8WYR1_306_514_Q96AA8_412_477
1406,-5.055451,13148,Q8WYR1_306_514_Q96AA8_412_477
1252,-4.852414,14184,Q8WYR1_306_514_Q96AA8_412_477
1164,-4.956458,14776,Q8WYR1_306_514_Q96AA8_412_477
1460,-3.260468,10436,Q8WYR1_306_514_Q96I15_1_30
260,-0.906135,7772,Q8WYR1_306_514_Q96I15_1_30
84,-5.101366,10948,Q6P158_1_189_Q08462_1_39
210,-4.947374,11382,Q6P158_1_189_Q08462_1_39
462,-4.683926,12250,Q6P158_1_189_Q08462_1_39
714,-4.687375,13118,Q6P158_1_189_Q08462_1_39
840,-4.645348,13552,Q6P158_1_189_Q08462_1_39
0,-5.201581,11116,Q6P158_1_189_Q9NXX6_1_78
0,-4.214225,11802,Q6P158_1_189_Q9NXX6_1_78
0,-3.774975,14546,Q6P158_1_189_Q9NXX6_1_78
0,-3.382374,15232,Q6P158_1_189_Q9NXX6_1_78
151,-4.516223,10789,Q6P158_1_189_O60229_1_34
340,-4.365125,10964,Q6P158_1_189_O60229_1_34
529,-4.303583,11139,Q6P158_1_189_O60229_1_34
718,-4.161225,11314,Q6P158_1_189_O60229_1_34
907,-4.149346,11489,Q6P158_1_189_O60229_1_34
1440,-3.919441,11208,Q6P158_1_189_P31268_193_230
4275,-2.352785,12293,Q6P158_1_189_P31268_193_230
12780,-0.384517,15548,Q6P158_1_189_P31268_193_230
168,-5.442815,11368,Q6P158_1_189_Q96AA8_412_477
294,-5.108951,11900,Q6P158_1_189_Q96AA8_412_477
798,-4.669255,14028,Q6P158_1_189_Q96AA8_412_477
924,-4.613027,14560,Q6P158_1_189_Q96AA8_412_477
420,-3.393097,10276,Q6P158_1_189_P37108_98_136
1050,-2.713408,9702,Q6P158_1_189_P37108_98_136
3570,-1.3278,7406,Q6P158_1_189_P37108_98_136
4200,-0.64316,6832,Q6P158_1_189_P37108_98_136
1578,-4.985549,11344,Q96M69_1_106_Q08462_1_39
1238,-4.815176,11686,Q96M69_1_106_Q08462_1_39
558,-5.171045,12370,Q96M69_1_106_Q08462_1_39
122,-4.736625,13054,Q96M69_1_106_Q08462_1_39
462,-4.496607,13396,Q96M69_1_106_Q08462_1_39
1722,-4.621019,11632,Q96M69_1_106_Q9NXX6_1_78
1488,-4.599395,12186,Q96M69_1_106_Q9NXX6_1_78
1020,-4.145329,13294,Q96M69_1_106_Q9NXX6_1_78
552,-3.800215,14402,Q96M69_1_106_Q9NXX6_1_78
318,-3.780001,14956,Q96M69_1_106_Q9NXX6_1_78
1748,-4.622674,10032,Q96M69_1_106_Q3LI63_1_56
992,-7.152542,2132,Q96M69_1_106_Q3LI63_1_56
1721,-4.972574,10119,Q96M69_1_106_Q3LI60_1_44
1351,-5.328151,9241,Q96M69_1_106_Q3LI60_1_44
611,-5.513336,7485,Q96M69_1_106_Q3LI60_1_44
129,-6.003634,5729,Q96M69_1_106_Q3LI60_1_44
499,-6.436138,4851,Q96M69_1_106_Q3LI60_1_44
1731,-4.891802,10947,Q96M69_1_106_O60229_1_34
1266,-4.584174,11064,Q96M69_1_106_O60229_1_34
491,-4.540458,11259,Q96M69_1_106_O60229_1_34
284,-4.465337,11454,Q96M69_1_106_O60229_1_34
749,-4.242346,11571,Q96M69_1_106_O60229_1_34
1450,-4.799749,10350,Q96M69_1_106_Q2TAZ0_1_31
1052,-4.767495,9994,Q96M69_1_106_Q2TAZ0_1_31
142,-4.044532,8926,Q96M69_1_106_Q2TAZ0_1_31
1336,-3.214602,7858,Q96M69_1_106_Q2TAZ0_1_31
1734,-2.941485,7502,Q96M69_1_106_Q2TAZ0_1_31
1346,-4.859649,10212,Q96M69_1_106_Q96RR1_1_152
784,-5.438438,9688,Q96M69_1_106_Q96RR1_1_152
222,-6.11157,9164,Q96M69_1_106_Q96RR1_1_152
1694,-5.374787,10268,Q96M69_1_106_Q92935_1_86
1330,-5.523177,9634,Q96M69_1_106_Q92935_1_86
602,-5.978522,8366,Q96M69_1_106_Q92935_1_86
126,-5.627837,7098,Q96M69_1_106_Q92935_1_86
490,-5.56354,6464,Q96M69_1_106_Q92935_1_86
1263,-5.526341,10797,Q96M69_1_106_Q92581_1_59
379,-5.889465,10711,Q96M69_1_106_Q92581_1_59
505,-5.187181,10625,Q96M69_1_106_Q92581_1_59
1389,-4.497609,10539,Q96M69_1_106_Q92581_1_59
2273,-3.581587,10453,Q96M69_1_106_Q92581_1_59
3363,-2.978373,11447,Q96M69_1_106_P31268_193_230
12897,-0.142689,15549,Q96M69_1_106_P31268_193_230
1934,-4.323718,11372,Q96M69_1_106_Q96AA8_412_477
1842,-5.005466,11800,Q96M69_1_106_Q96AA8_412_477
1566,-4.144152,13084,Q96M69_1_106_Q96AA8_412_477
1290,-4.875404,14368,Q96M69_1_106_Q96AA8_412_477
1198,-4.80075,14796,Q96M69_1_106_Q96AA8_412_477
1002,-3.133491,10192,Q96M69_1_106_P37108_98_136
238,-2.556724,9686,Q96M69_1_106_P37108_98_136
1333,-5.497209,19729,P08621_202_437_Q3LI60_1_44
1213,-5.078198,16093,P08621_202_437_Q3LI60_1_44
853,-6.145388,5185,P08621_202_437_Q3LI60_1_44
1460,-4.489404,19560,P08621_202_437_Q2TAZ0_1_31
1653,-3.651856,16729,P08621_202_437_Q2TAZ0_1_31
2232,-2.123699,8236,P08621_202_437_Q2TAZ0_1_31
1538,-5.090537,19806,P08621_202_437_Q92581_1_59
1791,-4.492676,18219,P08621_202_437_Q92581_1_59
2209,-3.79339,15597,P08621_202_437_Q92581_1_59
2627,-3.433273,12975,P08621_202_437_Q92581_1_59
2880,-2.957046,11388,P08621_202_437_Q92581_1_59
603,-4.716993,20261,P08621_202_437_P31268_193_230
2544,-3.23172,19664,P08621_202_437_P31268_193_230
1204,-5.565846,20490,P08621_202_437_Q96AA8_412_477
671,-5.279995,19273,P08621_202_437_Q96AA8_412_477
395,-4.91646,16839,P08621_202_437_Q96AA8_412_477
1224,-3.422149,19400,P08621_202_437_Q96I15_1_30
1089,-2.800013,18053,P08621_202_437_Q96I15_1_30
144,-0.158473,8624,P08621_202_437_Q96I15_1_30
832,-4.505568,14044,Q08462_1_39_Q9NXX6_1_78
692,-4.131699,14324,Q08462_1_39_Q9NXX6_1_78
462,-4.113842,14784,Q08462_1_39_Q9NXX6_1_78
230,-3.655868,15248,Q08462_1_39_Q9NXX6_1_78
92,-3.527267,15524,Q08462_1_39_Q9NXX6_1_78
950,-4.607395,12906,Q08462_1_39_Q3LI63_1_56
1016,-4.95248,10620,Q08462_1_39_Q3LI63_1_56
1192,-5.538941,4524,Q08462_1_39_Q3LI63_1_56
1258,-6.855756,2238,Q08462_1_39_Q3LI63_1_56
911,-4.525139,12695,Q08462_1_39_Q3LI60_1_44
871,-5.136514,8975,Q08462_1_39_Q3LI60_1_44
846,-5.373779,6650,Q08462_1_39_Q3LI60_1_44
831,-5.628636,5255,Q08462_1_39_Q3LI60_1_44
936,-4.551382,13640,Q08462_1_39_O60229_1_34
956,-4.367573,13316,Q08462_1_39_O60229_1_34
991,-4.348001,12749,Q08462_1_39_O60229_1_34
1026,-4.291687,12182,Q08462_1_39_O60229_1_34
1046,-4.312725,11858,Q08462_1_39_O60229_1_34
1060,-4.345895,13188,Q08462_1_39_Q2TAZ0_1_31
1295,-3.957608,12033,Q08462_1_39_Q2TAZ0_1_31
1624,-3.499056,10416,Q08462_1_39_Q2TAZ0_1_31
2188,-2.656844,7644,Q08462_1_39_Q2TAZ0_1_31
912,-4.401021,12832,Q08462_1_39_Q92935_1_86
904,-4.649692,12088,Q08462_1_39_Q92935_1_86
880,-4.844622,9856,Q08462_1_39_Q92935_1_86
856,-5.307061,7624,Q08462_1_39_Q92935_1_86
848,-5.435947,6880,Q08462_1_39_Q92935_1_86
1171,-4.704349,13447,Q08462_1_39_Q92581_1_59
1443,-4.304112,13003,Q08462_1_39_Q92581_1_59
1987,-3.839839,12115,Q08462_1_39_Q92581_1_59
2531,-3.151135,11227,Q08462_1_39_Q92581_1_59
2803,-2.926225,10783,Q08462_1_39_Q92581_1_59
404,-4.350273,13696,Q08462_1_39_P51784_641_729
36,-4.744485,13570,Q08462_1_39_P51784_641_729
1356,-4.226235,13192,Q08462_1_39_P51784_641_729
2676,-2.941214,12814,Q08462_1_39_P51784_641_729
3116,-2.735454,12688,Q08462_1_39_P51784_641_729
418,-4.6257,14058,Q08462_1_39_P31268_193_230
2910,-3.050986,14430,Q08462_1_39_P31268_193_230
732,-4.503356,13996,Q08462_1_39_Q96AA8_412_477
396,-4.461521,14234,Q08462_1_39_Q96AA8_412_477
84,-4.600711,14574,Q08462_1_39_Q96AA8_412_477
612,-4.602238,14948,Q08462_1_39_Q96AA8_412_477
900,-4.565294,15152,Q08462_1_39_Q96AA8_412_477
1292,-3.570072,13124,Q08462_1_39_P37108_98_136
3696,-0.856936,8316,Q08462_1_39_P37108_98_136
832,-3.569065,13194,Q08462_1_39_Q96I15_1_30
92,-0.223768,7866,Q08462_1_39_Q96I15_1_30
96,-3.45211,14614,Q9NXX6_1_78_Q3LI63_1_56
1188,-6.27949,2378,Q9NXX6_1_78_Q3LI63_1_56
97,-3.619044,14323,Q9NXX6_1_78_Q3LI60_1_44
721,-5.01392,5475,Q9NXX6_1_78_Q3LI60_1_44
100,-3.258954,15312,Q9NXX6_1_78_O60229_1_34
256,-3.539997,14716,Q9NXX6_1_78_O60229_1_34
529,-3.61628,13673,Q9NXX6_1_78_O60229_1_34
802,-3.746283,12630,Q9NXX6_1_78_O60229_1_34
226,-3.395327,14856,Q9NXX6_1_78_Q2TAZ0_1_31
538,-2.943898,13684,Q9NXX6_1_78_Q2TAZ0_1_31
1162,-2.98309,11340,Q9NXX6_1_78_Q2TAZ0_1_31
1786,-2.695677,8996,Q9NXX6_1_78_Q2TAZ0_1_31
2098,-2.501313,7824,Q9NXX6_1_78_Q2TAZ0_1_31
106,-3.562566,14444,Q9NXX6_1_78_Q92935_1_86
184,-3.643451,13528,Q9NXX6_1_78_Q92935_1_86
418,-3.838131,10780,Q9NXX6_1_78_Q92935_1_86
652,-4.881917,8032,Q9NXX6_1_78_Q92935_1_86
730,-5.096578,7116,Q9NXX6_1_78_Q92935_1_86
355,-3.465233,15079,Q9NXX6_1_78_Q92581_1_59
745,-3.514777,14399,Q9NXX6_1_78_Q92581_1_59
1525,-3.747529,13039,Q9NXX6_1_78_Q92581_1_59
2305,-3.127208,11679,Q9NXX6_1_78_Q92581_1_59
2695,-3.134117,10999,Q9NXX6_1_78_Q92581_1_59
414,-3.451887,15332,Q9NXX6_1_78_P51784_641_729
1116,-3.467156,14724,Q9NXX6_1_78_P51784_641_729
1818,-3.448844,14116,Q9NXX6_1_78_P51784_641_729
2520,-2.7504,13508,Q9NXX6_1_78_P51784_641_729
3222,-2.148823,12900,Q9NXX6_1_78_P51784_641_729
1260,-3.010936,15742,Q9NXX6_1_78_P31268_193_230
3600,-2.215204,15810,Q9NXX6_1_78_P31268_193_230
104,-3.420335,15668,Q9NXX6_1_78_Q96AA8_412_477
286,-3.641113,15598,Q9NXX6_1_78_Q96AA8_412_477
546,-3.800912,15498,Q9NXX6_1_78_Q96AA8_412_477
832,-4.231097,15388,Q9NXX6_1_78_Q96AA8_412_477
988,-4.378822,15328,Q9NXX6_1_78_Q96AA8_412_477
1235,-7.588101,1583,Q3LI63_1_56_Q3LI60_1_44
1171,-7.587014,1967,Q3LI63_1_56_Q3LI60_1_44
1051,-6.441317,2687,Q3LI63_1_56_Q3LI60_1_44
931,-5.919327,3407,Q3LI63_1_56_Q3LI60_1_44
867,-6.02813,3791,Q3LI63_1_56_Q3LI60_1_44
1261,-6.624214,2351,Q3LI63_1_56_O60229_1_34
1225,-5.669335,3995,Q3LI63_1_56_O60229_1_34
1171,-5.078484,6461,Q3LI63_1_56_O60229_1_34
1404,-5.813531,1936,Q3LI63_1_56_Q2TAZ0_1_31
1554,-4.75655,2758,Q3LI63_1_56_Q2TAZ0_1_31
2204,-3.10651,6320,Q3LI63_1_56_Q2TAZ0_1_31
1190,-7.155545,2108,Q3LI63_1_56_Q96RR1_1_152
542,-6.092787,7886,Q3LI63_1_56_Q96RR1_1_152
1240,-7.149531,1732,Q3LI63_1_56_Q92935_1_86
1180,-6.263247,2344,Q3LI63_1_56_Q92935_1_86
940,-5.941857,4792,Q3LI63_1_56_Q92935_1_86
880,-5.889465,5404,Q3LI63_1_56_Q92935_1_86
1519,-5.348374,2491,Q3LI63_1_56_Q92581_1_59
1681,-4.727809,3325,Q3LI63_1_56_Q92581_1_59
870,-6.622028,2230,Q3LI63_1_56_P51784_641_729
188,-5.205025,3788,Q3LI63_1_56_P51784_641_729
56,-5.317876,2568,Q3LI63_1_56_P31268_193_230
2804,-3.781086,5196,Q3LI63_1_56_P31268_193_230
12880,-1.131965,14832,Q3LI63_1_56_P31268_193_230
1538,-4.731809,1678,Q3LI63_1_56_P37108_98_136
3760,-1.112783,5132,Q3LI63_1_56_P37108_98_136
4366,-0.754442,6074,Q3LI63_1_56_P37108_98_136
1152,-4.474043,1896,Q3LI63_1_56_Q96I15_1_30
312,-1.290049,5760,Q3LI63_1_56_Q96I15_1_30
843,-6.284937,4881,Q3LI60_1_44_O60229_1_34
878,-5.562325,5980,Q3LI60_1_44_O60229_1_34
938,-4.857483,7864,Q3LI60_1_44_O60229_1_34
998,-4.504239,9748,Q3LI60_1_44_O60229_1_34
944,-5.653153,4332,Q3LI60_1_44_Q2TAZ0_1_31
1571,-3.889049,5531,Q3LI60_1_44_Q2TAZ0_1_31
1970,-3.220104,6294,Q3LI60_1_44_Q2TAZ0_1_31
2198,-2.724347,6730,Q3LI60_1_44_Q2TAZ0_1_31
789,-6.138823,4439,Q3LI60_1_44_Q96RR1_1_152
725,-5.983368,5263,Q3LI60_1_44_Q96RR1_1_152
645,-5.608358,6293,Q3LI60_1_44_Q96RR1_1_152
565,-6.254885,7323,Q3LI60_1_44_Q96RR1_1_152
501,-5.706244,8147,Q3LI60_1_44_Q96RR1_1_152
819,-6.141018,4227,Q3LI60_1_44_Q92935_1_86
822,-6.131666,4506,Q3LI60_1_44_Q92935_1_86
827,-5.557992,4971,Q3LI60_1_44_Q92935_1_86
832,-5.902293,5436,Q3LI60_1_44_Q92935_1_86
835,-6.018568,5715,Q3LI60_1_44_Q92935_1_86
968,-5.556589,4512,Q3LI60_1_44_Q92581_1_59
1451,-4.32395,5871,Q3LI60_1_44_Q92581_1_59
2417,-2.934097,8589,Q3LI60_1_44_Q92581_1_59
2900,-2.72536,9948,Q3LI60_1_44_Q92581_1_59
531,-5.738239,4631,Q3LI60_1_44_P51784_641_729
439,-4.858266,6469,Q3LI60_1_44_P51784_641_729
3349,-2.625888,11983,Q3LI60_1_44_P51784_641_729
768,-4.503042,5360,Q3LI60_1_44_P31268_193_230
2862,-3.513288,7034,Q3LI60_1_44_P31268_193_230
12634,-0.450771,14846,Q3LI60_1_44_P31268_193_230
626,-5.733614,5220,Q3LI60_1_44_Q96AA8_412_477
613,-4.653311,12477,Q3LI60_1_44_Q96AA8_412_477
900,-4.587174,14158,Q3LI60_1_44_Q96AA8_412_477
1271,-3.956318,4375,Q3LI60_1_44_P37108_98_136
3624,-1.217088,5844,Q3LI60_1_44_P37108_98_136
4167,-0.797968,6183,Q3LI60_1_44_P37108_98_136
1173,-4.119316,11223,O60229_1_34_Q2TAZ0_1_31
1691,-3.251239,9305,O60229_1_34_Q2TAZ0_1_31
2209,-2.775059,7387,O60229_1_34_Q2TAZ0_1_31
1017,-4.198578,11411,O60229_1_34_Q96RR1_1_152
891,-4.256527,10739,O60229_1_34_Q96RR1_1_152
765,-4.461216,10067,O60229_1_34_Q96RR1_1_152
639,-4.943894,9395,O60229_1_34_Q96RR1_1_152
513,-5.705964,8723,O60229_1_34_Q96RR1_1_152
1037,-4.042548,11095,O60229_1_34_Q92935_1_86
1001,-4.38959,10155,O60229_1_34_Q92935_1_86
947,-4.569605,8745,O60229_1_34_Q92935_1_86
893,-5.195134,7335,O60229_1_34_Q92935_1_86
857,-5.718501,6395,O60229_1_34_Q92935_1_86
1277,-3.687592,11501,O60229_1_34_Q92581_1_59
1610,-3.71583,11288,O60229_1_34_Q92581_1_59
2054,-3.024444,11004,O60229_1_34_Q92581_1_59
2498,-3.162313,10720,O60229_1_34_Q92581_1_59
2831,-2.843331,10507,O60229_1_34_Q92581_1_59
686,-4.017249,11706,O60229_1_34_P51784_641_729
104,-4.313568,11856,O60229_1_34_P51784_641_729
2474,-2.512268,12306,O60229_1_34_P51784_641_729
3264,-2.454541,12456,O60229_1_34_P51784_641_729
553,-3.970645,12117,O60229_1_34_P31268_193_230
2745,-2.93057,12757,O60229_1_34_P31268_193_230
854,-4.003081,11994,O60229_1_34_Q96AA8_412_477
519,-4.186305,12559,O60229_1_34_Q96AA8_412_477
17,-4.155543,13463,O60229_1_34_Q96AA8_412_477
553,-4.125518,14367,O60229_1_34_Q96AA8_412_477
888,-4.51274,14932,O60229_1_34_Q96AA8_412_477
949,-3.257986,11183,O60229_1_34_Q96I15_1_30
109,-0.134085,7655,O60229_1_34_Q96I15_1_30
2124,-2.723955,7122,Q2TAZ0_1_31_Q96RR1_1_152
1882,-3.031952,7326,Q2TAZ0_1_31_Q96RR1_1_152
914,-4.346655,8142,Q2TAZ0_1_31_Q96RR1_1_152
672,-4.851967,8346,Q2TAZ0_1_31_Q96RR1_1_152
2130,-2.911813,6822,Q2TAZ0_1_31_Q92935_1_86
1910,-3.173086,6658,Q2TAZ0_1_31_Q92935_1_86
1580,-3.759618,6412,Q2TAZ0_1_31_Q92935_1_86
1250,-4.260423,6166,Q2TAZ0_1_31_Q92935_1_86
1030,-4.936758,6002,Q2TAZ0_1_31_Q92935_1_86
2391,-2.431325,7287,Q2TAZ0_1_31_Q92581_1_59
2502,-2.302148,7806,Q2TAZ0_1_31_Q92581_1_59
2687,-2.403682,8671,Q2TAZ0_1_31_Q92581_1_59
2872,-2.541588,9536,Q2TAZ0_1_31_Q92581_1_59
1629,-2.979089,7613,Q2TAZ0_1_31_P51784_641_729
715,-3.382144,8467,Q2TAZ0_1_31_P51784_641_729
656,-3.803008,9748,Q2TAZ0_1_31_P51784_641_729
2027,-3.151313,11029,Q2TAZ0_1_31_P51784_641_729
2941,-2.852349,11883,Q2TAZ0_1_31_P51784_641_729
544,-3.544425,7956,Q2TAZ0_1_31_P31268_193_230
1620,-3.462515,9152,Q2TAZ0_1_31_P31268_193_230
1974,-2.76323,7826,Q2TAZ0_1_31_Q96AA8_412_477
1392,-3.071021,9242,Q2TAZ0_1_31_Q96AA8_412_477
616,-3.621936,11130,Q2TAZ0_1_31_Q96AA8_412_477
160,-4.087979,13018,Q2TAZ0_1_31_Q96AA8_412_477
742,-4.390792,14434,Q2TAZ0_1_31_Q96AA8_412_477
2062,-2.159563,6996,Q2TAZ0_1_31_Q96I15_1_30
1762,-1.71114,7026,Q2TAZ0_1_31_Q96I15_1_30
262,-0.138916,7176,Q2TAZ0_1_31_Q96I15_1_30
522,-5.623635,8142,Q96RR1_1_152_Q92935_1_86
588,-5.472361,7658,Q96RR1_1_152_Q92935_1_86
654,-5.546803,7174,Q96RR1_1_152_Q92935_1_86
720,-5.633413,6690,Q96RR1_1_152_Q92935_1_86
786,-6.014993,6206,Q96RR1_1_152_Q92935_1_86
1119,-4.891188,8973,Q96RR1_1_152_Q92581_1_59
1761,-4.014826,9433,Q96RR1_1_152_Q92581_1_59
2403,-3.44942,9893,Q96RR1_1_152_Q92581_1_59
984,-4.087795,9266,Q96RR1_1_152_P31268_193_230
3216,-2.892316,10418,Q96RR1_1_152_P31268_193_230
12702,-0.137543,15314,Q96RR1_1_152_P31268_193_230
344,-5.352599,9072,Q96RR1_1_152_Q96AA8_412_477
126,-5.276855,10012,Q96RR1_1_152_Q96AA8_412_477
746,-4.619682,13772,Q96RR1_1_152_Q96AA8_412_477
964,-4.501094,14712,Q96RR1_1_152_Q96AA8_412_477
1007,-5.25585,6203,Q92935_1_86_Q92581_1_59
1319,-4.793398,6839,Q92935_1_86_Q92581_1_59
1943,-3.884279,8111,Q92935_1_86_Q92581_1_59
2567,-3.462243,9383,Q92935_1_86_Q92581_1_59
2879,-2.948353,10019,Q92935_1_86_Q92581_1_59
504,-5.724574,6348,Q92935_1_86_P51784_641_729
448,-5.610067,7768,Q92935_1_86_P51784_641_729
1400,-4.046415,9188,Q92935_1_86_P51784_641_729
2352,-3.260218,10608,Q92935_1_86_P51784_641_729
3304,-2.028588,12028,Q92935_1_86_P51784_641_729
545,-4.99041,6799,Q92935_1_86_P31268_193_230
2594,-3.141879,8194,Q92935_1_86_P31268_193_230
12839,-0.092992,15169,Q92935_1_86_P31268_193_230
632,-5.710719,6860,Q92935_1_86_Q96AA8_412_477
328,-5.291334,8344,Q92935_1_86_Q96AA8_412_477
128,-5.46413,10570,Q92935_1_86_Q96AA8_412_477
584,-4.870563,12796,Q92935_1_86_Q96AA8_412_477
888,-4.762122,14280,Q92935_1_86_Q96AA8_412_477
1320,-3.547751,5936,Q92935_1_86_P37108_98_136
1672,-3.112528,5992,Q92935_1_86_P37108_98_136
3784,-1.082496,6328,Q92935_1_86_P37108_98_136
4136,-0.492003,6384,Q92935_1_86_P37108_98_136
2635,-2.954063,10499,Q92581_1_59_P51784_641_729
1659,-3.870981,10815,Q92581_1_59_P51784_641_729
293,-4.942778,11447,Q92581_1_59_P51784_641_729
2245,-3.279372,12079,Q92581_1_59_P51784_641_729
3221,-2.725895,12395,Q92581_1_59_P51784_641_729
865,-4.220374,11101,Q92581_1_59_P31268_193_230
1285,-3.597061,11815,Q92581_1_59_P31268_193_230
2771,-2.996828,10709,Q92581_1_59_Q96AA8_412_477
1875,-3.708734,11769,Q92581_1_59_Q96AA8_412_477
979,-4.606146,12829,Q92581_1_59_Q96AA8_412_477
83,-5.193071,13889,Q92581_1_59_Q96AA8_412_477
813,-4.95924,14949,Q92581_1_59_Q96AA8_412_477
3235,-2.253375,9919,Q92581_1_59_P37108_98_136
4235,0.0,7419,Q92581_1_59_P37108_98_136
4956,-1.554497,12980,P51784_641_729_P31268_193_230
5949,-1.30446,13315,P51784_641_729_P31268_193_230
11907,-0.24816,15325,P51784_641_729_P31268_193_230
12900,-0.081923,15660,P51784_641_729_P31268_193_230
2692,-2.111578,11840,P51784_641_729_P37108_98_136
1896,-2.173103,11254,P51784_641_729_P37108_98_136
12683,-0.109544,16021,P31268_193_230_Q96AA8_412_477
4457,-1.749597,15499,P31268_193_230_Q96AA8_412_477
2629,-3.095903,15383,P31268_193_230_Q96AA8_412_477
3510,-0.120007,9402,P31268_193_230_Q96I15_1_30
1485,-0.185005,8133,P31268_193_230_Q96I15_1_30
548,-3.38606,14448,Q96AA8_412_477_P37108_98_136
3260,-0.8907,8568,Q96AA8_412_477_P37108_98_136
986,-3.388447,14500,Q96AA8_412_477_Q96I15_1_30
276,-1.315828,9246,Q96AA8_412_477_Q96I15_1_30
382,-6.137178,4018,Q86U02_1_117_P19012_1_109
187,-5.368756,3311,Q86U02_1_117_P19012_1_109
756,-4.464029,2604,Q86U02_1_117_P19012_1_109
193,-6.273464,4627,Q86U02_1_117_Q9H902_1_100
592,-6.431206,5216,Q86U02_1_117_Q9H902_1_100
1377,-5.549051,5805,Q86U02_1_117_Q9H902_1_100
622,-6.018843,4834,Q86U02_1_117_Q9H497_1_109
638,-6.277303,6116,Q86U02_1_117_Q9H497_1_109
654,-6.277577,7398,Q86U02_1_117_Q9H497_1_109
838,-6.261858,5336,Q86U02_1_117_Q96M69_1_106
1818,-4.989513,9856,Q86U02_1_117_Q96M69_1_106
296,-6.018568,4648,Q86U02_1_117_Q92935_1_86
110,-5.725949,5082,Q86U02_1_117_Q92935_1_86
516,-5.908646,5516,Q86U02_1_117_Q92935_1_86
2184,-5.086171,5286,Q5QFB9_1_102_P19012_1_109
1727,-4.997791,4147,Q5QFB9_1_102_P19012_1_109
1270,-4.595785,3008,Q5QFB9_1_102_P19012_1_109
2088,-5.338743,6876,Q5QFB9_1_102_P0DMR3_1_200
1592,-5.836736,8032,Q5QFB9_1_102_P0DMR3_1_200
1096,-5.735722,9188,Q5QFB9_1_102_P0DMR3_1_200
2212,-5.858973,7616,Q5QFB9_1_102_Q13402_787_1000
1428,-5.670645,12648,Q5QFB9_1_102_Q13402_787_1000
1869,-6.006138,6357,Q5QFB9_1_102_Q9H497_1_109
902,-6.278124,6952,Q5QFB9_1_102_Q9H497_1_109
65,-6.142112,7547,Q5QFB9_1_102_Q9H497_1_109
2283,-5.256925,8423,Q5QFB9_1_102_P08621_202_437
1549,-5.711659,18385,Q5QFB9_1_102_P08621_202_437
955,-5.992144,7605,Q5QFB9_1_102_P51784_641_729
586,-4.384524,9254,Q5QFB9_1_102_P51784_641_729
2127,-3.233277,10903,Q5QFB9_1_102_P51784_641_729
1150,-4.31609,3062,P19012_1_109_Q9H902_1_100
1395,-5.273991,4215,P19012_1_109_Q9H902_1_100
1640,-4.98268,5368,P19012_1_109_Q9H902_1_100
696,-4.262261,3608,P19012_1_109_Q9P2N5_932_1060
345,-4.320417,8155,P19012_1_109_Q9P2N5_932_1060
1386,-5.161826,12702,P19012_1_109_Q9P2N5_932_1060
447,-4.55753,3849,P19012_1_109_Q96M69_1_106
525,-4.552236,6595,P19012_1_109_Q96M69_1_106
1497,-4.683174,9341,P19012_1_109_Q96M69_1_106
953,-4.334235,3157,P19012_1_109_Q92935_1_86
913,-5.055207,4081,P19012_1_109_Q92935_1_86
873,-5.159769,5005,P19012_1_109_Q92935_1_86
75,-3.896567,4661,P19012_1_109_P51784_641_729
1323,-3.526031,7417,P19012_1_109_P51784_641_729
2571,-2.970128,10173,P19012_1_109_P51784_641_729
694,-6.277029,4046,P30536_1_169_Q96K19_200_258
230,-5.914138,4564,P30536_1_169_Q96K19_200_258
234,-6.017195,5082,P30536_1_169_Q96K19_200_258
1061,-4.903586,3889,P30536_1_169_O96024_1_35
1049,-3.982815,4389,P30536_1_169_O96024_1_35
1037,-3.401577,4889,P30536_1_169_O96024_1_35
1119,-6.814285,3075,P30536_1_169_Q3LI63_1_56
1235,-6.838985,1847,P30536_1_169_Q3LI63_1_56
1045,-6.843411,3841,P30536_1_169_Q92935_1_86
953,-6.011405,4745,P30536_1_169_Q92935_1_86
861,-6.271539,5649,P30536_1_169_Q92935_1_86
683,-5.631186,4355,P30536_1_169_P51784_641_729
3249,-2.521186,11807,P30536_1_169_P51784_641_729
381,-6.122505,6281,Q96K19_200_258_P0DMR3_1_200
491,-5.679545,9289,Q96K19_200_258_P0DMR3_1_200
195,-6.021857,5599,Q96K19_200_258_Q9H902_1_100
595,-5.910572,5805,Q96K19_200_258_Q9H902_1_100
1385,-5.472361,6011,Q96K19_200_258_Q9H902_1_100
344,-6.00586,6796,Q96K19_200_258_Q13402_787_1000
910,-5.92933,12974,Q96K19_200_258_Q13402_787_1000
784,-6.00586,6354,Q96K19_200_258_Q8WYR1_306_514
1546,-5.749006,10144,Q96K19_200_258_Q8WYR1_306_514
152,-6.23681,10248,P0DMR3_1_200_Q96M69_1_106
660,-5.167293,10480,P0DMR3_1_200_Q96M69_1_106
1472,-5.219235,10712,P0DMR3_1_200_Q96M69_1_106
830,-5.847623,11906,P0DMR3_1_200_P08621_202_437
1044,-5.940077,15452,P0DMR3_1_200_P08621_202_437
1258,-5.642898,18998,P0DMR3_1_200_P08621_202_437
1121,-5.485912,10129,P0DMR3_1_200_Q92581_1_59
1885,-4.167563,10225,P0DMR3_1_200_Q92581_1_59
2649,-3.110795,10321,P0DMR3_1_200_Q92581_1_59
1673,-5.665339,7769,Q9H902_1_100_Q13402_787_1000
1303,-5.555381,12631,Q9H902_1_100_Q13402_787_1000
1315,-5.496654,6473,Q9H902_1_100_Q9H497_1_109
570,-6.278397,7020,Q9H902_1_100_Q9H497_1_109
175,-6.141018,7567,Q9H902_1_100_Q9H497_1_109
1724,-5.67435,8628,Q9H902_1_100_P08621_202_437
1444,-5.319566,18316,Q9H902_1_100_P08621_202_437
2015,-4.254124,6851,Q9H902_1_100_Q92581_1_59
2835,-2.795694,9639,Q9H902_1_100_Q92581_1_59
581,-5.487704,13661,Q13402_787_1000_Q96M69_1_106
1445,-4.809346,11499,Q13402_787_1000_Q96M69_1_106
1093,-5.742238,12223,Q13402_787_1000_Q92935_1_86
919,-5.755729,7909,Q13402_787_1000_Q92935_1_86
1456,-5.087879,13702,Q13402_787_1000_Q92581_1_59
2113,-3.66404,12325,Q13402_787_1000_Q92581_1_59
2770,-3.38745,10948,Q13402_787_1000_Q92581_1_59
1566,-5.497504,13314,Q9P2N5_932_1060_Q9H497_1_109
774,-6.010852,8606,Q9P2N5_932_1060_Q9H497_1_109
1722,-4.720272,13612,Q9P2N5_932_1060_Q96M69_1_106
1998,-4.979335,11268,Q9P2N5_932_1060_Q96M69_1_106
2031,-4.380426,13713,Q9P2N5_932_1060_P51784_641_729
3285,-3.012925,12811,Q9P2N5_932_1060_P51784_641_729
1128,-3.787348,10960,P18089_200_362_Q9NXX6_1_78
660,-3.740525,12914,P18089_200_362_Q9NXX6_1_78
192,-3.666995,14868,P18089_200_362_Q9NXX6_1_78
1084,-4.330805,9660,P18089_200_362_Q92935_1_86
600,-5.888903,6312,P18089_200_362_Q92935_1_86
304,-4.808436,10188,P18089_200_362_Q92581_1_59
865,-4.506759,10245,P18089_200_362_Q92581_1_59
2034,-3.783953,10302,P18089_200_362_Q92581_1_59
1545,-4.307513,10363,P18089_200_362_P51784_641_729
3411,-2.640054,12281,P18089_200_362_P51784_641_729
1276,-4.426506,11176,P18089_200_362_Q96AA8_412_477
1136,-4.492894,14232,P18089_200_362_Q96AA8_412_477
12,-4.903495,15414,Q8WTT2_1_202_Q96M69_1_106
1518,-4.843067,12020,Q8WTT2_1_202_Q96M69_1_106
529,-5.538405,15957,Q8WTT2_1_202_Q96RR1_1_152
477,-5.993834,9093,Q8WTT2_1_202_Q96RR1_1_152
959,-4.75411,15515,Q8WTT2_1_202_Q92581_1_59
1792,-3.92191,13462,Q8WTT2_1_202_Q92581_1_59
2625,-3.369272,11409,Q8WTT2_1_202_Q92581_1_59
908,-6.4171,8456,Q9H497_1_109_Q96M69_1_106
1350,-5.080784,9400,Q9H497_1_109_Q96M69_1_106
1792,-4.944618,10344,Q9H497_1_109_Q96M69_1_106
302,-6.272914,7424,Q9H497_1_109_Q92935_1_86
88,-6.276482,6886,Q9H497_1_109_Q92935_1_86
478,-5.90506,6348,Q9H497_1_109_Q92935_1_86
1196,-6.116635,9312,Q8WYR1_306_514_Q3LI63_1_56
760,-7.155,2980,Q8WYR1_306_514_Q3LI63_1_56
970,-6.231953,10912,Q8WYR1_306_514_Q92581_1_59
665,-5.350068,10689,Q8WYR1_306_514_Q92581_1_59
2300,-3.309571,10466,Q8WYR1_306_514_Q92581_1_59
406,-4.108226,10010,Q6P158_1_189_Q2TAZ0_1_31
1162,-3.356674,8806,Q6P158_1_189_Q2TAZ0_1_31
1918,-2.710418,7602,Q6P158_1_189_Q2TAZ0_1_31
580,-5.303385,10596,Q6P158_1_189_Q92581_1_59
1525,-4.215064,10505,Q6P158_1_189_Q92581_1_59
2470,-3.408974,10414,Q6P158_1_189_Q92581_1_59
1521,-5.225213,12367,Q96M69_1_106_P08621_202_437
336,-5.460418,15852,Q96M69_1_106_P08621_202_437
849,-6.088756,19337,Q96M69_1_106_P08621_202_437
2418,-3.736208,11264,Q96M69_1_106_P51784_641_729
2838,-3.357814,11702,Q96M69_1_106_P51784_641_729
3258,-2.792402,12140,Q96M69_1_106_P51784_641_729
1261,-4.536517,19145,P08621_202_437_Q08462_1_39
1146,-4.481503,17342,P08621_202_437_Q08462_1_39
1031,-4.54439,15539,P08621_202_437_Q08462_1_39
1035,-4.557632,19597,P08621_202_437_Q9NXX6_1_78
333,-3.925959,16935,P08621_202_437_Q9NXX6_1_78
1253,-5.487107,17577,P08621_202_437_Q92935_1_86
951,-5.388993,9099,P08621_202_437_Q92935_1_86
846,-4.357398,12930,Q08462_1_39_Q96RR1_1_152
698,-4.871569,11178,Q08462_1_39_Q96RR1_1_152
550,-5.190073,9426,Q08462_1_39_Q96RR1_1_152
80,-3.72106,14462,Q9NXX6_1_78_Q96RR1_1_152
392,-4.774637,9742,Q9NXX6_1_78_Q96RR1_1_152
36,-5.184364,9002,Q96RR1_1_152_P51784_641_729
1582,-3.644907,10510,Q96RR1_1_152_P51784_641_729
3128,-2.274681,12018,Q96RR1_1_152_P51784_641_729
1182,-3.25993,8162,Q96RR1_1_152_P37108_98_136
3910,-0.938395,6802,Q96RR1_1_152_P37108_98_136
3196,-2.676551,13014,P51784_641_729_Q96AA8_412_477
2364,-3.338658,13906,P51784_641_729_Q96AA8_412_477
1532,-4.279761,14798,P51784_641_729_Q96AA8_412_477
