densities_total,densities_s1,densities_s2
0.06628571428571428,0.0,0.06628571428571428
0.05885714285714286,0.0,0.05885714285714286
0.01685714285714286,0.0,0.01685714285714286
0.01942857142857143,0.0,0.01942857142857143
0.0028571428571428593,0.0,0.0028571428571428593
0.008285714285714294,0.0,0.008285714285714294
0.07142857142857142,0.0,0.07142857142857142
0.03314285714285721,0.0,0.03314285714285721
0.017714285714285717,0.0,0.017714285714285717
0.034857142857142843,0.0,0.034857142857142843
0.06800000000000007,0.0,0.06800000000000007
0.014571428571428572,0.0,0.014571428571428572
0.08142857142857146,0.0,0.08142857142857146
0.08657142857142867,0.0,0.08657142857142867
0.03914285714285716,0.0,0.03914285714285716
0.09085714285714272,0.0,0.09085714285714272
0.024571428571428616,0.0,0.024571428571428616
0.01914285714285713,0.008285714285714292,0.01085714285714284
0.1200000000000001,0.07571428571428576,0.04428571428571434
0.1854285714285711,0.06000000000000008,0.12542857142857103
0.23171428571428526,0.11200000000000006,0.11971428571428522
0.4145714285714295,0.22914285714285734,0.18542857142857214
0.37485714285714405,0.15885714285714306,0.216000000000001
1.7477142857142876,1.0634285714285687,0.6842857142857188
38.38257142857143,21.90685714285713,16.4757142857143
120.03742857142862,63.846857142857225,56.190571428571396
134.89828571428558,65.27714285714278,69.6211428571428
134.50542857142864,66.49171428571445,68.01371428571419
134.2102857142858,68.77428571428592,65.43599999999986
134.8060000000003,67.46914285714273,67.33685714285757
135.27971428571425,67.13285714285715,68.14685714285709
122.2048571428572,65.14600000000003,57.05885714285716
40.62257142857143,21.689142857142897,18.933428571428536
1.3774285714285741,0.6854285714285733,0.6920000000000007
0.3645714285714285,0.15314285714285705,0.21142857142857144
0.39400000000000024,0.22628571428571403,0.1677142857142862
0.3071428571428572,0.04628571428571444,0.2608571428571428
0.19942857142857157,0.013999999999999999,0.18542857142857155
0.09514285714285715,0.0,0.09514285714285715
0.1751428571428566,0.0,0.1751428571428566
0.27228571428571396,0.0,0.27228571428571396
0.12657142857142872,0.0,0.12657142857142872
0.04771428571428566,0.0,0.04771428571428566
0.12971428571428587,0.0,0.12971428571428587
0.08371428571428582,0.0,0.08371428571428582
0.03142857142857146,0.0,0.03142857142857146
0.0077142857142857065,0.0,0.0077142857142857065
0.03999999999999999,0.0,0.03999999999999999
0.03800000000000011,0.0,0.03800000000000011
0.0002857142857142857,0.0,0.0002857142857142857
0.03085714285714286,0.0,0.03085714285714286
0.02200000000000001,0.0,0.02200000000000001
0.020285714285714296,0.0,0.020285714285714296
0.055428571428571424,0.0,0.055428571428571424
0.06485714285714286,0.0,0.06485714285714286
0.04228571428571428,0.0,0.04228571428571428
0.07000000000000002,0.0,0.07000000000000002
0.011428571428571436,0.0,0.011428571428571436
0.008000000000000007,0.0,0.008000000000000007
0.007714285714285719,0.0,0.007714285714285719
0.1062857142857143,0.0,0.1062857142857143
0.10885714285714289,0.0,0.10885714285714289
0.21914285714285722,0.0,0.21914285714285722
0.09914285714285719,0.0,0.09914285714285719
0.0988571428571429,0.0,0.0988571428571429
0.08114285714285718,0.0,0.08114285714285718
0.11057142857142853,0.0,0.11057142857142853
0.045714285714285714,0.0,0.045714285714285714
0.010285714285714275,0.0,0.010285714285714275
0.025142857142857165,0.0,0.025142857142857165
0.1331428571428568,0.02714285714285718,0.10599999999999964
0.2551428571428567,0.05028571428571426,0.2048571428571425
0.2002857142857144,0.043714285714285726,0.15657142857142867
0.24914285714285764,0.053714285714285666,0.19542857142857198
0.47228571428571325,0.18285714285714255,0.2894285714285707
1.5525714285714298,0.7160000000000022,0.8365714285714276
37.66057142857143,20.58200000000003,17.0785714285714
120.87914285714311,61.12285714285711,59.756285714286
135.30428571428592,64.04485714285711,71.2594285714288
134.81171428571452,65.10285714285723,69.70885714285727
134.62714285714287,68.8822857142858,65.74485714285707
135.02457142857105,66.58199999999992,68.44257142857113
134.97657142857165,65.01828571428557,69.95828571428608
121.18314285714263,62.207714285714125,58.9754285714285
37.61000000000001,20.447714285714284,17.162285714285723
1.380285714285711,0.7208571428571418,0.6594285714285693
0.43542857142857233,0.24857142857142822,0.1868571428571441
0.7511428571428592,0.41142857142857187,0.33971428571428736
0.30142857142857093,0.059142857142857115,0.24228571428571383
0.10028571428571421,0.012000000000000025,0.08828571428571419
0.08257142857142866,0.0,0.08257142857142866
0.05800000000000005,0.0,0.05800000000000005
0.04799999999999994,0.0,0.04799999999999994
0.10828571428571422,0.0,0.10828571428571422
0.08828571428571422,0.0,0.08828571428571422
0.031714285714285646,0.0,0.031714285714285646
0.052571428571428644,0.0,0.052571428571428644
0.07000000000000015,0.0,0.07000000000000015
0.04285714285714284,0.0,0.04285714285714284
0.041714285714285836,0.0,0.041714285714285836
0.01228571428571431,0.0,0.01228571428571431
0.0005714285714285714,0.0,0.0005714285714285714
0.007999999999999993,0.0,0.007999999999999993
0.008857142857142855,0.0,0.008857142857142855
0.03514285714285713,0.0,0.03514285714285713
0.008000000000000002,0.0,0.008000000000000002
0.012571428571428565,0.0,0.012571428571428565
0.024857142857142852,0.0,0.024857142857142852
0.029428571428571436,0.0,0.029428571428571436
0.02457142857142857,0.0,0.02457142857142857
0.00142857142857143,0.0,0.00142857142857143
0.04000000000000005,0.0,0.04000000000000005
0.05171428571428575,0.0,0.05171428571428575
0.2182857142857142,0.0,0.2182857142857142
0.14857142857142855,0.0,0.14857142857142855
0.23742857142857132,0.0,0.23742857142857132
0.24142857142857146,0.0,0.24142857142857146
0.16199999999999995,0.0,0.16199999999999995
0.14000000000000004,0.0,0.14000000000000004
0.2120000000000003,0.0,0.2120000000000003
0.09057142857142852,0.0,0.09057142857142852
0.02542857142857141,0.0,0.02542857142857141
0.06542857142857147,0.0,0.06542857142857147
0.09714285714285693,0.0037142857142857095,0.09342857142857122
0.22857142857142848,0.0065714285714285805,0.2219999999999999
0.2482857142857151,0.0008571428571428579,0.24742857142857227
0.10514285714285727,0.0,0.10514285714285727
0.13200000000000003,0.008285714285714292,0.12371428571428573
1.3414285714285696,0.5431428571428566,0.7982857142857132
34.96114285714287,19.319428571428574,15.641714285714293
119.65685714285705,61.513714285714215,58.143142857142834
134.655428571428,65.44457142857145,69.21085714285655
134.62171428571395,67.06428571428587,67.55742857142808
133.98914285714275,68.4628571428571,65.52628571428565
134.42028571428554,65.41685714285717,69.00342857142839
135.23885714285794,62.913714285714214,72.32514285714372
119.12399999999994,57.45485714285713,61.66914285714281
36.570285714285745,19.692000000000014,16.87828571428573
1.4060000000000012,0.8902857142857153,0.5157142857142859
0.30028571428571466,0.12200000000000069,0.17828571428571394
0.33885714285714286,0.03257142857142852,0.30628571428571433
0.2568571428571432,0.008571428571428584,0.24828571428571458
0.1474285714285714,0.0008571428571428577,0.14657142857142855
0.16200000000000025,0.0,0.16200000000000025
0.21285714285714263,0.0,0.21285714285714263
0.09685714285714285,0.0,0.09685714285714285
0.09571428571428571,0.0,0.09571428571428571
0.0491428571428573,0.0,0.0491428571428573
0.013428571428571425,0.0,0.013428571428571425
0.00657142857142858,0.0,0.00657142857142858
0.03314285714285719,0.0,0.03314285714285719
0.026285714285714294,0.0,0.026285714285714294
0.002571428571428577,0.0,0.002571428571428577
0.011999999999999999,0.0,0.011999999999999999
0.045714285714285735,0.0,0.045714285714285735
0.0005714285714285714,0.0,0.0005714285714285714
0.005142857142857145,0.0,0.005142857142857145
0.06457142857142857,0.0,0.06457142857142857
0.07885714285714276,0.0,0.07885714285714276
0.05114285714285713,0.0,0.05114285714285713
0.04514285714285716,0.0,0.04514285714285716
0.0965714285714286,0.0,0.0965714285714286
0.08399999999999998,0.0,0.08399999999999998
0.06914285714285719,0.0,0.06914285714285719
0.18228571428571447,0.0,0.18228571428571447
0.2048571428571433,0.0,0.2048571428571433
0.13171428571428562,0.0,0.13171428571428562
0.15371428571428575,0.0,0.15371428571428575
0.1234285714285713,0.0,0.1234285714285713
0.016571428571428577,0.0,0.016571428571428577
0.07342857142857144,0.0,0.07342857142857144
0.10028571428571428,0.0,0.10028571428571428
0.09485714285714267,0.0,0.09485714285714267
0.215714285714286,0.0,0.215714285714286
0.30857142857142855,0.0,0.30857142857142855
0.1865714285714287,0.0,0.1865714285714287
0.08857142857142886,0.010000000000000016,0.07857142857142885
1.0897142857142859,0.592857142857142,0.4968571428571439
33.29971428571431,19.48857142857146,13.811142857142846
117.98657142857154,59.740000000000144,58.24657142857139
134.75857142857132,63.87771428571423,70.88085714285708
134.82999999999979,64.16257142857152,70.66742857142826
134.4162857142854,64.69771428571401,69.7185714285714
134.5277142857138,63.2140000000001,71.31371428571371
135.17942857142862,61.76599999999998,73.41342857142864
120.3185714285712,58.354571428571425,61.96399999999978
36.84542857142857,20.719142857142867,16.126285714285704
1.3248571428571454,0.7422857142857137,0.5825714285714317
0.12799999999999992,0.02142857142857139,0.10657142857142853
0.21057142857142847,0.001428571428571429,0.20914285714285705
0.2899999999999994,0.0,0.2899999999999994
0.332285714285714,0.0,0.332285714285714
0.40085714285714324,0.0,0.40085714285714324
0.2762857142857142,0.0,0.2762857142857142
0.09571428571428567,0.0,0.09571428571428567
0.03542857142857137,0.0,0.03542857142857137
0.019142857142857114,0.0,0.019142857142857114
0.06571428571428557,0.0,0.06571428571428557
0.0442857142857145,0.0,0.0442857142857145
0.09885714285714302,0.0,0.09885714285714302
0.0022857142857142863,0.0,0.0022857142857142863
0.004285714285714284,0.0,0.004285714285714284
0.012285714285714292,0.0,0.012285714285714292
0.0737142857142857,0.0,0.0737142857142857
0.09885714285714291,0.0,0.09885714285714291
0.08571428571428562,0.0,0.08571428571428562
0.07742857142857135,0.0,0.07742857142857135
0.08028571428571436,0.0,0.08028571428571436
0.03142857142857153,0.0,0.03142857142857153
0.06542857142857138,0.0,0.06542857142857138
0.032571428571428564,0.0,0.032571428571428564
0.07628571428571437,0.0,0.07628571428571437
0.0768571428571429,0.0,0.0768571428571429
0.08028571428571445,0.0,0.08028571428571445
0.07028571428571427,0.0,0.07028571428571427
0.09914285714285725,0.0,0.09914285714285725
0.05257142857142868,0.0,0.05257142857142868
0.03085714285714282,0.001142857142857145,0.029714285714285672
0.0900000000000002,0.007428571428571421,0.08257142857142878
0.2859999999999999,0.0022857142857142885,0.28371428571428564
0.13114285714285712,0.0,0.13114285714285712
0.20171428571428549,0.0,0.20171428571428549
0.11771428571428595,0.002571428571428577,0.11514285714285738
1.253999999999999,0.5842857142857131,0.6697142857142858
34.100000000000094,18.90685714285718,15.193142857142913
118.72914285714272,59.26314285714281,59.46599999999991
134.63485714285687,65.23628571428549,69.39857142857139
134.73028571428563,64.39114285714281,70.33914285714283
134.5554285714285,66.58057142857136,67.97485714285715
134.99771428571404,64.2291428571427,70.76857142857132
135.61857142857147,62.10171428571443,73.51685714285703
124.46114285714272,60.57171428571429,63.889428571428425
42.39228571428582,24.035428571428643,18.356857142857177
1.7314285714285693,0.9254285714285704,0.8059999999999989
0.23485714285714257,0.017428571428571467,0.21742857142857108
0.1625714285714287,0.0019999999999999983,0.1605714285714287
0.19342857142857145,0.0,0.19342857142857145
0.1508571428571429,0.0,0.1508571428571429
0.26828571428571557,0.0,0.26828571428571557
0.29542857142857165,0.0,0.29542857142857165
0.18742857142857097,0.0,0.18742857142857097
0.1011428571428571,0.0,0.1011428571428571
0.0462857142857142,0.0,0.0462857142857142
0.04771428571428557,0.0,0.04771428571428557
0.03542857142857134,0.0,0.03542857142857134
0.02371428571428575,0.0,0.02371428571428575
0.00400000000000001,0.0,0.00400000000000001
0.008857142857142817,0.0,0.008857142857142817
0.01971428571428572,0.0,0.01971428571428572
0.003428571428571431,0.0,0.003428571428571431
0.0002857142857142857,0.0,0.0002857142857142857
0.0011428571428571432,0.0,0.0011428571428571432
0.001714285714285714,0.0,0.001714285714285714
0.0022857142857142868,0.0,0.0022857142857142868
0.01628571428571426,0.0,0.01628571428571426
0.03599999999999997,0.0,0.03599999999999997
0.05228571428571437,0.0,0.05228571428571437
0.0628571428571428,0.0,0.0628571428571428
0.10514285714285704,0.0,0.10514285714285704
0.0785714285714286,0.0,0.0785714285714286
0.013714285714285708,0.0,0.013714285714285708
0.008285714285714306,0.0,0.008285714285714306
0.021999999999999954,0.0,0.021999999999999954
0.04028571428571426,0.0,0.04028571428571426
0.10571428571428558,0.0,0.10571428571428558
0.12514285714285767,0.0,0.12514285714285767
0.05057142857142866,0.0014285714285714303,0.04914285714285723
0.03628571428571439,0.012285714285714313,0.02400000000000008
0.21542857142857116,0.14371428571428543,0.07171428571428574
0.14285714285714293,0.052857142857143026,0.0899999999999999
0.14971428571428538,0.020000000000000007,0.1297142857142854
0.13314285714285684,0.02628571428571434,0.1068571428571425
0.1705714285714288,0.02485714285714284,0.14571428571428593
1.3682857142857126,0.7262857142857144,0.6419999999999981
35.876857142857,20.66457142857135,15.212285714285649
118.38857142857154,61.820571428571384,56.568000000000154
134.15714285714245,63.53428571428551,70.62285714285694
134.32714285714277,64.80599999999998,69.52114285714279
134.10800000000003,68.70942857142849,65.39857142857154
134.50599999999974,67.20028571428576,67.30571428571399
135.0905714285714,65.17885714285711,69.91171428571428
123.48800000000004,64.88028571428569,58.60771428571435
43.59142857142861,23.582571428571427,20.00885714285718
1.8757142857142857,0.9860000000000001,0.8897142857142856
0.3148571428571428,0.04342857142857137,0.2714285714285714
0.10800000000000007,0.029428571428571557,0.07857142857142851
0.14171428571428546,0.012571428571428539,0.12914285714285692
0.10628571428571444,0.0,0.10628571428571444
0.0822857142857145,0.0,0.0822857142857145
0.14885714285714258,0.0,0.14885714285714258
0.3357142857142862,0.0,0.3357142857142862
0.2759999999999998,0.0,0.2759999999999998
0.1228571428571431,0.0,0.1228571428571431
0.1245714285714287,0.0,0.1245714285714287
0.07971428571428583,0.0,0.07971428571428583
0.013142857142857161,0.0,0.013142857142857161
0.002000000000000005,0.0,0.002000000000000005
0.034285714285714246,0.0,0.034285714285714246
0.06828571428571434,0.0,0.06828571428571434
0.0028571428571428584,0.0,0.0028571428571428584
0.004285714285714283,0.0,0.004285714285714283
0.0037142857142857155,0.0,0.0037142857142857155
0.0017142857142857144,0.0,0.0017142857142857144
0.034857142857142843,0.0,0.034857142857142843
0.01657142857142857,0.0,0.01657142857142857
0.02771428571428571,0.0,0.02771428571428571
0.027714285714285712,0.0,0.027714285714285712
0.0005714285714285718,0.0,0.0005714285714285718
0.028000000000000008,0.0,0.028000000000000008
0.03685714285714283,0.0,0.03685714285714283
0.015142857142857152,0.0,0.015142857142857152
0.07885714285714293,0.0,0.07885714285714293
0.054571428571428604,0.0,0.054571428571428604
0.021714285714285717,0.0,0.021714285714285717
0.015428571428571423,0.0,0.015428571428571423
0.1697142857142857,0.0,0.1697142857142857
0.31714285714285645,0.0,0.31714285714285645
0.34085714285714314,0.0,0.34085714285714314
0.09228571428571428,0.0,0.09228571428571428
0.07971428571428567,0.006000000000000007,0.07371428571428566
0.21085714285714302,0.033142857142857175,0.17771428571428585
0.21457142857142814,0.010571428571428561,0.20399999999999957
0.4051428571428575,0.09971428571428569,0.3054285714285718
0.23971428571428527,0.09200000000000001,0.14771428571428524
0.352,0.1148571428571428,0.2371428571428572
1.6717142857142862,0.9108571428571433,0.7608571428571429
35.54314285714289,20.451999999999988,15.0911428571429
117.7468571428571,64.02599999999988,53.72085714285722
134.90342857142846,67.94342857142858,66.95999999999988
134.79228571428604,66.09200000000001,68.70028571428604
134.48457142857183,67.42000000000016,67.06457142857167
135.40342857142858,66.81428571428543,68.58914285714314
135.3971428571424,66.311714285714,69.08542857142838
125.54342857142842,64.90514285714279,60.63828571428564
44.66714285714288,23.349714285714334,21.317428571428543
1.6568571428571401,0.8002857142857133,0.8565714285714268
0.21199999999999936,0.05971428571428568,0.15228571428571366
0.3014285714285717,0.15342857142857208,0.14799999999999963
0.2214285714285713,0.052285714285714394,0.1691428571428569
0.1322857142857142,0.0040000000000000105,0.1282857142857142
0.09085714285714291,0.0,0.09085714285714291
0.07942857142857167,0.0,0.07942857142857167
0.11114285714285721,0.0,0.11114285714285721
0.11714285714285715,0.0,0.11714285714285715
0.036857142857142866,0.0,0.036857142857142866
0.14685714285714263,0.0,0.14685714285714263
0.1251428571428569,0.0,0.1251428571428569
0.09057142857142848,0.0,0.09057142857142848
0.08228571428571449,0.0,0.08228571428571449
0.04485714285714293,0.0,0.04485714285714293
0.014000000000000016,0.0,0.014000000000000016
0.045142857142857144,0.0,0.045142857142857144
0.030285714285714298,0.0,0.030285714285714298
0.017142857142857137,0.0,0.017142857142857137
0.016857142857142855,0.0,0.016857142857142855
0.010857142857142859,0.0,0.010857142857142859
0.0031428571428571434,0.0,0.0031428571428571434
0.034285714285714336,0.0,0.034285714285714336
0.03142857142857147,0.0,0.03142857142857147
0.002285714285714285,0.0,0.002285714285714285
0.0031428571428571343,0.0,0.0031428571428571343
0.024571428571428557,0.0,0.024571428571428557
0.06428571428571431,0.0,0.06428571428571431
0.10999999999999999,0.0,0.10999999999999999
0.25485714285714234,0.0,0.25485714285714234
0.1339999999999999,0.0,0.1339999999999999
0.10257142857142872,0.0,0.10257142857142872
0.1051428571428572,0.0,0.1051428571428572
0.487428571428572,0.0,0.487428571428572
0.2971428571428574,0.0,0.2971428571428574
0.06657142857142857,0.0,0.06657142857142857
0.1288571428571428,0.0,0.1288571428571428
0.28714285714285787,0.0,0.28714285714285787
0.297428571428572,0.005142857142857159,0.2922857142857148
0.3560000000000005,0.02171428571428571,0.3342857142857148
0.24799999999999942,0.010000000000000018,0.2379999999999994
0.19799999999999968,0.05857142857142878,0.1394285714285709
1.4717142857142893,0.7071428571428572,0.7645714285714322
36.92199999999994,20.421428571428635,16.500571428571305
120.0277142857144,63.466000000000015,56.56171428571438
135.28171428571468,66.03114285714283,69.25057142857186
134.26457142857126,65.96000000000002,68.30457142857122
134.82799999999997,65.68771428571434,69.14028571428564
134.97714285714335,67.64028571428591,67.33685714285744
135.19028571428615,65.95000000000003,69.24028571428612
123.0565714285713,61.26599999999998,61.79057142857132
41.11114285714283,21.22400000000005,19.88714285714278
1.714857142857143,0.919714285714286,0.795142857142857
0.41685714285714376,0.1320000000000003,0.2848571428571434
0.6311428571428574,0.28285714285714403,0.3482857142857134
0.3208571428571435,0.07142857142857172,0.2494285714285718
0.09628571428571432,0.008857142857142824,0.0874285714285715
0.047428571428571466,0.0,0.047428571428571466
0.024285714285714285,0.0,0.024285714285714285
0.03771428571428573,0.0,0.03771428571428573
0.1428571428571425,0.0,0.1428571428571425
0.08200000000000016,0.0,0.08200000000000016
0.2342857142857151,0.0,0.2342857142857151
0.15400000000000053,0.0,0.15400000000000053
0.06228571428571435,0.0,0.06228571428571435
0.052285714285714414,0.0,0.052285714285714414
0.009714285714285722,0.0,0.009714285714285722
0.05771428571428572,0.0,0.05771428571428572
0.06257142857142857,0.0,0.06257142857142857
0.006857142857142856,0.0,0.006857142857142856
0.00342857142857143,0.0,0.00342857142857143
0.0022857142857142863,0.0,0.0022857142857142863
0.000857142857142857,0.0,0.000857142857142857
0.013428571428571425,0.0,0.013428571428571425
0.006857142857142851,0.0,0.006857142857142851
0.01971428571428574,0.0,0.01971428571428574
0.07571428571428573,0.0,0.07571428571428573
0.21228571428571388,0.0,0.21228571428571388
0.24914285714285728,0.0,0.24914285714285728
0.3388571428571428,0.0,0.3388571428571428
0.3528571428571431,0.0,0.3528571428571431
0.2271428571428573,0.0,0.2271428571428573
0.22085714285714278,0.0,0.22085714285714278
0.4474285714285709,0.0,0.4474285714285709
0.34999999999999953,0.0,0.34999999999999953
0.06857142857142842,0.0,0.06857142857142842
0.15200000000000036,0.0,0.15200000000000036
0.237142857142857,0.0,0.237142857142857
0.3854285714285716,0.0071428571428571635,0.37828571428571445
0.33685714285714285,0.00028571428571428617,0.3365714285714286
0.15485714285714255,0.0,0.15485714285714255
0.16142857142857206,0.01485714285714281,0.14657142857142924
1.038857142857139,0.5154285714285713,0.5234285714285676
34.168857142857206,18.477714285714228,15.691142857142978
119.63257142857151,59.65542857142863,59.97714285714287
134.758285714286,66.26742857142868,68.49085714285731
134.78485714285773,67.17542857142864,67.60942857142909
134.285142857143,68.08628571428557,66.19885714285743
133.1037142857145,68.68285714285706,64.42085714285743
135.2860000000005,65.0062857142858,70.27971428571472
120.32199999999996,58.12228571428566,62.19971428571429
37.0017142857144,18.688285714285737,18.313428571428663
1.290857142857142,0.7554285714285702,0.5354285714285718
0.24342857142857174,0.036285714285714234,0.20714285714285752
0.26628571428571407,0.030857142857142836,0.23542857142857124
0.21685714285714242,0.004000000000000009,0.2128571428571424
0.2088571428571427,0.0002857142857142868,0.2085714285714284
0.2811428571428571,0.0,0.2811428571428571
0.10428571428571423,0.0,0.10428571428571423
0.07199999999999984,0.0,0.07199999999999984
0.07914285714285693,0.0,0.07914285714285693
0.13514285714285776,0.0,0.13514285714285776
0.20200000000000012,0.0,0.20200000000000012
0.026571428571428593,0.0,0.026571428571428593
0.02114285714285714,0.0,0.02114285714285714
0.03857142857142857,0.0,0.03857142857142857
0.0002857142857142859,0.0,0.0002857142857142859
0.014857142857142857,0.0,0.014857142857142857
0.06314285714285715,0.0,0.06314285714285715
0.027999999999999997,0.0,0.027999999999999997
0.0017142857142857138,0.0,0.0017142857142857138
0.005428571428571432,0.0,0.005428571428571432
0.013142857142857163,0.0,0.013142857142857163
0.054285714285714264,0.0,0.054285714285714264
0.04828571428571428,0.0,0.04828571428571428
0.037714285714285686,0.0,0.037714285714285686
0.06628571428571421,0.0,0.06628571428571421
0.08314285714285709,0.0,0.08314285714285709
0.14971428571428555,0.0,0.14971428571428555
0.14828571428571438,0.0,0.14828571428571438
0.13857142857142868,0.0,0.13857142857142868
0.10971428571428572,0.0,0.10971428571428572
0.19657142857142867,0.0,0.19657142857142867
0.2454285714285712,0.0,0.2454285714285712
0.22057142857142834,0.0,0.22057142857142834
0.0771428571428572,0.0,0.0771428571428572
0.13485714285714298,0.0,0.13485714285714298
0.2171428571428574,0.0,0.2171428571428574
0.3625714285714288,0.0,0.3625714285714288
0.29771428571428593,0.0,0.29771428571428593
0.11171428571428593,0.0,0.11171428571428593
0.24657142857142847,0.013142857142857149,0.23342857142857135
1.0720000000000025,0.5680000000000007,0.5040000000000018
34.64228571428574,18.89999999999998,15.74228571428576
119.52314285714284,60.41200000000009,59.11114285714275
135.1794285714286,66.52999999999997,68.64942857142861
134.9439999999999,65.64342857142846,69.30057142857143
134.3460000000004,67.80314285714303,66.54285714285737
133.92285714285745,68.01114285714286,65.9117142857146
134.40085714285718,64.33114285714285,70.06971428571433
119.8865714285716,58.490285714285754,61.39628571428585
35.78228571428573,18.896571428571377,16.88571428571435
1.3085714285714258,0.7377142857142852,0.5708571428571406
0.20828571428571438,0.014285714285714301,0.1940000000000001
0.17371428571428565,0.0,0.17371428571428565
0.3171428571428577,0.0,0.3171428571428577
0.31542857142857117,0.0,0.31542857142857117
0.2737142857142856,0.0,0.2737142857142856
0.1014285714285716,0.0,0.1014285714285716
0.16314285714285706,0.0,0.16314285714285706
0.060571428571428595,0.0,0.060571428571428595
0.04114285714285721,0.0,0.04114285714285721
0.050571428571428795,0.0,0.050571428571428795
0.05228571428571439,0.0,0.05228571428571439
0.07628571428571436,0.0,0.07628571428571436
0.00800000000000002,0.0,0.00800000000000002
0.00028571428571428606,0.0,0.00028571428571428606
0.0022857142857142863,0.0,0.0022857142857142863
0.0011428571428571425,0.0,0.0011428571428571425
0.0014285714285714286,0.0,0.0014285714285714286
0.019999999999999987,0.0,0.019999999999999987
0.061428571428571555,0.0,0.061428571428571555
0.08914285714285712,0.0,0.08914285714285712
0.06971428571428583,0.0,0.06971428571428583
0.05285714285714289,0.0,0.05285714285714289
0.0637142857142857,0.0,0.0637142857142857
0.023428571428571424,0.0,0.023428571428571424
0.020571428571428567,0.0,0.020571428571428567
0.04999999999999996,0.0,0.04999999999999996
0.15942857142857148,0.0,0.15942857142857148
0.1074285714285715,0.0,0.1074285714285715
0.10114285714285712,0.0,0.10114285714285712
0.1685714285714285,0.0,0.1685714285714285
0.038857142857142875,0.0,0.038857142857142875
0.023142857142857194,0.0028571428571428606,0.020285714285714334
0.2145714285714285,0.00742857142857142,0.20714285714285707
0.36657142857142955,0.00028571428571428595,0.36628571428571527
0.1631428571428569,0.006000000000000005,0.1571428571428569
0.23828571428571432,0.0,0.23828571428571432
0.19114285714285661,0.007714285714285708,0.18342857142857089
1.0974285714285708,0.5279999999999996,0.5694285714285712
35.989999999999924,18.95171428571429,17.038285714285635
119.32742857142868,60.83542857142868,58.492000000000004
134.19228571428562,67.3557142857143,66.83657142857132
135.17857142857133,65.08714285714295,70.09142857142837
134.6891428571425,67.32628571428565,67.36285714285687
134.84685714285737,67.92714285714287,66.9197142857145
135.06485714285702,64.21342857142879,70.85142857142823
123.59628571428577,61.94571428571425,61.65057142857152
40.84085714285711,23.241142857142798,17.599714285714313
1.5351428571428571,0.8642857142857159,0.6708571428571413
0.2002857142857141,0.016571428571428598,0.1837142857142855
0.06742857142857153,0.0,0.06742857142857153
0.11399999999999988,0.0,0.11399999999999988
0.18400000000000008,0.0,0.18400000000000008
0.1360000000000003,0.0,0.1360000000000003
0.15342857142857136,0.0,0.15342857142857136
0.13685714285714287,0.0,0.13685714285714287
0.05485714285714292,0.0,0.05485714285714292
0.08657142857142844,0.0,0.08657142857142844
0.04685714285714296,0.0,0.04685714285714296
0.05285714285714305,0.0,0.05285714285714305
0.08000000000000004,0.0,0.08000000000000004
0.09285714285714275,0.0,0.09285714285714275
0.028000000000000046,0.0,0.028000000000000046
0.0337142857142856,0.0,0.0337142857142856
0.01914285714285715,0.0,0.01914285714285715
0.0002857142857142857,0.0,0.0002857142857142857
0.0014285714285714286,0.0,0.0014285714285714286
0.0005714285714285716,0.0,0.0005714285714285716
0.006000000000000001,0.0,0.006000000000000001
0.019142857142857118,0.0,0.019142857142857118
0.04142857142857145,0.0,0.04142857142857145
0.031714285714285646,0.0,0.031714285714285646
0.02285714285714287,0.0,0.02285714285714287
0.05828571428571425,0.0,0.05828571428571425
0.02257142857142859,0.0,0.02257142857142859
0.08228571428571425,0.0,0.08228571428571425
0.025714285714285703,0.0,0.025714285714285703
0.047142857142857125,0.0,0.047142857142857125
0.12428571428571454,0.0,0.12428571428571454
0.10885714285714293,0.0,0.10885714285714293
0.13400000000000004,0.0,0.13400000000000004
0.20628571428571435,0.0,0.20628571428571435
0.08371428571428569,0.018571428571428638,0.06514285714285704
0.3117142857142853,0.0999999999999997,0.21171428571428558
0.24799999999999958,0.020000000000000007,0.2279999999999996
0.26000000000000056,0.0911428571428572,0.16885714285714337
0.21942857142857164,0.04257142857142855,0.17685714285714307
0.245142857142857,0.04514285714285728,0.19999999999999973
1.2631428571428527,0.586857142857144,0.6762857142857086
34.15714285714285,19.625428571428554,14.531714285714298
118.18371428571452,63.58028571428559,54.60342857142893
134.19685714285743,67.84342857142867,66.35342857142875
135.27771428571452,65.21399999999996,70.06371428571457
134.2474285714286,67.99971428571416,66.24771428571444
134.1454285714285,68.64828571428559,65.49714285714292
135.11428571428578,66.97457142857112,68.13971428571465
125.40028571428608,66.12514285714312,59.275142857142974
44.67714285714289,25.234285714285644,19.442857142857246
1.619999999999996,0.809142857142858,0.8108571428571382
0.22142857142857156,0.005999999999999989,0.21542857142857158
0.03657142857142859,0.0017142857142857155,0.03485714285714287
0.048285714285714244,0.0008571428571428576,0.04742857142857139
0.05914285714285732,0.0,0.05914285714285732
0.1271428571428569,0.0,0.1271428571428569
0.1154285714285714,0.0,0.1154285714285714
0.1062857142857143,0.0,0.1062857142857143
0.11885714285714319,0.0,0.11885714285714319
0.1891428571428571,0.0,0.1891428571428571
0.14799999999999966,0.0,0.14799999999999966
0.11257142857142903,0.0,0.11257142857142903
0.0891428571428572,0.0,0.0891428571428572
0.0654285714285713,0.0,0.0654285714285713
0.07199999999999962,0.0,0.07199999999999962
0.04914285714285728,0.0,0.04914285714285728
0.00342857142857143,0.0,0.00342857142857143
0.027714285714285723,0.0,0.027714285714285723
0.010857142857142862,0.0,0.010857142857142862
0.0011428571428571432,0.0,0.0011428571428571432
0.0011428571428571432,0.0,0.0011428571428571432
0.002571428571428572,0.0,0.002571428571428572
0.07771428571428575,0.0,0.07771428571428575
0.05428571428571426,0.0,0.05428571428571426
0.002285714285714285,0.0,0.002285714285714285
0.0022857142857142868,0.0,0.0022857142857142868
0.06628571428571439,0.0,0.06628571428571439
0.14228571428571413,0.0,0.14228571428571413
0.07199999999999994,0.0,0.07199999999999994
0.1894285714285716,0.0,0.1894285714285716
0.08199999999999993,0.0,0.08199999999999993
0.17028571428571432,0.0,0.17028571428571432
0.2682857142857144,0.0,0.2682857142857144
0.19857142857142854,0.0,0.19857142857142854
0.04885714285714288,0.0,0.04885714285714288
0.03171428571428562,0.0005714285714285719,0.03114285714285705
0.12000000000000012,0.007714285714285701,0.11228571428571442
0.14914285714285713,0.00142857142857143,0.14771428571428571
0.2574285714285717,0.006285714285714277,0.2511428571428574
0.2737142857142854,0.008285714285714299,0.2654285714285711
0.3228571428571433,0.05514285714285725,0.267714285714286
1.4891428571428607,0.7314285714285709,0.7577142857142898
37.842285714285815,20.86142857142859,16.980857142857225
118.86628571428543,62.237428571428595,56.62885714285683
134.7182857142858,67.23057142857132,67.48771428571449
134.46857142857118,68.5459999999999,65.92257142857127
133.73028571428586,67.73457142857141,65.99571428571444
134.25571428571456,68.6911428571428,65.56457142857177
135.54114285714263,63.35114285714293,72.1899999999997
123.67314285714306,59.30399999999997,64.36914285714309
43.6062857142858,22.10314285714282,21.503142857142976
1.880285714285711,0.8780000000000016,1.0022857142857096
0.12885714285714264,0.04800000000000002,0.08085714285714263
0.1131428571428571,0.016285714285714275,0.09685714285714282
0.13942857142857162,0.0005714285714285736,0.13885714285714304
0.1279999999999996,0.0,0.1279999999999996
0.11857142857142845,0.0,0.11857142857142845
0.20914285714285752,0.0,0.20914285714285752
0.07742857142857133,0.0,0.07742857142857133
0.05885714285714286,0.0,0.05885714285714286
0.032285714285714265,0.0,0.032285714285714265
0.06485714285714304,0.0,0.06485714285714304
0.07714285714285718,0.0,0.07714285714285718
0.09514285714285724,0.0,0.09514285714285724
0.2025714285714291,0.0,0.2025714285714291
0.04999999999999985,0.0,0.04999999999999985
0.00371428571428571,0.0,0.00371428571428571
0.0019999999999999983,0.0,0.0019999999999999983
0.0034285714285714297,0.0,0.0034285714285714297
0.0017142857142857144,0.0,0.0017142857142857144
0.0011428571428571432,0.0,0.0011428571428571432
0.017142857142857123,0.0,0.017142857142857123
0.066857142857143,0.0,0.066857142857143
0.06600000000000013,0.0,0.06600000000000013
0.01314285714285715,0.0,0.01314285714285715
0.0014285714285714303,0.0,0.0014285714285714303
0.012285714285714292,0.0,0.012285714285714292
0.09457142857142854,0.0,0.09457142857142854
0.09257142857142861,0.0,0.09257142857142861
0.10742857142857132,0.0,0.10742857142857132
0.21657142857142872,0.0,0.21657142857142872
0.1162857142857141,0.0,0.1162857142857141
0.22542857142857203,0.0,0.22542857142857203
0.47599999999999953,0.0,0.47599999999999953
0.3411428571428575,0.0,0.3411428571428575
0.07228571428571422,0.0,0.07228571428571422
0.07657142857142847,0.0,0.07657142857142847
0.25914285714285706,0.0,0.25914285714285706
0.31400000000000067,0.0,0.31400000000000067
0.3225714285714283,0.0020000000000000052,0.3205714285714283
0.22342857142857186,0.002000000000000005,0.22142857142857186
0.22800000000000023,0.037142857142857165,0.19085714285714306
1.0348571428571403,0.5165714285714283,0.5182857142857119
35.95628571428567,19.507142857142902,16.449142857142768
119.83599999999971,62.986571428571416,56.8494285714283
134.40714285714276,67.44142857142887,66.96571428571389
134.2917142857143,69.09371428571447,65.19799999999984
133.47857142857123,68.28228571428563,65.1962857142856
134.04914285714267,68.42228571428582,65.62685714285685
135.2777142857143,64.42257142857143,70.85514285714288
122.6791428571429,59.04228571428588,63.63685714285703
39.845714285714266,20.929428571428524,18.916285714285742
1.5888571428571445,0.9125714285714307,0.6762857142857138
0.2905714285714283,0.12285714285714285,0.16771428571428548
0.2502857142857138,0.03542857142857133,0.21485714285714247
0.16200000000000014,0.010857142857142859,0.15114285714285727
0.138857142857143,0.0,0.138857142857143
0.09371428571428575,0.0,0.09371428571428575
0.06085714285714287,0.0,0.06085714285714287
0.11828571428571423,0.0,0.11828571428571423
0.1545714285714287,0.0,0.1545714285714287
0.10771428571428562,0.0,0.10771428571428562
0.21742857142857147,0.0,0.21742857142857147
0.09285714285714286,0.0,0.09285714285714286
0.017142857142857102,0.0,0.017142857142857102
0.05228571428571445,0.0,0.05228571428571445
0.030000000000000044,0.0,0.030000000000000044
0.008285714285714283,0.0,0.008285714285714283
0.038000000000000006,0.0,0.038000000000000006
0.01171428571428572,0.0,0.01171428571428572
0.009142857142857142,0.0,0.009142857142857142
0.011428571428571436,0.0,0.011428571428571436
0.020000000000000042,0.0,0.020000000000000042
0.06457142857142864,0.0,0.06457142857142864
0.03771428571428576,0.0,0.03771428571428576
0.06657142857142861,0.0,0.06657142857142861
0.09342857142857142,0.0,0.09342857142857142
0.21,0.0,0.21
0.13800000000000004,0.0,0.13800000000000004
0.07942857142857147,0.0,0.07942857142857147
0.12085714285714279,0.0,0.12085714285714279
0.1934285714285716,0.0,0.1934285714285716
0.4682857142857145,0.0,0.4682857142857145
0.34514285714285764,0.0,0.34514285714285764
0.1714285714285715,0.0,0.1714285714285715
0.16885714285714284,0.0,0.16885714285714284
0.19200000000000003,0.0,0.19200000000000003
0.26142857142857134,0.0,0.26142857142857134
0.13628571428571404,0.0,0.13628571428571404
0.1631428571428568,0.0,0.1631428571428568
0.14142857142857132,0.012000000000000025,0.1294285714285713
0.985142857142859,0.5831428571428573,0.40200000000000163
34.31342857142849,18.57885714285719,15.7345714285713
120.458857142857,63.37257142857147,57.08628571428553
133.84800000000018,67.25400000000012,66.59400000000007
133.2720000000004,66.7000000000003,66.57200000000009
133.5568571428576,70.35457142857133,63.202285714286276
134.0014285714286,66.73742857142855,67.26400000000004
134.803714285714,64.68228571428573,70.12142857142825
120.9968571428569,55.98228571428573,65.01457142857116
36.354857142857135,17.980571428571423,18.374285714285712
0.946285714285714,0.5108571428571433,0.4354285714285706
0.14942857142857108,0.03228571428571438,0.11714285714285669
0.219142857142857,0.0031428571428571386,0.21599999999999986
0.26971428571428663,0.0008571428571428577,0.2688571428571438
0.2257142857142855,0.0,0.2257142857142855
0.3005714285714279,0.0,0.3005714285714279
0.08457142857142885,0.0,0.08457142857142885
0.040000000000000015,0.0,0.040000000000000015
0.1197142857142853,0.0,0.1197142857142853
0.1840000000000002,0.0,0.1840000000000002
0.20142857142857112,0.0,0.20142857142857112
0.030000000000000044,0.0,0.030000000000000044
0.0022857142857142863,0.0,0.0022857142857142863
0.003142857142857135,0.0,0.003142857142857135
0.0011428571428571427,0.0,0.0011428571428571427
0.01571428571428571,0.0,0.01571428571428571
0.0002857142857142857,0.0,0.0002857142857142857
0.009428571428571422,0.0,0.009428571428571422
0.08657142857142848,0.0,0.08657142857142848
0.002857142857142859,0.0,0.002857142857142859
0.07857142857142853,0.0,0.07857142857142853
0.16028571428571436,0.0,0.16028571428571436
0.05457142857142864,0.0,0.05457142857142864
0.03685714285714285,0.0,0.03685714285714285
0.02085714285714285,0.0,0.02085714285714285
0.07914285714285717,0.0,0.07914285714285717
0.1197142857142858,0.0,0.1197142857142858
0.046285714285714284,0.0,0.046285714285714284
0.14771428571428571,0.0,0.14771428571428571
0.22742857142857117,0.0,0.22742857142857117
0.23799999999999985,0.0,0.23799999999999985
0.2674285714285716,0.0,0.2674285714285716
0.11457142857142863,0.0,0.11457142857142863
0.1762857142857144,0.0,0.1762857142857144
0.30857142857142855,0.0,0.30857142857142855
0.2791428571428574,0.0,0.2791428571428574
0.11828571428571483,0.0,0.11828571428571483
0.12371428571428587,0.0,0.12371428571428587
0.1542857142857144,0.00914285714285716,0.1451428571428572
1.5151428571428573,0.8282857142857134,0.6868571428571439
38.386285714285734,21.25114285714283,17.135142857142903
121.57228571428584,64.52799999999999,57.04428571428585
134.38685714285725,67.99171428571404,66.39514285714321
133.15342857142875,67.53628571428575,65.617142857143
133.45771428571422,70.50685714285724,62.95085714285698
134.314285714286,67.31428571428579,67.00000000000021
134.71342857142872,63.85428571428553,70.8591428571432
120.89085714285713,56.50342857142849,64.38742857142864
34.957428571428565,17.355428571428565,17.601999999999997
1.0694285714285692,0.39314285714285735,0.6762857142857118
0.16200000000000006,0.03371428571428566,0.1282857142857144
0.15942857142857145,0.0,0.15942857142857145
0.25285714285714284,0.0,0.25285714285714284
0.26285714285714273,0.0,0.26285714285714273
0.24428571428571397,0.0,0.24428571428571397
0.14428571428571413,0.0,0.14428571428571413
0.168,0.0,0.168
0.09028571428571434,0.0,0.09028571428571434
0.1345714285714287,0.0,0.1345714285714287
0.07942857142857176,0.0,0.07942857142857176
0.0674285714285713,0.0,0.0674285714285713
0.004857142857142859,0.0,0.004857142857142859
0.00514285714285716,0.0,0.00514285714285716
0.00028571428571428606,0.0,0.00028571428571428606
0.00028571428571428606,0.0,0.00028571428571428606
0.0014285714285714286,0.0,0.0014285714285714286
0.004857142857142859,0.0,0.004857142857142859
0.07828571428571435,0.0,0.07828571428571435
0.0222857142857143,0.0,0.0222857142857143
0.10485714285714286,0.0,0.10485714285714286
0.13771428571428573,0.0,0.13771428571428573
0.12428571428571417,0.0,0.12428571428571417
0.01685714285714284,0.0,0.01685714285714284
0.0005714285714285713,0.0,0.0005714285714285713
0.015142857142857158,0.0,0.015142857142857158
0.049714285714285655,0.0,0.049714285714285655
0.0377142857142857,0.0,0.0377142857142857
0.045999999999999916,0.0,0.045999999999999916
0.14514285714285707,0.0,0.14514285714285707
0.13457142857142915,0.0,0.13457142857142915
0.10799999999999974,0.0,0.10799999999999974
0.06171428571428585,0.0,0.06171428571428585
0.03371428571428564,0.0,0.03371428571428564
0.2731428571428567,0.0,0.2731428571428567
0.4165714285714281,0.0,0.4165714285714281
0.18485714285714278,0.0005714285714285719,0.1842857142857142
0.11228571428571425,0.0,0.11228571428571425
0.18885714285714286,0.023428571428571455,0.16542857142857142
1.9137142857142828,0.9791428571428561,0.9345714285714267
42.75514285714277,22.399142857142863,20.35599999999991
123.46599999999987,63.623714285714435,59.84228571428543
134.14085714285704,69.3600000000002,64.78085714285685
134.22000000000008,70.47771428571461,63.74228571428547
134.0405714285713,68.84142857142866,65.19914285714263
133.66828571428607,68.73285714285724,64.93542857142883
135.10971428571398,64.78485714285719,70.32485714285679
122.61399999999973,59.76142857142849,62.85257142857125
38.78799999999996,20.829999999999988,17.957999999999974
1.4051428571428557,0.6988571428571436,0.7062857142857122
0.1817142857142855,0.014571428571428631,0.16714285714285684
0.12285714285714276,0.000571428571428572,0.12228571428571419
0.10257142857142844,0.0,0.10257142857142844
0.13571428571428581,0.0,0.13571428571428581
0.12885714285714275,0.0,0.12885714285714275
0.1082857142857141,0.0,0.1082857142857141
0.1754285714285713,0.0,0.1754285714285713
0.17342857142857132,0.0,0.17342857142857132
0.204285714285714,0.0,0.204285714285714
0.13000000000000034,0.0,0.13000000000000034
0.08228571428571459,0.0,0.08228571428571459
0.06028571428571442,0.0,0.06028571428571442
0.07828571428571446,0.0,0.07828571428571446
0.024285714285714303,0.0,0.024285714285714303
0.002571428571428581,0.0,0.002571428571428581
0.005142857142857144,0.0,0.005142857142857144
0.052571428571428575,0.0,0.052571428571428575
0.10000000000000003,0.0,0.10000000000000003
0.04457142857142858,0.0,0.04457142857142858
0.011999999999999993,0.0,0.011999999999999993
0.0020000000000000013,0.0,0.0020000000000000013
0.07028571428571427,0.0,0.07028571428571427
0.04428571428571435,0.0,0.04428571428571435
0.13028571428571414,0.0,0.13028571428571414
0.10285714285714281,0.0,0.10285714285714281
0.06914285714285728,0.0,0.06914285714285728
0.20285714285714274,0.0,0.20285714285714274
0.16942857142857168,0.0,0.16942857142857168
0.03714285714285715,0.0,0.03714285714285715
0.043714285714285726,0.0,0.043714285714285726
0.012857142857142824,0.0,0.012857142857142824
0.21114285714285655,0.0008571428571428579,0.2102857142857137
0.28028571428571464,0.0,0.28028571428571464
0.1534285714285714,0.01885714285714287,0.1345714285714285
0.22000000000000036,0.0034285714285714314,0.21657142857142891
0.1714285714285719,0.015428571428571418,0.1560000000000005
2.032285714285712,0.9542857142857103,1.0780000000000014
40.41742857142867,21.617142857142877,18.800285714285796
120.95571428571421,62.72485714285715,58.23085714285706
134.55314285714337,69.77457142857132,64.77857142857205
134.21685714285732,69.18,65.03685714285731
133.28142857142885,69.96342857142854,63.31800000000032
133.89771428571433,69.39942857142871,64.49828571428561
134.94028571428615,65.41114285714309,69.52914285714306
124.13742857142859,61.304571428571435,62.83285714285715
43.15657142857148,23.75657142857141,19.400000000000073
1.594857142857142,0.7714285714285702,0.8234285714285717
0.1748571428571426,0.014285714285714311,0.16057142857142828
0.0868571428571429,0.0022857142857142855,0.08457142857142862
0.04828571428571413,0.0,0.04828571428571413
0.06542857142857135,0.0,0.06542857142857135
0.12999999999999998,0.0,0.12999999999999998
0.16199999999999998,0.0,0.16199999999999998
0.10800000000000007,0.0,0.10800000000000007
0.04600000000000001,0.0,0.04600000000000001
0.07171428571428574,0.0,0.07171428571428574
0.12799999999999978,0.0,0.12799999999999978
0.08971428571428586,0.0,0.08971428571428586
0.2111428571428565,0.0,0.2111428571428565
0.17657142857142838,0.0,0.17657142857142838
0.04828571428571429,0.0,0.04828571428571429
0.006857142857142862,0.0,0.006857142857142862
0.0019999999999999974,0.0,0.0019999999999999974
0.012857142857142845,0.0,0.012857142857142845
0.11914285714285727,0.0,0.11914285714285727
0.010571428571428574,0.0,0.010571428571428574
0.005714285714285718,0.0,0.005714285714285718
0.07257142857142865,0.0,0.07257142857142865
0.10628571428571426,0.0,0.10628571428571426
0.11857142857142866,0.0,0.11857142857142866
0.053142857142857144,0.0,0.053142857142857144
0.08999999999999987,0.0,0.08999999999999987
0.22371428571428542,0.0,0.22371428571428542
0.15342857142857144,0.0,0.15342857142857144
0.0997142857142856,0.0,0.0997142857142856
0.11085714285714285,0.0,0.11085714285714285
0.06857142857142855,0.0,0.06857142857142855
0.10257142857142866,0.0,0.10257142857142866
0.05314285714285715,0.0,0.05314285714285715
0.13228571428571434,0.0,0.13228571428571434
0.11200000000000015,0.0,0.11200000000000015
0.1591428571428573,0.0,0.1591428571428573
0.18057142857142897,0.0017142857142857153,0.17885714285714327
0.37457142857142844,0.059714285714285754,0.31485714285714267
2.011142857142864,1.1248571428571414,0.8862857142857222
40.789999999999985,22.358571428571416,18.43142857142857
122.35971428571439,61.137142857142855,61.22257142857154
133.77685714285687,65.76828571428604,68.00857142857085
134.08714285714342,69.04428571428542,65.042857142858
133.6419999999999,69.15085714285699,64.49114285714292
133.50799999999998,68.54371428571429,64.9642857142857
134.56542857142838,66.0722857142858,68.49314285714257
120.24285714285686,60.129142857142945,60.11371428571392
36.89342857142861,19.163714285714335,17.729714285714273
1.3899999999999997,0.552857142857144,0.8371428571428556
0.39571428571428546,0.20914285714285716,0.1865714285714283
0.32857142857142896,0.0645714285714287,0.2640000000000003
0.20342857142857174,0.0011428571428571468,0.2022857142857146
0.11342857142857164,0.0,0.11342857142857164
0.14342857142857163,0.0,0.14342857142857163
0.29914285714285727,0.0,0.29914285714285727
0.20257142857142896,0.0,0.20257142857142896
0.16371428571428595,0.0,0.16371428571428595
0.18485714285714236,0.0,0.18485714285714236
0.0920000000000003,0.0,0.0920000000000003
0.009714285714285727,0.0,0.009714285714285727
0.009428571428571425,0.0,0.009428571428571425
0.08714285714285708,0.0,0.08714285714285708
0.05914285714285721,0.0,0.05914285714285721
0.01314285714285717,0.0,0.01314285714285717
0.0011428571428571427,0.0,0.0011428571428571427
0.0014285714285714297,0.0,0.0014285714285714297
0.06600000000000013,0.0,0.06600000000000013
0.043428571428571434,0.0,0.043428571428571434
0.022285714285714294,0.0,0.022285714285714294
0.03857142857142862,0.0,0.03857142857142862
0.07400000000000001,0.0,0.07400000000000001
0.1274285714285714,0.0,0.1274285714285714
0.13942857142857132,0.0,0.13942857142857132
0.16799999999999984,0.0,0.16799999999999984
0.19085714285714264,0.0,0.19085714285714264
0.1085714285714286,0.0,0.1085714285714286
0.3085714285714288,0.0,0.3085714285714288
0.2522857142857143,0.0,0.2522857142857143
0.12371428571428573,0.0,0.12371428571428573
0.12885714285714275,0.0,0.12885714285714275
0.12342857142857118,0.0,0.12342857142857118
0.17885714285714235,0.0,0.17885714285714235
0.17999999999999974,0.0,0.17999999999999974
0.16771428571428593,0.0,0.16771428571428593
0.19085714285714264,0.0008571428571428577,0.18999999999999978
0.33999999999999897,0.05428571428571423,0.28571428571428475
1.4805714285714273,0.8025714285714289,0.6779999999999984
38.81942857142848,21.668857142857153,17.15057142857133
122.338,62.67942857142852,59.65857142857148
134.07228571428558,67.64399999999995,66.42828571428564
134.41199999999952,69.99542857142853,64.41657142857099
134.15885714285747,69.90657142857144,64.25228571428603
134.27571428571414,68.50114285714267,65.77457142857148
134.8614285714288,65.82828571428571,69.0331428571431
119.57885714285712,59.31885714285725,60.25999999999987
35.01942857142842,19.07028571428574,15.949142857142682
1.140000000000001,0.654285714285712,0.48571428571428904
0.4159999999999996,0.26857142857142896,0.14742857142857063
0.29771428571428643,0.05514285714285717,0.24257142857142924
0.33085714285714296,0.001714285714285715,0.32914285714285724
0.20114285714285707,0.0,0.20114285714285707
0.14542857142857143,0.0,0.14542857142857143
0.15428571428571422,0.0,0.15428571428571422
0.0905714285714287,0.0,0.0905714285714287
0.13371428571428565,0.0,0.13371428571428565
0.15000000000000008,0.0,0.15000000000000008
0.09428571428571425,0.0,0.09428571428571425
0.009428571428571432,0.0,0.009428571428571432
0.00028571428571428606,0.0,0.00028571428571428606
0.03257142857142855,0.0,0.03257142857142855
0.015142857142857177,0.0,0.015142857142857177
0.012571428571428565,0.0,0.012571428571428565
0.007142857142857146,0.0,0.007142857142857146
0.025714285714285703,0.0,0.025714285714285703
0.0911428571428571,0.0,0.0911428571428571
0.04285714285714281,0.0,0.04285714285714281
0.017714285714285752,0.0,0.017714285714285752
0.044571428571428505,0.0,0.044571428571428505
0.047714285714285806,0.0,0.047714285714285806
0.2088571428571428,0.0,0.2088571428571428
0.366,0.0,0.366
0.07828571428571429,0.0,0.07828571428571429
0.07485714285714277,0.0,0.07485714285714277
0.18685714285714283,0.0,0.18685714285714283
0.13342857142857126,0.0,0.13342857142857126
0.14314285714285693,0.0,0.14314285714285693
0.1454285714285714,0.0,0.1454285714285714
0.25914285714285684,0.0,0.25914285714285684
0.16685714285714323,0.0,0.16685714285714323
0.1900000000000003,0.0,0.1900000000000003
0.1182857142857143,0.0,0.1182857142857143
0.13885714285714248,0.0,0.13885714285714248
0.15371428571428616,0.022285714285714322,0.13142857142857184
1.4842857142857147,0.7862857142857135,0.6980000000000012
38.55971428571428,21.250857142857118,17.30885714285716
122.04400000000021,62.95914285714298,59.08485714285723
134.2082857142856,66.11057142857159,68.09771428571403
133.55485714285706,67.03742857142848,66.51742857142858
133.860857142857,68.55885714285724,65.30199999999975
134.10285714285726,65.45914285714274,68.64371428571452
134.85228571428596,63.99485714285718,70.85742857142878
120.72771428571443,57.47685714285705,63.25085714285738
35.67200000000008,18.03457142857141,17.63742857142867
1.0937142857142916,0.5791428571428558,0.5145714285714358
0.24657142857142852,0.043999999999999935,0.2025714285714286
0.2520000000000001,0.01571428571428573,0.23628571428571438
0.1805714285714287,0.0,0.1805714285714287
0.1665714285714285,0.0,0.1665714285714285
0.3000000000000008,0.0,0.3000000000000008
0.16914285714285757,0.0,0.16914285714285757
0.07114285714285706,0.0,0.07114285714285706
0.0580000000000001,0.0,0.0580000000000001
0.1585714285714286,0.0,0.1585714285714286
0.13999999999999985,0.0,0.13999999999999985
0.007142857142857174,0.0,0.007142857142857174
0.020857142857142866,0.0,0.020857142857142866
0.043714285714285706,0.0,0.043714285714285706
0.024857142857142852,0.0,0.024857142857142852
0.09542857142857146,0.0,0.09542857142857146
0.12399999999999993,0.0,0.12399999999999993
0.03799999999999999,0.0,0.03799999999999999
0.07314285714285707,0.0,0.07314285714285707
0.03200000000000001,0.0,0.03200000000000001
0.1357142857142857,0.0,0.1357142857142857
0.269142857142857,0.0,0.269142857142857
0.06257142857142871,0.0,0.06257142857142871
0.08257142857142881,0.0,0.08257142857142881
0.2237142857142856,0.0,0.2237142857142856
0.18542857142857133,0.0,0.18542857142857133
0.17685714285714269,0.0,0.17685714285714269
0.09600000000000021,0.0,0.09600000000000021
0.1268571428571429,0.0,0.1268571428571429
0.13657142857142865,0.0,0.13657142857142865
0.19457142857142862,0.0,0.19457142857142862
0.12942857142857192,0.0,0.12942857142857192
0.11400000000000009,0.002571428571428573,0.11142857142857152
0.246,0.09857142857142845,0.14742857142857155
1.9491428571428548,1.0574285714285687,0.891714285714286
42.74571428571436,23.052285714285688,19.69342857142867
123.20400000000012,63.7445714285715,59.459428571428624
134.77657142857134,67.198,67.57857142857135
133.65771428571406,68.6594285714285,64.99828571428556
133.56228571428568,70.01114285714283,63.55114285714285
134.3320000000002,67.76771428571442,66.56428571428577
135.3025714285715,64.29685714285702,71.00571428571448
120.48428571428616,57.505714285714284,62.978571428571875
36.94714285714293,18.073428571428504,18.87371428571442
1.133142857142859,0.5197142857142858,0.6134285714285731
0.30599999999999977,0.057714285714285794,0.24828571428571397
0.27714285714285775,0.01885714285714288,0.25828571428571484
0.12085714285714282,0.0,0.12085714285714282
0.19342857142857167,0.0,0.19342857142857167
0.2840000000000003,0.0,0.2840000000000003
0.10314285714285731,0.0,0.10314285714285731
0.03371428571428575,0.0,0.03371428571428575
0.04057142857142858,0.0,0.04057142857142858
0.207428571428571,0.0,0.207428571428571
0.34457142857142875,0.0,0.34457142857142875
0.05257142857142864,0.0,0.05257142857142864
0.002857142857142867,0.0,0.002857142857142867
0.00028571428571428617,0.0,0.00028571428571428617
0.004285714285714283,0.0,0.004285714285714283
0.0362857142857143,0.0,0.0362857142857143
0.03400000000000004,0.0,0.03400000000000004
0.09857142857142855,0.0,0.09857142857142855
0.17199999999999993,0.0,0.17199999999999993
0.07457142857142857,0.0,0.07457142857142857
0.04485714285714285,0.0,0.04485714285714285
0.01571428571428568,0.0,0.01571428571428568
0.023142857142857184,0.0,0.023142857142857184
0.015999999999999993,0.0,0.015999999999999993
0.056285714285714286,0.0,0.056285714285714286
0.06828571428571427,0.0,0.06828571428571427
0.12142857142857143,0.0,0.12142857142857143
0.11371428571428585,0.0,0.11371428571428585
0.10028571428571426,0.0,0.10028571428571426
0.0614285714285717,0.0,0.0614285714285717
0.06657142857142861,0.0,0.06657142857142861
0.0959999999999998,0.0,0.0959999999999998
0.08399999999999998,0.0,0.08399999999999998
0.06714285714285725,0.0,0.06714285714285725
0.08200000000000016,0.0,0.08200000000000016
0.17000000000000046,0.013142857142857118,0.15685714285714333
2.387999999999998,1.2525714285714282,1.13542857142857
46.86457142857139,25.312285714285718,21.55228571428567
123.56399999999985,68.15571428571431,55.40828571428553
133.98714285714297,70.99371428571446,62.99342857142851
134.14428571428553,69.1511428571428,64.99314285714273
134.29057142857113,70.04942857142845,64.24114285714268
134.47085714285697,69.264,65.20685714285698
135.42742857142846,66.87514285714256,68.55228571428592
122.49142857142844,59.137142857142884,63.35428571428556
40.070285714285625,22.24171428571438,17.828571428571244
1.5662857142857103,0.9502857142857153,0.615999999999995
0.38142857142857073,0.12714285714285728,0.25428571428571345
0.34799999999999975,0.008857142857142829,0.3391428571428569
0.13971428571428535,0.0,0.13971428571428535
0.15800000000000008,0.0,0.15800000000000008
0.2528571428571436,0.0,0.2528571428571436
0.15914285714285692,0.0,0.15914285714285692
0.13171428571428548,0.0,0.13171428571428548
0.10914285714285729,0.0,0.10914285714285729
0.14657142857142869,0.0,0.14657142857142869
0.3451428571428588,0.0,0.3451428571428588
0.1519999999999999,0.0,0.1519999999999999
0.05542857142857131,0.0,0.05542857142857131
0.06028571428571443,0.0,0.06028571428571443
0.040285714285714314,0.0,0.040285714285714314
0.0028571428571428584,0.0,0.0028571428571428584
0.0005714285714285718,0.0,0.0005714285714285718
0.02342857142857144,0.0,0.02342857142857144
0.0537142857142857,0.0,0.0537142857142857
0.03114285714285718,0.0,0.03114285714285718
0.024857142857142828,0.0,0.024857142857142828
0.0648571428571429,0.0,0.0648571428571429
0.04114285714285718,0.0,0.04114285714285718
0.0631428571428571,0.0,0.0631428571428571
0.12228571428571448,0.0,0.12228571428571448
0.047428571428571424,0.0,0.047428571428571424
0.03942857142857138,0.0,0.03942857142857138
0.138,0.0,0.138
0.09657142857142868,0.0,0.09657142857142868
0.12999999999999984,0.0,0.12999999999999984
0.10771428571428569,0.0,0.10771428571428569
0.06914285714285714,0.0,0.06914285714285714
0.068857142857143,0.0,0.068857142857143
0.056285714285714286,0.0,0.056285714285714286
0.07114285714285713,0.0,0.07114285714285713
0.06914285714285737,0.0,0.06914285714285737
0.041142857142857155,0.0,0.041142857142857155
0.18342857142857139,0.0011428571428571445,0.18228571428571425
0.24285714285714305,0.018571428571428572,0.22428571428571448
2.621999999999998,1.4694285714285693,1.1525714285714288
45.73285714285707,23.753142857142866,21.979714285714206
122.84142857142848,63.49114285714302,59.35028571428546
134.20914285714238,70.19828571428569,64.0108571428567
134.5157142857143,68.20742857142864,66.30828571428566
133.89742857142886,67.40057142857138,66.49685714285748
133.756857142857,68.40542857142881,65.35142857142819
134.6808571428573,66.47914285714283,68.20171428571447
122.27971428571435,60.75371428571435,61.525999999999996
39.93085714285709,22.06228571428571,17.868571428571382
1.5157142857142851,0.8308571428571435,0.6848571428571416
0.33771428571428624,0.1508571428571425,0.18685714285714375
0.2794285714285719,0.02000000000000001,0.2594285714285719
0.15428571428571483,0.0,0.15428571428571483
0.20828571428571452,0.0,0.20828571428571452
0.25514285714285706,0.0,0.25514285714285706
0.2854285714285713,0.0,0.2854285714285713
0.24714285714285722,0.0,0.24714285714285722
0.08828571428571426,0.0,0.08828571428571426
0.13485714285714262,0.0,0.13485714285714262
0.09571428571428582,0.0,0.09571428571428582
0.04942857142857152,0.0,0.04942857142857152
0.15942857142857128,0.0,0.15942857142857128
0.1411428571428572,0.0,0.1411428571428572
0.11857142857142897,0.0,0.11857142857142897
0.021142857142857123,0.0,0.021142857142857123
0.0014285714285714286,0.0,0.0014285714285714286
0.0005714285714285713,0.0,0.0005714285714285713
0.00285714285714286,0.0,0.00285714285714286
0.0017142857142857138,0.0,0.0017142857142857138
0.014285714285714289,0.0,0.014285714285714289
0.0345714285714286,0.0,0.0345714285714286
0.09114285714285718,0.0,0.09114285714285718
0.07142857142857142,0.0,0.07142857142857142
0.08000000000000003,0.0,0.08000000000000003
0.18571428571428575,0.0,0.18571428571428575
0.17571428571428574,0.0,0.17571428571428574
0.1591428571428571,0.0,0.1591428571428571
0.06742857142857156,0.0,0.06742857142857156
0.15971428571428564,0.0,0.15971428571428564
0.05000000000000001,0.0,0.05000000000000001
0.06657142857142868,0.0,0.06657142857142868
0.1128571428571429,0.0054285714285714284,0.10742857142857147
0.171142857142857,0.008857142857142826,0.16228571428571417
0.14142857142857157,0.0008571428571428581,0.1405714285714287
0.040571428571428585,0.0,0.040571428571428585
0.09857142857142853,0.025999999999999968,0.07257142857142856
0.19285714285714287,0.07342857142857144,0.11942857142857141
2.090857142857143,1.2674285714285736,0.8234285714285696
43.168,23.179714285714265,19.988285714285734
124.17114285714295,61.53885714285718,62.63228571428577
134.6288571428569,62.77857142857134,71.85028571428556
134.74828571428577,65.56685714285715,69.18142857142861
134.5131428571431,65.76828571428564,68.74485714285747
134.04171428571436,68.17314285714288,65.86857142857149
134.30799999999974,68.63457142857158,65.67342857142816
119.90199999999987,61.54371428571424,58.358285714285635
34.76114285714289,18.82228571428571,15.938857142857186
1.3962857142857095,0.7751428571428585,0.621142857142851
0.39628571428571446,0.14571428571428555,0.2505714285714289
0.3702857142857153,0.08914285714285744,0.2811428571428578
0.279142857142857,0.015428571428571397,0.2637142857142856
0.23285714285714368,0.0,0.23285714285714368
0.1414285714285715,0.0,0.1414285714285715
0.3900000000000004,0.0,0.3900000000000004
0.2748571428571432,0.0,0.2748571428571432
0.18657142857142858,0.0,0.18657142857142858
0.21285714285714327,0.0,0.21285714285714327
0.029428571428571474,0.0,0.029428571428571474
0.033142857142857175,0.0,0.033142857142857175
0.07885714285714288,0.0,0.07885714285714288
0.06714285714285716,0.0,0.06714285714285716
0.023714285714285733,0.0,0.023714285714285733
0.011142857142857164,0.0,0.011142857142857164
0.0005714285714285713,0.0,0.0005714285714285713
0.02200000000000001,0.0,0.02200000000000001
0.01428571428571429,0.0,0.01428571428571429
0.04771428571428573,0.0,0.04771428571428573
0.004285714285714283,0.0,0.004285714285714283
0.0017142857142857144,0.0,0.0017142857142857144
0.020571428571428615,0.0,0.020571428571428615
0.03714285714285718,0.0,0.03714285714285718
0.08714285714285701,0.0,0.08714285714285701
0.2182857142857142,0.0,0.2182857142857142
0.1797142857142859,0.0,0.1797142857142859
0.27457142857142885,0.0,0.27457142857142885
0.27257142857142935,0.0,0.27257142857142935
0.35114285714285715,0.0,0.35114285714285715
0.3142857142857146,0.0,0.3142857142857146
0.11657142857142883,0.0,0.11657142857142883
0.09771428571428573,0.0,0.09771428571428573
0.11285714285714281,0.0065714285714285805,0.10628571428571423
0.14114285714285732,0.03457142857142862,0.1065714285714287
0.09657142857142872,0.006571428571428582,0.09000000000000014
0.04028571428571422,0.0,0.04028571428571422
0.13685714285714334,0.009428571428571416,0.12742857142857192
0.2745714285714292,0.031428571428571396,0.2431428571428578
1.5820000000000016,0.8762857142857139,0.7057142857142877
39.98257142857138,22.041428571428625,17.941142857142758
121.94114285714285,61.003428571428465,60.937714285714385
134.46685714285738,63.80199999999985,70.66485714285753
134.20542857142854,65.60628571428565,68.5991428571429
134.4534285714284,65.22257142857129,69.2308571428571
135.2297142857146,65.65142857142854,69.57828571428607
134.72685714285777,66.05371428571422,68.67314285714355
119.404,61.92599999999997,57.47800000000002
35.0042857142857,19.290285714285673,15.714000000000027
1.2942857142857165,0.7959999999999983,0.4982857142857182
0.3317142857142852,0.14800000000000008,0.18371428571428508
0.39628571428571385,0.07199999999999973,0.3242857142857141
0.2685714285714282,0.007142857142857188,0.261428571428571
0.28885714285714276,0.0,0.28885714285714276
0.16828571428571476,0.0,0.16828571428571476
0.13885714285714282,0.0,0.13885714285714282
0.13999999999999996,0.0,0.13999999999999996
0.09885714285714295,0.0,0.09885714285714295
0.15914285714285742,0.0,0.15914285714285742
0.0148571428571429,0.0,0.0148571428571429
0.005428571428571429,0.0,0.005428571428571429
0.025714285714285596,0.0,0.025714285714285596
0.007142857142857166,0.0,0.007142857142857166
0.005142857142857144,0.0,0.005142857142857144
0.07085714285714283,0.0,0.07085714285714283
0.03857142857142858,0.0,0.03857142857142858
0.011428571428571436,0.0,0.011428571428571436
0.026,0.0,0.026
0.012857142857142845,0.0,0.012857142857142845
0.048,0.0,0.048
0.07571428571428582,0.0,0.07571428571428582
0.04799999999999999,0.0,0.04799999999999999
0.09685714285714285,0.0,0.09685714285714285
0.3302857142857143,0.0,0.3302857142857143
0.17371428571428557,0.0,0.17371428571428557
0.13942857142857104,0.0,0.13942857142857104
0.21485714285714264,0.0,0.21485714285714264
0.28457142857142853,0.0,0.28457142857142853
0.20171428571428526,0.0,0.20171428571428526
0.216,0.0,0.216
0.1279999999999998,0.0011428571428571447,0.12685714285714267
0.026000000000000023,0.003428571428571432,0.022571428571428593
0.09600000000000002,0.0008571428571428579,0.09514285714285717
0.12142857142857155,0.0,0.12142857142857155
0.17428571428571427,0.000571428571428572,0.1737142857142857
0.17314285714285743,0.03771428571428567,0.13542857142857176
1.2708571428571438,0.7168571428571415,0.5540000000000023
38.16114285714285,21.235999999999997,16.925142857142852
121.45657142857165,61.582571428571434,59.874000000000215
134.0017142857144,65.04399999999997,68.95771428571443
134.04228571428555,64.74942857142848,69.29285714285707
133.9717142857142,66.20542857142846,67.76628571428574
134.76199999999963,63.94257142857136,70.81942857142828
135.34571428571485,64.57457142857135,70.7711428571435
120.11657142857148,57.417142857142935,62.69942857142854
35.109714285714276,17.903999999999964,17.20571428571431
1.2417142857142869,0.7394285714285715,0.5022857142857153
0.21514285714285764,0.058857142857142795,0.15628571428571483
0.23714285714285718,0.026571428571428586,0.2105714285714286
0.17485714285714288,0.0005714285714285719,0.17428571428571432
0.1202857142857139,0.0,0.1202857142857139
0.1448571428571424,0.0,0.1448571428571424
0.12114285714285726,0.0,0.12114285714285726
0.08199999999999995,0.0,0.08199999999999995
0.09228571428571425,0.0,0.09228571428571425
0.16971428571428565,0.0,0.16971428571428565
0.09485714285714296,0.0,0.09485714285714296
0.0022857142857142985,0.0,0.0022857142857142985
0.0008571428571428577,0.0,0.0008571428571428577
0.023999999999999994,0.0,0.023999999999999994
0.019714285714285712,0.0,0.019714285714285712
0.058285714285714385,0.0,0.058285714285714385
0.08628571428571429,0.0,0.08628571428571429
0.05885714285714287,0.0,0.05885714285714287
0.08542857142857131,0.0,0.08542857142857131
0.10857142857142853,0.0,0.10857142857142853
0.012000000000000002,0.0,0.012000000000000002
0.024857142857142824,0.0,0.024857142857142824
0.24028571428571405,0.0,0.24028571428571405
0.1442857142857142,0.0,0.1442857142857142
0.14971428571428574,0.0,0.14971428571428574
0.1599999999999999,0.0,0.1599999999999999
0.20542857142857107,0.0,0.20542857142857107
0.22085714285714278,0.0,0.22085714285714278
0.1722857142857139,0.0,0.1722857142857139
0.11428571428571414,0.0,0.11428571428571414
0.04114285714285716,0.0,0.04114285714285716
0.09457142857142854,0.0,0.09457142857142854
0.0785714285714286,0.0,0.0785714285714286
0.16885714285714296,0.001428571428571433,0.1674285714285715
0.23142857142857107,0.07828571428571449,0.15314285714285658
1.4788571428571453,0.8345714285714287,0.6442857142857166
41.98971428571424,21.627714285714283,20.36199999999996
123.78171428571417,60.55571428571422,63.22599999999996
134.527714285714,66.55571428571467,67.97199999999935
134.5342857142855,67.74342857142857,66.79085714285692
133.66114285714292,71.85257142857127,61.80857142857166
134.23599999999988,67.83685714285723,66.39914285714265
134.6099999999998,63.83285714285702,70.77714285714276
119.42314285714271,58.092571428571496,61.33057142857122
36.21142857142863,18.881142857142816,17.33028571428581
1.2682857142857151,0.5940000000000011,0.6742857142857139
0.2688571428571431,0.10828571428571426,0.16057142857142886
0.2445714285714291,0.08714285714285717,0.15742857142857195
0.09228571428571451,0.005714285714285717,0.0865714285714288
0.10200000000000004,0.0,0.10200000000000004
0.057428571428571544,0.0,0.057428571428571544
0.09457142857142888,0.0,0.09457142857142888
0.11628571428571434,0.0,0.11628571428571434
0.07857142857142858,0.0,0.07857142857142858
0.11514285714285699,0.0,0.11514285714285699
0.13885714285714312,0.0,0.13885714285714312
0.004000000000000013,0.0,0.004000000000000013
0.014571428571428638,0.0,0.014571428571428638
0.004285714285714278,0.0,0.004285714285714278
0.002285714285714285,0.0,0.002285714285714285
0.005999999999999997,0.0,0.005999999999999997
0.025142857142857106,0.0,0.025142857142857106
0.04942857142857138,0.0,0.04942857142857138
0.10171428571428578,0.0,0.10171428571428578
0.05800000000000004,0.0,0.05800000000000004
0.14085714285714288,0.0,0.14085714285714288
0.03685714285714287,0.0,0.03685714285714287
0.02514285714285713,0.0,0.02514285714285713
0.10314285714285702,0.0,0.10314285714285702
0.1302857142857142,0.0,0.1302857142857142
0.10714285714285711,0.0,0.10714285714285711
0.05714285714285709,0.0,0.05714285714285709
0.07114285714285709,0.0,0.07114285714285709
0.1762857142857142,0.0,0.1762857142857142
0.16171428571428545,0.0,0.16171428571428545
0.12514285714285733,0.0,0.12514285714285733
0.031428571428571424,0.0,0.031428571428571424
0.009714285714285715,0.0,0.009714285714285715
0.05142857142857133,0.0,0.05142857142857133
0.1259999999999999,0.004857142857142859,0.12114285714285704
0.18400000000000008,0.012857142857142847,0.17114285714285724
1.690857142857141,0.7994285714285706,0.8914285714285705
44.5245714285715,23.57599999999998,20.94857142857152
124.52199999999985,64.24657142857133,60.27542857142852
133.79914285714312,67.26314285714308,66.53600000000004
134.28799999999995,68.42571428571421,65.86228571428575
134.04228571428607,68.21371428571425,65.82857142857182
134.08800000000014,68.00228571428588,66.08571428571426
134.75285714285695,65.24971428571429,69.50314285714266
121.5322857142856,59.376571428571516,62.1557142857141
38.372857142857136,21.002285714285748,17.370571428571388
1.3988571428571426,0.8751428571428557,0.5237142857142869
0.4022857142857151,0.16085714285714295,0.24142857142857216
0.419428571428572,0.012000000000000009,0.407428571428572
0.4034285714285725,0.0,0.4034285714285725
0.17457142857142868,0.0,0.17457142857142868
0.10971428571428554,0.0,0.10971428571428554
0.08999999999999997,0.0,0.08999999999999997
0.1297142857142858,0.0,0.1297142857142858
0.025428571428571363,0.0,0.025428571428571363
0.017714285714285693,0.0,0.017714285714285693
0.0474285714285715,0.0,0.0474285714285715
0.024000000000000004,0.0,0.024000000000000004
0.10571428571428598,0.0,0.10571428571428598
0.08257142857142857,0.0,0.08257142857142857
0.027428571428571448,0.0,0.027428571428571448
0.005714285714285717,0.0,0.005714285714285717
0.0002857142857142859,0.0,0.0002857142857142859
0.0011428571428571427,0.0,0.0011428571428571427
0.003999999999999997,0.0,0.003999999999999997
0.0019999999999999983,0.0,0.0019999999999999983
0.036857142857142866,0.0,0.036857142857142866
0.06,0.0,0.06
0.026571428571428628,0.0,0.026571428571428628
0.1379999999999997,0.0,0.1379999999999997
0.10200000000000004,0.0,0.10200000000000004
0.06371428571428579,0.0,0.06371428571428579
0.03485714285714288,0.0,0.03485714285714288
0.13000000000000012,0.0,0.13000000000000012
0.1374285714285714,0.0,0.1374285714285714
0.0491428571428572,0.0,0.0491428571428572
0.06600000000000013,0.0,0.06600000000000013
0.09857142857142857,0.0,0.09857142857142857
0.09800000000000017,0.0,0.09800000000000017
0.14599999999999996,0.0,0.14599999999999996
0.14657142857142855,0.000857142857142858,0.14571428571428569
0.10485714285714287,0.0,0.10485714285714287
0.044571428571428734,0.0,0.044571428571428734
0.17314285714285665,0.02085714285714288,0.15228571428571377
0.278285714285714,0.09371428571428575,0.18457142857142828
2.2520000000000002,1.3094285714285714,0.9425714285714287
45.65199999999992,24.627714285714298,21.024285714285625
124.29257142857145,63.45057142857142,60.84200000000003
135.51228571428547,64.89971428571447,70.612571428571
134.8985714285717,63.8245714285714,71.07400000000031
134.58457142857188,65.26171428571435,69.32285714285753
134.5914285714287,67.16742857142854,67.42400000000015
134.74485714285763,67.16171428571445,67.58314285714317
121.532857142857,61.29685714285706,60.23599999999994
36.82742857142856,19.39599999999998,17.431428571428583
1.599428571428572,0.9565714285714303,0.6428571428571418
0.5108571428571419,0.22285714285714303,0.28799999999999887
0.40142857142857197,0.026857142857142878,0.3745714285714291
0.2994285714285711,0.0034285714285714314,0.29599999999999965
0.20257142857142968,0.0,0.20257142857142968
0.13257142857142865,0.0,0.13257142857142865
0.24199999999999994,0.0,0.24199999999999994
0.14828571428571422,0.0,0.14828571428571422
0.111142857142857,0.0,0.111142857142857
0.06514285714285703,0.0,0.06514285714285703
0.06257142857142861,0.0,0.06257142857142861
0.07914285714285696,0.0,0.07914285714285696
0.12171428571428579,0.0,0.12171428571428579
0.1979999999999994,0.0,0.1979999999999994
0.05942857142857138,0.0,0.05942857142857138
0.016571428571428595,0.0,0.016571428571428595
0.006857142857142858,0.0,0.006857142857142858
0.024285714285714282,0.0,0.024285714285714282
0.004857142857142852,0.0,0.004857142857142852
0.0017142857142857138,0.0,0.0017142857142857138
0.0014285714285714297,0.0,0.0014285714285714297
0.005142857142857142,0.0,0.005142857142857142
0.024285714285714282,0.0,0.024285714285714282
0.054000000000000006,0.0,0.054000000000000006
0.14485714285714302,0.0,0.14485714285714302
0.08057142857142857,0.0,0.08057142857142857
0.1757142857142855,0.0,0.1757142857142855
0.1034285714285714,0.0,0.1034285714285714
0.06914285714285719,0.0,0.06914285714285719
0.08085714285714271,0.0,0.08085714285714271
0.051714285714285706,0.0,0.051714285714285706
0.01599999999999999,0.0,0.01599999999999999
0.02657142857142861,0.0,0.02657142857142861
0.03428571428571425,0.017428571428571373,0.01685714285714288
0.14542857142857124,0.1108571428571427,0.03457142857142854
0.17714285714285752,0.10142857142857117,0.07571428571428634
0.10685714285714265,0.04485714285714293,0.06199999999999972
0.3457142857142858,0.07028571428571416,0.27542857142857163
0.4682857142857146,0.26771428571428585,0.20057142857142873
1.7808571428571416,0.9494285714285704,0.8314285714285712
42.34457142857153,23.172571428571427,19.1720000000001
122.52485714285703,62.48228571428566,60.04257142857137
134.86571428571375,65.237142857143,69.62857142857075
134.3962857142852,69.03171428571395,65.36457142857125
134.3245714285716,68.25199999999992,66.07257142857168
133.97200000000052,67.90257142857114,66.06942857142938
134.9497142857142,68.04685714285709,66.90285714285712
121.64400000000009,63.745714285714136,57.898285714285954
38.55971428571431,20.49371428571426,18.06600000000005
1.4440000000000008,0.8228571428571454,0.6211428571428554
0.3282857142857142,0.17400000000000038,0.1542857142857138
0.29771428571428676,0.13600000000000015,0.16171428571428662
0.37085714285714183,0.0642857142857146,0.3065714285714272
0.24542857142857058,0.0014285714285714292,0.24399999999999916
0.14971428571428555,0.0,0.14971428571428555
0.3177142857142853,0.0,0.3177142857142853
0.3842857142857151,0.0,0.3842857142857151
0.14914285714285727,0.0,0.14914285714285727
0.08457142857142864,0.0,0.08457142857142864
0.03000000000000006,0.0,0.03000000000000006
0.03457142857142857,0.0,0.03457142857142857
0.024285714285714313,0.0,0.024285714285714313
0.031714285714285646,0.0,0.031714285714285646
0.02571428571428563,0.0,0.02571428571428563
0.0014285714285714284,0.0,0.0014285714285714284
0.0002857142857142858,0.0,0.0002857142857142858
0.0008571428571428572,0.0,0.0008571428571428572
0.02342857142857144,0.0,0.02342857142857144
0.05600000000000002,0.0,0.05600000000000002
0.04371428571428572,0.0,0.04371428571428572
0.04314285714285715,0.0,0.04314285714285715
0.00342857142857143,0.0,0.00342857142857143
0.0077142857142857135,0.0,0.0077142857142857135
0.03599999999999999,0.0,0.03599999999999999
0.2137142857142857,0.0,0.2137142857142857
0.1477142857142858,0.0,0.1477142857142858
0.26257142857142873,0.0,0.26257142857142873
0.18342857142857144,0.0,0.18342857142857144
0.1482857142857145,0.0,0.1482857142857145
0.1957142857142855,0.0,0.1957142857142855
0.0428571428571429,0.0,0.0428571428571429
0.022000000000000006,0.0,0.022000000000000006
0.04600000000000001,0.0,0.04600000000000001
0.046857142857142854,0.014000000000000014,0.03285714285714284
0.10285714285714286,0.06371428571428589,0.039142857142856965
0.1528571428571431,0.05257142857142867,0.10028571428571444
0.0848571428571428,0.015142857142857106,0.06971428571428569
0.25314285714285817,0.08199999999999993,0.17114285714285823
0.5828571428571434,0.2780000000000004,0.304857142857143
1.4777142857142835,0.7105714285714299,0.7671428571428538
38.72485714285713,20.782000000000014,17.942857142857118
121.24971428571425,63.64828571428553,57.60142857142872
134.74485714285697,64.43371428571444,70.31114285714253
134.3745714285717,67.02571428571429,67.34885714285741
133.97485714285713,67.59142857142872,66.38342857142841
134.9688571428575,65.66685714285737,69.30200000000012
134.780571428571,66.3977142857144,68.3828571428566
120.34571428571437,61.84714285714276,58.49857142857161
36.661142857142806,20.050857142857147,16.61028571428566
1.2348571428571435,0.7651428571428578,0.4697142857142857
0.3439999999999996,0.13971428571428543,0.20428571428571418
0.42942857142857044,0.24057142857142785,0.18885714285714258
0.3397142857142859,0.08942857142857127,0.2502857142857146
0.2354285714285718,0.004285714285714289,0.2311428571428575
0.18257142857142833,0.0,0.18257142857142833
0.21685714285714217,0.0,0.21685714285714217
0.16485714285714284,0.0,0.16485714285714284
0.12142857142857144,0.0,0.12142857142857144
0.08457142857142869,0.0,0.08457142857142869
0.01314285714285718,0.0,0.01314285714285718
0.004857142857142861,0.0,0.004857142857142861
0.005714285714285713,0.0,0.005714285714285713
0.02228571428571432,0.0,0.02228571428571432
0.039142857142857174,0.0,0.039142857142857174
0.007142857142857166,0.0,0.007142857142857166
0.00457142857142857,0.0,0.00457142857142857
0.0048571428571428585,0.0,0.0048571428571428585
0.06542857142857135,0.0,0.06542857142857135
0.05714285714285713,0.0,0.05714285714285713
0.03628571428571429,0.0,0.03628571428571429
0.02285714285714288,0.0,0.02285714285714288
0.01285714285714285,0.0,0.01285714285714285
0.01657142857142857,0.0,0.01657142857142857
0.04828571428571429,0.0,0.04828571428571429
0.22285714285714278,0.0,0.22285714285714278
0.12628571428571422,0.0,0.12628571428571422
0.23342857142857135,0.0,0.23342857142857135
0.22714285714285745,0.0,0.22714285714285745
0.20714285714285735,0.0,0.20714285714285735
0.24714285714285708,0.0,0.24714285714285708
0.11971428571428569,0.0,0.11971428571428569
0.05485714285714275,0.0,0.05485714285714275
0.08342857142857138,0.0,0.08342857142857138
0.04714285714285716,0.00028571428571428617,0.046857142857142875
0.02828571428571426,0.0,0.02828571428571426
0.08428571428571426,0.006571428571428579,0.07771428571428568
0.11571428571428553,0.005142857142857159,0.11057142857142838
0.16399999999999992,0.0017142857142857157,0.1622857142857142
0.18542857142857097,0.049142857142857224,0.13628571428571373
1.2485714285714293,0.7414285714285705,0.5071428571428588
36.745142857142845,20.239142857142877,16.50599999999997
120.2377142857143,59.223428571428514,61.0142857142858
134.43085714285715,63.57314285714289,70.85771428571427
134.13200000000018,63.67742857142856,70.45457142857161
133.94114285714312,67.43628571428572,66.5048571428574
134.63342857142828,63.217142857142896,71.4162857142854
135.15057142857134,63.470857142857156,71.67971428571418
119.20999999999992,59.166285714285706,60.04371428571422
35.65599999999996,18.991714285714277,16.664285714285686
1.2034285714285693,0.7000000000000008,0.5034285714285684
0.23314285714285715,0.050857142857142906,0.18228571428571425
0.23657142857142913,0.04742857142857153,0.18914285714285758
0.2891428571428565,0.018285714285714294,0.2708571428571422
0.14114285714285732,0.0,0.14114285714285732
0.12171428571428579,0.0,0.12171428571428579
0.20542857142857107,0.0,0.20542857142857107
0.16142857142857178,0.0,0.16142857142857178
0.1634285714285711,0.0,0.1634285714285711
0.032571428571428536,0.0,0.032571428571428536
0.038571428571428666,0.0,0.038571428571428666
0.006285714285714276,0.0,0.006285714285714276
0.01771428571428565,0.0,0.01771428571428565
0.0008571428571428577,0.0,0.0008571428571428577
0.0002857142857142858,0.0,0.0002857142857142858
0.0014285714285714286,0.0,0.0014285714285714286
0.009142857142857142,0.0,0.009142857142857142
0.00657142857142858,0.0,0.00657142857142858
0.08600000000000001,0.0,0.08600000000000001
0.03685714285714285,0.0,0.03685714285714285
0.0385714285714286,0.0,0.0385714285714286
0.04142857142857143,0.0,0.04142857142857143
0.016285714285714275,0.0,0.016285714285714275
0.023142857142857146,0.0,0.023142857142857146
0.024000000000000028,0.0,0.024000000000000028
0.11200000000000013,0.0,0.11200000000000013
0.20571428571428602,0.0,0.20571428571428602
0.2139999999999999,0.0,0.2139999999999999
0.20285714285714312,0.0,0.20285714285714312
0.10257142857142855,0.0,0.10257142857142855
0.02828571428571433,0.0,0.02828571428571433
0.15228571428571422,0.0,0.15228571428571422
0.04085714285714281,0.0,0.04085714285714281
0.02914285714285717,0.0,0.02914285714285717
0.1405714285714285,0.0,0.1405714285714285
0.198857142857143,0.0,0.198857142857143
0.09628571428571409,0.0,0.09628571428571409
0.05285714285714287,0.009428571428571451,0.04342857142857142
1.1417142857142895,0.6340000000000008,0.5077142857142887
37.75857142857142,20.835714285714314,16.922857142857108
121.38657142857141,59.024000000000036,62.36257142857138
134.6968571428572,65.17457142857135,69.52228571428583
134.90285714285747,66.34571428571442,68.55714285714303
133.95942857142822,67.49685714285702,66.4625714285712
134.94171428571423,63.52457142857138,71.41714285714286
134.6934285714283,63.00828571428572,71.6851428571426
120.19314285714283,60.67342857142855,59.51971428571428
35.437428571428526,19.834285714285702,15.603142857142824
1.1334285714285706,0.5971428571428566,0.5362857142857139
0.20314285714285743,0.11999999999999993,0.0831428571428575
0.24714285714285708,0.02800000000000003,0.21914285714285706
0.28342857142857136,0.0005714285714285719,0.28285714285714275
0.21342857142857122,0.0,0.21342857142857122
0.21085714285714335,0.0,0.21085714285714335
0.31457142857142883,0.0,0.31457142857142883
0.22228571428571428,0.0,0.22228571428571428
0.07885714285714285,0.0,0.07885714285714285
0.04485714285714289,0.0,0.04485714285714289
0.053428571428571436,0.0,0.053428571428571436
0.041714285714285856,0.0,0.041714285714285856
0.08285714285714263,0.0,0.08285714285714263
0.010571428571428567,0.0,0.010571428571428567
0.004285714285714278,0.0,0.004285714285714278
0.09028571428571451,0.0,0.09028571428571451
0.029714285714285762,0.0,0.029714285714285762
0.03142857142857139,0.0,0.03142857142857139
0.033142857142857175,0.0,0.033142857142857175
0.07657142857142857,0.0,0.07657142857142857
0.020857142857142852,0.0,0.020857142857142852
0.061428571428571506,0.0,0.061428571428571506
0.09400000000000007,0.0,0.09400000000000007
0.12457142857142856,0.0,0.12457142857142856
0.10285714285714281,0.0,0.10285714285714281
0.022857142857142868,0.0,0.022857142857142868
0.028857142857142866,0.0,0.028857142857142866
0.060857142857142804,0.0,0.060857142857142804
0.1765714285714287,0.0,0.1765714285714287
0.06571428571428584,0.0,0.06571428571428584
0.029428571428571394,0.006857142857142863,0.02257142857142853
0.045714285714285645,0.0014285714285714292,0.04428571428571421
0.07200000000000001,0.0,0.07200000000000001
0.15800000000000047,0.0,0.15800000000000047
0.22285714285714295,0.003714285714285715,0.21914285714285725
1.3605714285714325,0.686285714285715,0.6742857142857175
38.788571428571274,20.921714285714298,17.866857142856976
122.3214285714284,61.19428571428578,61.127142857142616
134.35399999999942,66.23542857142853,68.11857142857087
134.10657142857147,68.89971428571441,65.20685714285706
133.61285714285756,69.53142857142865,64.08142857142892
134.33285714285708,67.04542857142866,67.28742857142842
134.8362857142855,63.44857142857142,71.38771428571408
122.58400000000015,60.790571428571404,61.79342857142874
39.6508571428572,21.49399999999997,18.156857142857227
1.5282857142857154,0.87,0.6582857142857154
0.35714285714285754,0.12742857142857159,0.22971428571428595
0.3040000000000005,0.003428571428571435,0.30057142857142904
0.3105714285714284,0.00028571428571428666,0.3102857142857141
0.18085714285714327,0.0,0.18085714285714327
0.31542857142857106,0.0,0.31542857142857106
0.29057142857142826,0.0,0.29057142857142826
0.2237142857142856,0.0,0.2237142857142856
0.04628571428571438,0.0,0.04628571428571438
0.026857142857142854,0.0,0.026857142857142854
0.012857142857142824,0.0,0.012857142857142824
0.033428571428571446,0.0,0.033428571428571446
0.06657142857142882,0.0,0.06657142857142882
0.023714285714285716,0.0,0.023714285714285716
0.011428571428571434,0.0,0.011428571428571434
0.000857142857142858,0.0,0.000857142857142858
0.0017142857142857138,0.0,0.0017142857142857138
0.012857142857142852,0.0,0.012857142857142852
0.03057142857142862,0.0,0.03057142857142862
0.029142857142857255,0.0,0.029142857142857255
0.12285714285714283,0.0,0.12285714285714283
0.1485714285714287,0.0,0.1485714285714287
0.13114285714285737,0.0,0.13114285714285737
0.06771428571428575,0.0,0.06771428571428575
0.08971428571428579,0.0,0.08971428571428579
0.08228571428571431,0.0,0.08228571428571431
0.034285714285714204,0.0,0.034285714285714204
0.038285714285714256,0.0,0.038285714285714256
0.11228571428571435,0.0,0.11228571428571435
0.10885714285714301,0.0,0.10885714285714301
0.02600000000000001,0.000857142857142858,0.02514285714285715
0.08714285714285713,0.050571428571428614,0.03657142857142852
0.05771428571428574,0.03200000000000008,0.025714285714285665
0.05428571428571429,0.009428571428571437,0.04485714285714286
0.26085714285714307,0.011428571428571442,0.2494285714285716
0.22257142857142875,0.018857142857142847,0.2037142857142859
1.5468571428571398,0.8442857142857161,0.7025714285714237
40.63657142857139,22.686571428571398,17.949999999999996
122.63285714285738,63.01171428571413,59.62114285714325
134.8031428571423,65.5742857142855,69.2288571428568
134.32714285714343,67.40571428571425,66.92142857142917
134.51542857142857,69.27914285714266,65.23628571428591
133.7642857142853,67.41571428571432,66.34857142857099
134.1879999999998,66.74171428571448,67.44628571428531
121.28057142857142,61.97742857142854,59.30314285714288
40.36571428571421,21.345142857142847,19.020571428571365
1.7048571428571406,0.9885714285714293,0.7162857142857113
0.31714285714285584,0.1868571428571429,0.13028571428571295
0.21600000000000014,0.0337142857142857,0.18228571428571444
0.32657142857142846,0.03428571428571431,0.29228571428571415
0.22657142857142876,0.0005714285714285735,0.2260000000000002
0.14057142857142835,0.0,0.14057142857142835
0.17542857142857163,0.0,0.17542857142857163
0.22285714285714325,0.0,0.22285714285714325
0.12742857142857125,0.0,0.12742857142857125
0.03314285714285721,0.0,0.03314285714285721
0.02057142857142864,0.0,0.02057142857142864
0.04628571428571434,0.0,0.04628571428571434
0.03685714285714289,0.0,0.03685714285714289
0.07057142857142867,0.0,0.07057142857142867
0.03371428571428561,0.0,0.03371428571428561
0.000857142857142858,0.0,0.000857142857142858
